date,forecast_var,fold,actual_var,target,log_forecast
2017-01-03,4.4467587212476045e-05,Fold1_2017,5.80823031976556e-05,-9.753649532626978,-10.020750011435396
2017-01-04,3.943183418645223e-05,Fold1_2017,3.518221746471543e-05,-10.254969788670985,-10.14093709362045
2017-01-05,3.561926295327527e-05,Fold1_2017,6.316253853864819e-07,-14.274969363183752,-10.24262397225184
2017-01-06,3.3139327188601376e-05,Fold1_2017,1.2754658043141065e-05,-11.269614016362102,-10.314789848266052
2017-01-09,3.0840804881168255e-05,Fold1_2017,1.0931632734675871e-05,-11.423849885900418,-10.386671910998546
2017-01-10,3.332447404952209e-05,Fold1_2017,0.0,,-10.309218474483998
2017-01-11,3.0985706936984316e-05,Fold1_2017,7.964006148940285e-06,-11.740578399670673,-10.381984526351886
2017-01-12,2.917282164277259e-05,Fold1_2017,6.314686544569022e-06,-11.972632440041577,-10.442273047779835
2017-01-13,3.0396509997919098e-05,Fold1_2017,5.25693212913637e-06,-12.155962946779761,-10.401182758842463
2017-01-17,2.8692692453944247e-05,Fold1_2017,1.2460251208232585e-05,-11.292966883633836,-10.458868085948918
2017-01-18,3.2169925235533734e-05,Fold1_2017,4.874374040602926e-06,-12.231518863686302,-10.344478540759132
2017-01-19,3.0004133432998252e-05,Fold1_2017,1.3776040375585367e-05,-11.192579679418984,-10.414175404693122
2017-01-20,3.357738896584026e-05,Fold1_2017,1.3450503713838887e-05,-11.21649400177465,-10.301657664971113
2017-01-23,3.106260724796392e-05,Fold1_2017,6.79033775033717e-06,-11.90000987531308,-10.379505801462637
2017-01-24,3.19051433440704e-05,Fold1_2017,4.084788656595068e-05,-10.105655474448275,-10.352743327813737
2017-01-25,2.9840787597686134e-05,Fold1_2017,7.427556952725e-05,-9.507728468826084,-10.419634388952696
2017-01-26,2.836375370771283e-05,Fold1_2017,1.0939441297024488e-06,-13.725720925010409,-10.470398505830818
2017-01-27,2.7740150137688586e-05,Fold1_2017,2.4679447436943564e-06,-12.912124841274546,-10.492629730774695
2017-01-30,2.780444110025764e-05,Fold1_2017,3.869966389662089e-05,-10.159679642808088,-10.490314798218815
2017-01-31,4.03052876121146e-05,Fold1_2017,7.75793504335468e-09,-18.674549640823358,-10.11902789136248
2017-02-01,3.613477934403271e-05,Fold1_2017,1.5643497515992263e-07,-15.670625407493628,-10.228254739681274
2017-02-02,3.294437513962065e-05,Fold1_2017,4.339473472678826e-07,-14.650342629865088,-10.320690020552664
2017-02-03,3.053113746842764e-05,Fold1_2017,4.718842768006539e-05,-9.96136187170318,-10.396763494511342
2017-02-06,2.8778581010802852e-05,Fold1_2017,3.202331987110345e-06,-12.651631267593022,-10.455879162418176
2017-02-07,2.8830452641256366e-05,Fold1_2017,1.9430470030676598e-09,-20.05900847586704,-10.45407834608146
2017-02-08,2.7419791038799056e-05,Fold1_2017,1.7139060309155893e-06,-13.276735563728247,-10.50424550461775
2017-02-09,2.6294874710217902e-05,Fold1_2017,3.499296577784209e-05,-10.26036349444954,-10.546136515710211
2017-02-10,2.551352650744968e-05,Fold1_2017,1.550780921538184e-05,-11.074166840566717,-10.5763017951669
2017-02-13,2.4859805242064854e-05,Fold1_2017,2.9462401386696795e-05,-10.432395636786225,-10.60225830610126
2017-02-14,2.4397991258591774e-05,Fold1_2017,1.590072461255932e-05,-11.049145876659573,-10.621009754521596
2017-02-15,2.3994288134794755e-05,Fold1_2017,2.7108557367178228e-05,-10.515661109916898,-10.637694750325037
2017-02-16,2.3716496758181442e-05,Fold1_2017,7.253562288596741e-07,-14.136602952613421,-10.64933968621854
2017-02-17,2.3911574132093455e-05,Fold1_2017,2.480830949212442e-06,-12.906916993741198,-10.641147942939934
2017-02-21,2.3529038259041346e-05,Fold1_2017,3.525616367421923e-05,-10.252870187985307,-10.657275229029244
2017-02-22,2.334440701081388e-05,Fold1_2017,7.897092734101099e-07,-14.051600967558665,-10.66515313098569
2017-02-23,2.361627113497274e-05,Fold1_2017,4.583198870940884e-07,-14.595698453193457,-10.653574628625806
2017-02-24,2.324811561031769e-05,Fold1_2017,1.6081022735322827e-06,-13.34045578628712,-10.669286478234152
2017-02-27,2.2939404910904053e-05,Fold1_2017,2.4384756974621114e-06,-12.92413742802923,-10.682654387710945
2017-02-28,2.2673599448294444e-05,Fold1_2017,7.304095046516525e-06,-11.827075401815895,-10.694309330208313
2017-03-01,2.5561108723544773e-05,Fold1_2017,0.00019322324417475037,-8.55166433195919,-10.574438552105223
2017-03-02,2.534005022827847e-05,Fold1_2017,3.991118233242772e-05,-10.128854014375573,-10.583124400899667
2017-03-03,3.902385092819198e-05,Fold1_2017,3.957537058166688e-07,-14.742473774194593,-10.151337536501286
2017-03-06,3.494359074795158e-05,Fold1_2017,8.892126275822007e-06,-11.630344360903553,-10.261775489564732
2017-03-07,3.5532984831307926e-05,Fold1_2017,8.948073119577145e-06,-11.624072342758565,-10.245049142698043
2017-03-08,3.598202356251738e-05,Fold1_2017,3.45334356724418e-06,-12.57616764631774,-10.232491089708269
2017-03-09,3.4300580817508096e-05,Fold1_2017,1.6060937039438483e-06,-13.341705597974995,-10.280348270480703
2017-03-10,3.141476557630737e-05,Fold1_2017,1.2236653614225253e-05,-11.311074715790628,-10.368232534295176
2017-03-13,2.9238451064213534e-05,Fold1_2017,2.54686651274978e-07,-15.183231865934046,-10.440025897665937
2017-03-14,2.755509457419585e-05,Fold1_2017,1.4698929370731649e-05,-11.127735898754974,-10.499323118437692
2017-03-15,3.190733082352335e-05,Fold1_2017,7.424151177221423e-05,-9.508187106382582,-10.352674768194873
2017-03-16,2.9689174288973434e-05,Fold1_2017,3.87653492119354e-06,-12.460568864894196,-10.424728080657408
2017-03-17,2.967691171404383e-05,Fold1_2017,3.0894528289850157e-06,-12.687516560733156,-10.425141197840285
2017-03-20,2.934913158998299e-05,Fold1_2017,1.2047792832644412e-06,-13.629214175214257,-10.43624760020344
2017-03-21,2.8322932758347456e-05,Fold1_2017,0.00016699141671504302,-8.697568143784295,-10.471838736649246
2017-03-22,8.216640336442349e-05,Fold1_2017,5.5243586718003814e-06,-12.106343394800165,-9.406764057644548
2017-03-23,6.736799030979151e-05,Fold1_2017,1.139889896409578e-06,-13.684578882319082,-9.605340574076525
2017-03-24,5.707774160859809e-05,Fold1_2017,5.283860882094081e-07,-14.453438592787512,-9.77109633150981
2017-03-27,4.911008792052112e-05,Fold1_2017,1.053681332294263e-06,-13.763220494836233,-9.921446087637364
2017-03-28,4.333862121148679e-05,Fold1_2017,5.256894740677336e-05,-9.853384966031237,-10.04646637566422
2017-03-29,3.838146952248607e-05,Fold1_2017,8.72893823492355e-07,-13.951451911078056,-10.167935779360914
2017-03-30,3.457128387031719e-05,Fold1_2017,1.0107473522229572e-05,-11.502235455051085,-10.272487166440998
2017-03-31,3.16714140368175e-05,Fold1_2017,5.43101149288864e-06,-12.123385162749445,-10.360096049316134
2017-04-03,3.1750092237874374e-05,Fold1_2017,3.0296435528642127e-06,-12.707065584681786,-10.357614927499892
2017-04-04,3.091851120882174e-05,Fold1_2017,4.058043311764738e-07,-14.717394736431581,-10.384155485183665
2017-04-05,2.8858899964143865e-05,Fold1_2017,8.862967132182025e-06,-11.633628958645215,-10.453092121625524
2017-04-06,3.0797613953994926e-05,Fold1_2017,7.879976477246145e-06,-11.75118563921999,-10.388073340011765
2017-04-07,2.8756899597296372e-05,Fold1_2017,1.0400370828298937e-06,-13.776254188879468,-10.456632833520029
2017-04-10,2.780622420964687e-05,Fold1_2017,3.541853816852511e-07,-14.853445383806644,-10.490250669894513
2017-04-11,2.6440115414620953e-05,Fold1_2017,1.4177635740397942e-06,-13.466429875744524,-10.540628177838238
2017-04-12,2.6168775448961273e-05,Fold1_2017,1.928284578216344e-05,-10.85629467686479,-10.55094363468509
2017-04-13,3.226709322444253e-05,Fold1_2017,4.2458685671699756e-05,-10.066979056673688,-10.341462632671451
2017-04-17,4.454506235545087e-05,Fold1_2017,7.780933848235305e-05,-9.46124910207633,-10.019009243962119
2017-04-18,3.921912680872609e-05,Fold1_2017,8.934213814971245e-06,-11.625622402595049,-10.146346001372372
2017-04-19,3.859932723368478e-05,Fold1_2017,3.3861347354527755e-06,-12.595821483121567,-10.16227571082453
2017-04-20,3.6133653158577525e-05,Fold1_2017,6.570976701392777e-05,-9.630262982732253,-10.228285906413864
2017-04-21,3.282173954790387e-05,Fold1_2017,1.0187935631684489e-05,-11.494306318919193,-10.324419471028559
2017-04-24,3.419587893100576e-05,Fold1_2017,0.00011963222858178736,-9.031088283000807,-10.283405420249712
2017-04-25,3.1425685862447665e-05,Fold1_2017,3.366151625667148e-05,-10.299155323969241,-10.367884978349915
2017-04-26,2.9225229292416714e-05,Fold1_2017,3.9551614426441867e-07,-14.74307423068706,-10.440478204874157
2017-04-27,2.7835118370543294e-05,Fold1_2017,7.031161458084195e-07,-14.167743744260939,-10.4892120837586
2017-04-28,2.6425597133088102e-05,Fold1_2017,4.759129165372561e-06,-12.255445854909198,-10.541177429184646
2017-05-01,2.7428315072449656e-05,Fold1_2017,6.332938219175812e-06,-11.969746255857983,-10.503934681352423
2017-05-02,2.60961592520715e-05,Fold1_2017,1.422656668209068e-07,-15.765569634180878,-10.553722409557045
2017-05-03,2.50536544340139e-05,Fold1_2017,1.4770675289744788e-06,-13.425451835098308,-10.59449085548429
2017-05-04,2.506867589588076e-05,Fold1_2017,1.3767225669736737e-06,-13.495804834933942,-10.593891463468088
2017-05-05,2.4232016042781217e-05,Fold1_2017,1.543925849876225e-05,-11.07859703921243,-10.62783582219015
2017-05-08,2.3610586065132194e-05,Fold1_2017,2.7750471202257907e-08,-17.400013016636585,-10.653815384424734
2017-05-09,2.3188545806817496e-05,Fold1_2017,8.436659518386097e-07,-13.985509212357062,-10.671852116432884
2017-05-10,2.329994840229006e-05,Fold1_2017,3.2179169957338423e-06,-12.646776303470114,-10.66705941188906
2017-05-11,2.2803621665190458e-05,Fold1_2017,4.179346351795649e-06,-12.385355698823986,-10.688591189653911
2017-05-12,2.431438695551329e-05,Fold1_2017,2.797727006082847e-06,-12.786703253999644,-10.62444232703121
2017-05-15,2.4908148529762402e-05,Fold1_2017,3.034042931344422e-05,-10.403029434063438,-10.600315557837016
2017-05-16,2.4062912846416476e-05,Fold1_2017,8.385051846340969e-07,-13.991645072477342,-10.634838788809784
2017-05-17,2.388564791403012e-05,Fold1_2017,0.0003205232306266464,-8.04555580177584,-10.642232785091682
2017-05-18,0.0001282665272586936,Fold1_2017,1.6160504202647096e-05,-11.032940304699201,-8.96140021470192
2017-05-19,0.00010163352342379611,Fold1_2017,4.2031934952678264e-05,-10.077080872588946,-9.194137122284436
2017-05-22,8.21067780417483e-05,Fold1_2017,2.565087696906643e-05,-10.570932797104803,-9.407489986548867
2017-05-23,6.749280372686219e-05,Fold1_2017,4.885100656230198e-06,-12.229320667516982,-9.603489577223089
2017-05-24,5.648891084529818e-05,Fold1_2017,5.429829364159906e-06,-12.123602849160463,-9.781466207299818
2017-05-25,4.8184339855617035e-05,Fold1_2017,2.2733719748624704e-05,-10.691661284187338,-9.940476488959977
2017-05-26,4.1905320187744956e-05,Fold1_2017,4.2708731587453625e-08,-16.9688624507908,-10.080097765642096
2017-05-30,3.723649327860203e-05,Fold1_2017,7.554838135041207e-07,-14.095907480341861,-10.198221275440325
2017-05-31,3.407320189506865e-05,Fold1_2017,6.17876953402193e-08,-16.5995615968339,-10.286999350810882
2017-06-01,3.1304862661624376e-05,Fold1_2017,6.274068718846806e-05,-9.676500402305587,-10.371737115883336
2017-06-02,2.919243120009489e-05,Fold1_2017,1.1040434061522593e-05,-11.413946200721323,-10.441601087765786
2017-06-05,2.749761788500833e-05,Fold1_2017,5.435157904431003e-07,-14.42520707755401,-10.501411179407016
2017-06-06,2.6601925434876245e-05,Fold1_2017,1.0253850128170246e-05,-11.487857300647725,-10.534526960026488
2017-06-07,2.954521764227125e-05,Fold1_2017,3.4174053985345705e-06,-12.58662895021365,-10.429588666726643
2017-06-08,2.7736049911745215e-05,Fold1_2017,2.4225306445083036e-07,-15.233282936303718,-10.492777550053852
2017-06-09,2.634664885602419e-05,Fold1_2017,2.3067497134367265e-06,-12.979671074715899,-10.544169469204228
2017-06-12,2.6435739539097607e-05,Fold1_2017,4.216130151143337e-08,-16.981763062425248,-10.540793692912638
2017-06-13,2.5448219321519395e-05,Fold1_2017,2.3795092116145825e-05,-10.646031212159112,-10.578864785135856
2017-06-14,2.4616544557306013e-05,Fold1_2017,1.6093218370173365e-06,-13.339697686949538,-10.61209179810172
2017-06-15,2.48094691178764e-05,Fold1_2017,3.7103560363876644e-06,-12.504382719268127,-10.604285158398556
2017-06-16,2.57616264854386e-05,Fold1_2017,4.7734727574497356e-08,-16.857606662551614,-10.566624518758687
2017-06-19,2.4770864240692965e-05,Fold1_2017,6.873128650398619e-05,-9.585306054775387,-10.605842424450234
2017-06-20,2.418213940178261e-05,Fold1_2017,4.578840011940693e-05,-9.991479771425064,-10.629896238536807
2017-06-21,3.963680666104019e-05,Fold1_2017,6.085722826024862e-08,-16.61473523639592,-10.135752410247997
2017-06-22,3.538074741365973e-05,Fold1_2017,2.053112989868128e-07,-15.398738477968303,-10.249342744140346
2017-06-23,3.2296067177333165e-05,Fold1_2017,1.4241278059083319e-06,-13.46195099766178,-10.34056509436461
2017-06-26,2.9742065570137682e-05,Fold1_2017,4.328915235614343e-07,-14.652778663282845,-10.42294816506913
2017-06-27,2.779887179786496e-05,Fold1_2017,6.542681173059662e-05,-9.634578418214291,-10.4905151209018
2017-06-28,4.8489332590107076e-05,Fold1_2017,7.939905832192371e-05,-9.441024049706908,-9.934166730808366
2017-06-29,4.2081401288799694e-05,Fold1_2017,7.793049901506123e-05,-9.459693166753697,-10.075904689499925
2017-06-30,6.341427885330839e-05,Fold1_2017,3.469499737452554e-06,-12.571500142279803,-9.665821503372532
2017-07-03,5.314984242258174e-05,Fold1_2017,2.870889349382865e-06,-12.760888698361214,-9.842395417948694
2017-07-05,4.5504975500386716e-05,Fold1_2017,5.332460492128572e-06,-12.141697795511883,-9.997688886328975
2017-07-06,3.9762629273010656e-05,Fold1_2017,8.438705684938322e-05,-9.38009652298755,-10.132583049765453
2017-07-07,6.340476080341223e-05,Fold1_2017,4.1781140826219974e-05,-10.083065496650484,-9.665971607803852
2017-07-10,5.330853451639009e-05,Fold1_2017,1.1525487182986737e-06,-13.67353479112637,-9.83941411735195
2017-07-11,4.567233048482256e-05,Fold1_2017,5.521729254981341e-07,-14.409404568898424,-9.994017903279657
2017-07-12,4.03051326111042e-05,Fold1_2017,5.6052791418081844e-05,-9.789216607401062,-10.119031737044216
2017-07-13,3.588908319511394e-05,Fold1_2017,2.818201205484851e-06,-12.779411746935569,-10.235077397987151
2017-07-14,3.2494827978865995e-05,Fold1_2017,2.165374139001402e-05,-10.74033230597435,-10.33442962040437
2017-07-17,2.9929609708655126e-05,Fold1_2017,1.4976552562134754e-08,-18.016780021381766,-10.416662276323175
2017-07-18,2.803651917648302e-05,Fold1_2017,2.801299137741371e-07,-15.088012363616787,-10.48200264128953
2017-07-19,2.649987001057944e-05,Fold1_2017,2.9155099819747795e-05,-10.442880709535158,-10.538370730245282
2017-07-20,2.5373046573936486e-05,Fold1_2017,1.9828195878000353e-07,-15.433575784984635,-10.581823105873534
2017-07-21,2.4457442200881757e-05,Fold1_2017,7.936075742054915e-07,-14.04667673691155,-10.618576003864813
2017-07-24,2.427246707556956e-05,Fold1_2017,5.899846805337746e-08,-16.645754358574784,-10.62616789215294
2017-07-25,2.3722981831111985e-05,Fold1_2017,5.894190820412815e-06,-12.04154329880589,-10.649066282160831
2017-07-26,2.316232247047466e-05,Fold1_2017,1.6388697272026288e-09,-20.229259023441514,-10.672983630905659
2017-07-27,2.2750711975140405e-05,Fold1_2017,8.649655809596574e-07,-13.96057612160429,-10.690914117446445
2017-07-28,2.2938794334465554e-05,Fold1_2017,1.3774251977454336e-06,-13.495294600300925,-10.682681004990986
2017-07-31,2.3284097227593177e-05,Fold1_2017,3.2193724677272735e-07,-14.948909196193691,-10.667739952837977
2017-08-01,2.3040863894439827e-05,Fold1_2017,4.9564230553003155e-06,-12.214826235592684,-10.678241227421124
2017-08-02,2.254651034256203e-05,Fold1_2017,2.3532707080218633e-07,-15.262289499797522,-10.699930255983727
2017-08-03,2.213859854310954e-05,Fold1_2017,3.77044556711082e-06,-12.488317375925403,-10.718187932456516
2017-08-04,2.3551522893898884e-05,Fold1_2017,3.31457616479222e-06,-12.61718079625844,-10.656320073185034
2017-08-07,2.2873876374828575e-05,Fold1_2017,3.4505253880487256e-06,-12.576984052124466,-10.6855150682352
2017-08-08,2.233862023239441e-05,Fold1_2017,6.0707610315875005e-06,-12.01202658487244,-10.709193528433161
2017-08-09,2.4515407924450923e-05,Fold1_2017,1.664157151851493e-09,-20.213947056788335,-10.616208743209555
2017-08-10,2.3616487949696198e-05,Fold1_2017,0.0002020793407290615,-8.506850161792883,-10.653565447933097
2017-08-11,8.983600391579838e-05,Fold1_2017,2.177039512770365e-06,-13.03754462577535,-9.3175247285345
2017-08-14,7.26845861504809e-05,Fold1_2017,9.730525337048055e-05,-9.237657578755181,-9.52938121584257
2017-08-15,6.024038529524296e-05,Fold1_2017,1.4840413050722621e-08,-18.02591176598788,-9.717167578489722
2017-08-16,5.079291537419917e-05,Fold1_2017,3.0380823909554045e-06,-12.704284034028284,-9.887753674243259
2017-08-17,4.361531769274659e-05,Fold1_2017,0.00024691569990458893,-8.306463575523848,-10.040102146080708
2017-08-18,0.00011810348074192644,Fold1_2017,2.4476209337487594e-06,-12.920394052629133,-9.043949362359317
2017-08-21,9.54153387859435e-05,Fold1_2017,6.124404035607694e-07,-14.30581419957046,-9.25727120851464
2017-08-22,7.737067087158733e-05,Fold1_2017,0.00010821914466501429,-9.13135226944924,-9.466902778488102
2017-08-23,6.395614736958317e-05,Fold1_2017,1.290228778686196e-05,-11.258105914502156,-9.657312906809857
2017-08-24,5.847713480515874e-05,Fold1_2017,5.445158242740632e-06,-12.120783739973978,-9.746874738162848
2017-08-25,5.175613916038918e-05,Fold1_2017,5.4451582427406e-06,-12.120783739973984,-9.868967501736279
2017-08-28,4.441703856865794e-05,Fold1_2017,1.6482272808972592e-09,-20.223565501802465,-10.021887410593537
2017-08-29,3.886628335745493e-05,Fold1_2017,1.309773339573499e-06,-13.545656458947796,-10.15538343492273
2017-08-30,3.460557163510452e-05,Fold1_2017,2.2338433957046013e-05,-10.709201867181173,-10.271495858948205
2017-08-31,3.140095300808192e-05,Fold1_2017,3.5976256077029016e-05,-10.232651390525064,-10.368672314934779
2017-09-01,2.90002384358028e-05,Fold1_2017,1.996927028307651e-06,-13.123901044855382,-10.448206506087365
2017-09-05,2.711314576137842e-05,Fold1_2017,5.195550023083207e-05,-9.865122970550264,-10.515491864247862
2017-09-06,4.3364010154081135e-05,Fold1_2017,1.1615894382508988e-05,-11.36313619233803,-10.04588072000602
2017-09-07,3.803394892177113e-05,Fold1_2017,1.4797158832821785e-08,-18.02883064536037,-10.177031404397411
2017-09-08,3.408250932270383e-05,Fold1_2017,1.3817801085919487e-06,-13.492137956282674,-10.286726228352713
2017-09-11,3.174709929138822e-05,Fold1_2017,0.00011256262839901677,-9.092000794337874,-10.357709197700393
2017-09-12,2.934878975629891e-05,Fold1_2017,1.1324114960930475e-05,-11.388576038794191,-10.436259247419432
2017-09-13,2.7430790965653312e-05,Fold1_2017,2.3035208505467726e-07,-15.28365689392463,-10.503844417642926
2017-09-14,2.5948395328670542e-05,Fold1_2017,1.0245195434600731e-07,-16.09387188634772,-10.559400787309816
2017-09-15,2.4965382951778313e-05,Fold1_2017,1.8100289286808412e-06,-13.222167730117665,-10.598020374582854
2017-09-18,2.4042809724731816e-05,Fold1_2017,4.5136828628201375e-06,-12.308397138390559,-10.635674578058149
2017-09-19,2.3327421538618463e-05,Fold1_2017,1.0014782131151024e-06,-13.814033436330682,-10.665880999315396
2017-09-20,2.275875841583532e-05,Fold1_2017,1.2943251983824092e-07,-15.860106173947583,-10.690560501343702
2017-09-21,2.230506713457003e-05,Fold1_2017,7.197948942378128e-06,-11.841714441639327,-10.710696679544593
2017-09-22,2.4901390757946892e-05,Fold1_2017,4.017496885104098e-08,-17.030021700655034,-10.600586902320567
2017-09-25,2.392180796155253e-05,Fold1_2017,4.188728289422121e-06,-12.383113380976752,-10.6407200480612
2017-09-26,2.5005799723430082e-05,Fold1_2017,3.629350053136003e-07,-14.82904206743556,-10.596402771064142
2017-09-27,2.3960473168631478e-05,Fold1_2017,1.5106676197337321e-05,-11.100373779581075,-10.639105036638586
2017-09-28,2.3181909742922156e-05,Fold1_2017,1.4375719480503795e-06,-13.45255501470975,-10.672138335917337
2017-09-29,2.25445310786851e-05,Fold1_2017,1.2312244798476744e-05,-11.304916278708145,-10.700018045656167
2017-10-02,2.2066292071715187e-05,Fold1_2017,1.8743628913733103e-05,-10.884656654557556,-10.721459359435539
2017-10-03,2.1707958068703813e-05,Fold1_2017,4.570068600459275e-06,-12.295982342129408,-10.737831633370666
2017-10-04,2.1382209989713182e-05,Fold1_2017,1.4059804620095876e-06,-13.474775660824852,-10.752951290557231
2017-10-05,2.110533191121707e-05,Fold1_2017,3.4900156795477116e-05,-10.263019236058904,-10.765984852190737
2017-10-06,2.098611870648562e-05,Fold1_2017,1.2983032315345914e-06,-13.554452352532548,-10.771649352783788
2017-10-09,2.155828068912132e-05,Fold1_2017,2.7306596249654584e-06,-12.810967357086557,-10.744750560505848
2017-10-10,2.256021696315212e-05,Fold1_2017,6.942106763188867e-06,-11.877905261330225,-10.699322514219663
2017-10-11,2.197260702096952e-05,Fold1_2017,2.464353412893117e-06,-12.913581092020909,-10.725714015841602
2017-10-12,2.1495352248896315e-05,Fold1_2017,2.2234655240723356e-06,-13.016443532367797,-10.747673820669664
2017-10-13,2.2265446298783626e-05,Fold1_2017,1.4798309236163453e-06,-13.423582717513995,-10.712474574532594
2017-10-16,2.1683015828313417e-05,Fold1_2017,1.7762284276380559e-06,-13.241018302499459,-10.738981284595216
2017-10-17,2.1218574954527082e-05,Fold1_2017,4.967827494733952e-07,-14.515113030212225,-10.760633582805067
2017-10-18,2.0840373683161055e-05,Fold1_2017,9.5665900060272e-07,-13.859818830200222,-10.778618410186073
2017-10-19,2.052921180183123e-05,Fold1_2017,7.49768710825229e-08,-16.406086156537068,-10.793661720177447
2017-10-20,2.027684828867281e-05,Fold1_2017,2.6493976794956025e-05,-10.538593141562933,-10.806030801147408
2017-10-23,2.0142269609453806e-05,Fold1_2017,1.51883782760977e-05,-11.094980009656672,-10.812689985391811
2017-10-24,2.5880163917208843e-05,Fold1_2017,3.082756302364835e-06,-12.689686457800866,-10.562033754610951
2017-10-25,2.434842063113625e-05,Fold1_2017,2.4626581652104063e-05,-10.61168414344168,-10.623043571683553
2017-10-26,3.2280458421389115e-05,Fold1_2017,1.6688794562182675e-06,-13.303358141046763,-10.341048513257258
2017-10-27,2.9223612052370135e-05,Fold1_2017,6.630502749476015e-05,-9.621244834163805,-10.44053354352621
2017-10-30,2.700220636281864e-05,Fold1_2017,1.392855599454037e-05,-11.18156943710068,-10.519591978157177
2017-10-31,3.062396919175993e-05,Fold1_2017,2.4240886213886195e-06,-12.930054930446703,-10.393727548710435
2017-11-01,2.797655637854483e-05,Fold1_2017,1.7456278644253127e-06,-13.25839625933156,-10.484143670692035
2017-11-02,2.5952309768815208e-05,Fold1_2017,1.5082522689062028e-07,-15.707144108290398,-10.559249943881207
2017-11-03,2.4393750097368755e-05,Fold1_2017,1.1110884066572565e-05,-11.407585383529648,-10.62118360202594
2017-11-06,2.3201183481363417e-05,Fold1_2017,2.3912851234029444e-06,-12.943679627997492,-10.67130726846535
2017-11-07,2.2259302857891653e-05,Fold1_2017,4.839828246292137e-07,-14.54121641716271,-10.712750530761312
2017-11-08,2.1923503110955678e-05,Fold1_2017,2.8877741227132166e-06,-12.75502455234936,-10.727951295197261
2017-11-09,2.1231528307673322e-05,Fold1_2017,1.320746216473089e-05,-11.23472857259265,-10.760023296725512
2017-11-10,2.5903670103920377e-05,Fold1_2017,9.621299107888764e-08,-16.156701445992073,-10.561125896443615
2017-11-13,2.4431395187974586e-05,Fold1_2017,8.646272871342092e-07,-13.960967304796593,-10.619641564707036
2017-11-14,2.310802947460792e-05,Fold1_2017,5.408167524179136e-06,-12.12760024259926,-10.675330404530753
2017-11-15,2.4471747913345368e-05,Fold1_2017,2.5179012944349962e-05,-10.589499730102514,-10.617991252192535
2017-11-16,3.244739868731567e-05,Fold1_2017,7.166168989055456e-05,-9.543554264303635,-10.335890281746543
2017-11-17,2.9444571629883874e-05,Fold1_2017,8.662924387620334e-06,-11.656458203292408,-10.43300098981811
2017-11-20,3.0514653631213302e-05,Fold1_2017,2.9073110945537574e-06,-12.748281926442937,-10.397303542803552
2017-11-21,2.7771092841886518e-05,Fold1_2017,4.252976407275533e-05,-10.065306396027655,-10.49151490409304
2017-11-22,2.57686039133825e-05,Fold1_2017,7.838297847745074e-07,-14.05907395142507,-10.566353709645956
2017-11-24,2.4682640229062008e-05,Fold1_2017,5.324685772388236e-06,-12.14315685799008,-10.609410386161763
2017-11-27,2.3302812833254248e-05,Fold1_2017,2.496612941382883e-07,-15.203160661134088,-10.666936482221725
2017-11-28,2.249192703717315e-05,Fold1_2017,0.0001018833052766481,-9.191682465538207,-10.702354111485288
2017-11-29,2.187382951229406e-05,Fold1_2017,3.705970956523741e-07,-14.808150360005584,-10.730219635161616
2017-11-30,2.150146265557503e-05,Fold1_2017,7.598468992903754e-05,-9.484978686273516,-10.747389594652764
2017-12-01,2.111198444190597e-05,Fold1_2017,4.316470133225187e-06,-12.353072588505896,-10.765669695694843
2017-12-04,2.2559377186899236e-05,Fold1_2017,1.4650189971591858e-06,-13.433642348235164,-10.699359738679181
2017-12-05,2.255540813157399e-05,Fold1_2017,1.2984545286500489e-05,-11.251750731830029,-10.699535692318658
2017-12-06,2.6801629921152843e-05,Fold1_2017,3.612306962466689e-08,-17.136334127936948,-10.527047854343335
2017-12-07,2.495263982952217e-05,Fold1_2017,9.909406354308832e-06,-11.522026115119115,-10.59853093657321
2017-12-08,2.3526638823551042e-05,Fold1_2017,2.9574622857685982e-05,-10.428593900245849,-10.657377211856446
2017-12-11,2.24637973138907e-05,Fold1_2017,9.053526881889097e-06,-11.612356165463956,-10.703605552869435
2017-12-12,2.160030212980874e-05,Fold1_2017,3.1078775006026136e-06,-12.681570540456157,-10.742803255880833
2017-12-13,2.0909533243351987e-05,Fold1_2017,1.266638082918454e-08,-18.184314532259762,-10.775305366946382
2017-12-14,2.046057976066366e-05,Fold1_2017,1.67634354139199e-05,-10.99631050695105,-10.797010461543938
2017-12-15,2.6479453950919052e-05,Fold1_2017,6.876959473040149e-05,-9.584748847766056,-10.539141448296943
2017-12-18,2.475387815370791e-05,Fold1_2017,3.9959668760718625e-05,-10.127639893489583,-10.606528388145545
2017-12-19,2.3384496494099816e-05,Fold1_2017,1.4802637696734797e-05,-11.120705170321642,-10.663437298166404
2017-12-20,2.8077179995772267e-05,Fold1_2017,2.7530607067098486e-07,-15.105382373929512,-10.480553411350831
2017-12-21,2.6166626785794927e-05,Fold1_2017,4.233243359966211e-06,-12.372542106944987,-10.55102574595493
2017-12-22,2.4400896472742486e-05,Fold1_2017,6.829263777485854e-08,-16.4994638686415,-10.620890685653873
2017-12-26,2.3195275259067076e-05,Fold1_2017,1.4325836180136187e-06,-13.456031017974805,-10.671561952658442
2017-12-27,2.2951442128188686e-05,Fold1_2017,2.3662792606205418e-07,-15.256776861673817,-10.682129785602362
2017-12-28,2.189255693186505e-05,Fold1_2017,4.223006694826806e-06,-12.374963196688883,-10.729363845034284
2017-12-29,2.1068427710499622e-05,Fold1_2017,1.4269681365961284e-05,-11.157373455669372,-10.767734955120513
2018-01-02,2.6035426539804152e-05,Fold2_2018,5.08594733010576e-05,-9.886444153882012,-10.556052388161007
2018-01-03,2.4324483581942322e-05,Fold2_2018,3.9761656291354826e-05,-10.132607519816306,-10.624027160047993
2018-01-04,2.29953820420959e-05,Fold2_2018,1.7689529535950512e-05,-10.942537645061408,-10.680217142972722
2018-01-05,2.1935408856080355e-05,Fold2_2018,4.411395954471627e-05,-10.02873428263654,-10.727408384081452
2018-01-08,2.1175145552403954e-05,Fold2_2018,3.3393204465853046e-06,-12.609743230782474,-10.76268244366447
2018-01-09,2.050210109792871e-05,Fold2_2018,5.109224726006665e-06,-12.18446288228299,-10.794983184490029
2018-01-10,1.9970083412987645e-05,Fold2_2018,2.34422855482711e-06,-12.963554184677381,-10.82127523363052
2018-01-11,2.0819990853624375e-05,Fold2_2018,5.2852306806716895e-05,-9.848009198412939,-10.779596934084735
2018-01-12,2.0320333239337697e-05,Fold2_2018,4.2219436584376266e-05,-10.072629860389744,-10.803888535814758
2018-01-16,1.992460650730223e-05,Fold2_2018,1.172388715164733e-05,-11.353882160575862,-10.823555082175488
2018-01-17,2.433847531718183e-05,Fold2_2018,8.998698441953007e-05,-9.315845515652914,-10.623452113403005
2018-01-18,2.3094796261905078e-05,Fold2_2018,2.8285965049820834e-06,-12.77572990396069,-10.675903235861034
2018-01-19,2.3477353702122867e-05,Fold2_2018,2.0601470936126777e-05,-10.790148080051582,-10.65947427369488
2018-01-22,2.2301285404071977e-05,Fold2_2018,6.557960653133226e-05,-9.63224578639297,-10.7108662397212
2018-01-23,2.1498380148448636e-05,Fold2_2018,4.497520822091504e-06,-12.311984241428938,-10.747532967601625
2018-01-24,2.0757713945581102e-05,Fold2_2018,1.5106526511815106e-07,-15.70555387418585,-10.782592623958314
2018-01-25,2.042800313462169e-05,Fold2_2018,1.7934476514397688e-07,-15.533955821328432,-10.798603895731576
2018-01-26,1.9900751977838528e-05,Fold2_2018,0.00013250535749756925,-8.928887479411507,-10.824753039116688
2018-01-29,1.9885711249091785e-05,Fold2_2018,4.4241801981416496e-05,-10.025840469630882,-10.825509111822997
2018-01-30,3.566566587510875e-05,Fold2_2018,0.00010629676546962956,-9.149275701398894,-10.241322072140544
2018-01-31,6.865160283299857e-05,Fold2_2018,2.466076260661248e-07,-15.215467321851975,-9.586466078127753
2018-02-01,5.640712071654357e-05,Fold2_2018,1.2899813584420742e-06,-13.560882790515205,-9.782915153590181
2018-02-02,4.819312391383728e-05,Fold2_2018,0.00048446920490663806,-7.632456689217726,-9.94029420447352
2018-02-05,0.0002036736837617536,Fold2_2018,0.0018251820941277308,-6.3060755193209,-8.498991434232277
2018-02-06,0.000818090653368789,Fold2_2018,0.00038067116331649847,-7.873574643920963,-7.1085374043127345
2018-02-07,0.000613047266525247,Fold2_2018,2.959018561513281e-05,-10.428067818671094,-7.39706851810791
2018-02-08,0.0004714366558910823,Fold2_2018,0.0014615718884107135,-6.528242786520915,-7.659725810852184
2018-02-09,0.0008815592080063776,Fold2_2018,0.00022230823748044116,-8.411445681988175,-7.033818391046322
2018-02-12,0.0006603676905296195,Fold2_2018,0.00021250661848916939,-8.456537424253439,-7.32271377120716
2018-02-13,0.0004972290965476994,Fold2_2018,6.171845654625351e-06,-11.995512631127742,-7.606459679228048
2018-02-14,0.0003742697116729436,Fold2_2018,0.0001797144349131463,-8.624141439559208,-7.890533866250757
2018-02-15,0.0002839708203504762,Fold2_2018,0.0001607687139990936,-8.735543784831826,-8.166639070326525
2018-02-16,0.00021641090349127346,Fold2_2018,8.588054160786334e-08,-16.270308557390006,-8.438331626442077
2018-02-20,0.00016367442296744445,Fold2_2018,3.94511447411589e-05,-10.14044749357352,-8.71763132912099
2018-02-21,0.00014048577350939776,Fold2_2018,2.4865465677606546e-05,-10.602030637736203,-8.870404330478095
2018-02-22,0.00011770826285945853,Fold2_2018,1.6779375838460884e-06,-13.297945147365493,-9.047301343447963
2018-02-23,8.99649524784294e-05,Fold2_2018,0.00025006596085638393,-8.293785831477047,-9.316090380382803
2018-02-26,7.577597816536842e-05,Fold2_2018,0.00013329299752116937,-8.922960863883612,-9.48772922628989
2018-02-27,6.260952112382841e-05,Fold2_2018,0.00015788469143267997,-8.753645592430725,-9.67859319679359
2018-02-28,0.0001107717879574254,Fold2_2018,0.00010366737796999127,-9.174323073029829,-9.108038437395479
2018-03-01,0.0001261678003565031,Fold2_2018,0.00021453470235820009,-8.447039050125877,-8.97789778814265
2018-03-02,0.00017717700914074533,Fold2_2018,2.6434654741469166e-05,-10.540834729021537,-8.638361273466325
2018-03-05,0.00013683999353853097,Fold2_2018,0.00013206063175422349,-8.932249409366921,-8.896698245074026
2018-03-06,0.00010781990868422786,Fold2_2018,6.4089882577620425e-06,-11.957809137592085,-9.135048234869066
2018-03-07,8.508245031938558e-05,Fold2_2018,1.3428478189971926e-07,-15.823303054061743,-9.371889767866119
2018-03-08,6.8242983198409e-05,Fold2_2018,2.330191982457848e-05,-10.666974804882319,-9.592435939464266
2018-03-09,5.555665883310315e-05,Fold2_2018,0.0002976634038366641,-8.119547227170953,-9.798107178079633
2018-03-12,4.900685092423104e-05,Fold2_2018,1.577497053263528e-06,-13.359671110511533,-9.923550454846598
2018-03-13,4.225206817622841e-05,Fold2_2018,4.203634180816632e-05,-10.076976032674011,-10.071857254442499
2018-03-14,5.2726815896880585e-05,Fold2_2018,2.6470924216624868e-05,-10.539463626708624,-9.850386391284392
2018-03-15,5.4889040627616115e-05,Fold2_2018,1.1885435008893462e-06,-13.64278194931043,-9.810196853645653
2018-03-16,4.67207781608605e-05,Fold2_2018,1.1748525938964229e-06,-13.654367870240957,-9.971321563742674
2018-03-19,3.97418809706142e-05,Fold2_2018,0.0001855808375252677,-8.592019989034727,-10.13310499003787
2018-03-20,0.00010065797608975864,Fold2_2018,2.887569736602373e-06,-12.755095331203712,-9.203782163218369
2018-03-21,8.036379673730721e-05,Fold2_2018,3.69004756574901e-06,-12.509871209548033,-9.428946772527016
2018-03-22,6.713424980431171e-05,Fold2_2018,0.0006408348122260559,-7.352738837490271,-9.608816214936956
2018-03-23,0.0002782976854151607,Fold2_2018,0.00046420997908579685,-7.675173566970693,-8.18681920633672
2018-03-26,0.00037908418673294244,Fold2_2018,0.000728564995500577,-7.224433718051243,-7.877752248965787
2018-03-27,0.000292516580514933,Fold2_2018,0.00029440669963145237,-8.130548414468173,-8.136989207377788
2018-03-28,0.0003308305749183633,Fold2_2018,8.756842367563348e-06,-11.64567517832123,-8.013904171884045
2018-03-29,0.0002573609667741881,Fold2_2018,0.00016119624539760827,-8.732888019741111,-8.26503091853532
2018-04-02,0.00019876394992899166,Fold2_2018,0.0004761415747447767,-7.649795322020774,-8.523392618570947
2018-04-03,0.0003232799090811274,Fold2_2018,0.00016219207914973198,-8.726729251324128,-8.036992018432874
2018-04-04,0.00024848012512193043,Fold2_2018,0.0001132605483825835,-9.085819655487551,-8.300147695014722
2018-04-05,0.00019210959916126649,Fold2_2018,6.179449084493722e-05,-9.6916963423782,-8.557444519832442
2018-04-06,0.00014946584501489388,Fold2_2018,0.0005079609884021799,-7.585105907818537,-8.80844265267366
2018-04-09,0.0002966467246002154,Fold2_2018,2.416891628583492e-05,-10.630443201414424,-8.122968606614306
2018-04-10,0.00022858408001758245,Fold2_2018,0.0002488655456399909,-8.298597784689273,-8.38360645024655
2018-04-11,0.00017784371364256872,Fold2_2018,2.762741752879318e-05,-10.496701889600836,-8.634605406595584
2018-04-12,0.0001499353040188858,Fold2_2018,6.7133255322383e-05,-9.608831028378642,-8.8053066634482
2018-04-13,0.00011790490867662234,Fold2_2018,8.627787729208044e-06,-11.660522432288918,-9.045632117049951
2018-04-16,9.734541807163937e-05,Fold2_2018,6.704406458273253e-05,-9.610160474410952,-9.237244893800835
2018-04-17,7.809063720335653e-05,Fold2_2018,0.00011324317195183562,-9.085973087234777,-9.457640390464402
2018-04-18,6.38344079819804e-05,Fold2_2018,5.476416839515861e-07,-14.417644625261206,-9.659218202926548
2018-04-19,5.24786396263006e-05,Fold2_2018,3.094656973966022e-05,-10.38324839729718,-9.855104335419357
2018-04-20,5.6407443538482605e-05,Fold2_2018,7.251417722569785e-05,-9.531728467279992,-9.782909430535872
2018-04-23,7.438301104790292e-05,Fold2_2018,2.254127702382498e-08,-17.60791767404681,-9.506282988330511
2018-04-24,6.086283619019177e-05,Fold2_2018,0.0001838369033205885,-8.601461588432436,-9.70688781270498
2018-04-25,0.00011662832974092872,Fold2_2018,6.094470640172988e-06,-12.008128650292104,-9.056518348371075
2018-04-26,9.259489576129359e-05,Fold2_2018,0.00010230003116902155,-9.187600580324222,-9.287276539199699
2018-04-27,7.46846732955613e-05,Fold2_2018,8.797798136400667e-07,-13.943594172554999,-9.502235663643383
2018-04-30,6.103828656276242e-05,Fold2_2018,5.959922692868789e-05,-9.727867954972265,-9.70400924211007
2018-05-01,7.309738800868735e-05,Fold2_2018,3.1518113155845803e-06,-12.667533249567354,-9.52371792360224
2018-05-02,5.985629057504926e-05,Fold2_2018,4.543038922475786e-05,-9.999329310658503,-9.723564025801815
2018-05-03,6.712770678137381e-05,Fold2_2018,4.867982402966935e-06,-12.232830997683871,-9.608913681458516
2018-05-04,5.772574250107094e-05,Fold2_2018,0.00016547958781026504,-8.706662707247594,-9.759807340076756
2018-05-07,4.8430889681244856e-05,Fold2_2018,1.1406056412614518e-05,-11.38136607937029,-9.935372731260616
2018-05-08,4.124255348806013e-05,Fold2_2018,0.0,,-10.096039982981123
2018-05-09,3.585710396933999e-05,Fold2_2018,9.2532877135045e-05,-9.287946548108664,-10.23596885240879
2018-05-10,3.1852091220465785e-05,Fold2_2018,8.662141626170232e-05,-9.353963472026278,-10.354407519688152
2018-05-11,2.8837796708035406e-05,Fold2_2018,9.282446694531096e-06,-11.58738539348844,-10.453823645552083
2018-05-14,2.6425627875404333e-05,Fold2_2018,2.2691285191652647e-07,-15.298699805440187,-10.541176265831622
2018-05-15,2.4579194366379324e-05,Fold2_2018,4.775836947668612e-05,-9.949356229398092,-10.613610230344843
2018-05-16,4.1329992253525266e-05,Fold2_2018,1.7605798751029177e-05,-10.947282235694674,-10.093922116870477
2018-05-17,3.591251323603089e-05,Fold2_2018,7.133847897787028e-07,-14.153244884996454,-10.234424765095596
2018-05-18,3.239003392972096e-05,Fold2_2018,6.266079048167315e-06,-11.980359750102531,-10.337659777244662
2018-05-21,3.207136566515451e-05,Fold2_2018,5.610632809718185e-05,-9.788261951490828,-10.347546961282045
2018-05-22,2.8936840487537423e-05,Fold2_2018,7.751879137954859e-06,-11.767575274576446,-10.45039501730497
2018-05-23,3.0035909417099053e-05,Fold2_2018,7.548870442309986e-06,-11.794112616186144,-10.413116911542243
2018-05-24,2.73505852486911e-05,Fold2_2018,4.2056593857394544e-06,-12.379079466906605,-10.50677263083561
2018-05-25,2.7417822458545078e-05,Fold2_2018,5.690558562334127e-06,-12.076702149031638,-10.504317301332787
2018-05-29,2.8053663779277028e-05,Fold2_2018,0.00013380705289182073,-8.919111699463416,-10.481391318508091
2018-05-30,7.371686134765299e-05,Fold2_2018,0.00017572786386595477,-8.64657398760472,-9.515279001385705
2018-05-31,6.068789600239407e-05,Fold2_2018,3.775580639075813e-05,-10.184371282421331,-9.709766286662852
2018-06-01,6.503695460207827e-05,Fold2_2018,9.544991397629097e-05,-9.256908909036602,-9.640554917282252
2018-06-04,5.387642270095424e-05,Fold2_2018,2.2469194476502344e-05,-10.703365321252418,-9.828817602446726
2018-06-05,4.537032789422033e-05,Fold2_2018,5.289516045482124e-07,-14.452368894059088,-10.000652237199235
2018-06-06,3.894158292285467e-05,Fold2_2018,6.931833060518349e-05,-9.576801175847947,-10.153447908541988
2018-06-07,3.412526603682813e-05,Fold2_2018,1.1772486913664841e-08,-18.257500645413508,-10.28547250853853
2018-06-08,3.055154709108328e-05,Fold2_2018,8.715967149406311e-06,-11.650353909887821,-10.396095232349575
2018-06-11,2.7726008585502953e-05,Fold2_2018,1.766451460805524e-06,-13.246537848132697,-10.493139647192834
2018-06-12,2.5571600425920717e-05,Fold2_2018,1.6683784738425794e-06,-13.303658376982941,-10.574028180634683
2018-06-13,2.3929320789535388e-05,Fold2_2018,1.0216642061965884e-05,-11.491492592543516,-10.640406039667221
2018-06-14,2.7229087790082234e-05,Fold2_2018,6.323742857025939e-06,-11.971199300888097,-10.51122475202035
2018-06-15,2.518375501112472e-05,Fold2_2018,1.6292252265655e-06,-13.327405977271958,-10.589311413733844
2018-06-18,2.466474797443827e-05,Fold2_2018,4.239137643678167e-06,-12.37115069533109,-10.61013554127368
2018-06-19,2.5390519757798276e-05,Fold2_2018,1.4746861881923918e-05,-11.124480251581609,-10.581134691492336
2018-06-20,3.002337127425477e-05,Fold2_2018,2.9046761778640746e-06,-12.749188644488486,-10.413534437123039
2018-06-21,2.7265100169260525e-05,Fold2_2018,3.954374071031652e-05,-10.138103138972907,-10.50990305567917
2018-06-22,4.049913669480549e-05,Fold2_2018,3.31812573187578e-06,-12.61611047303942,-10.114229900256616
2018-06-25,3.5162115537836365e-05,Fold2_2018,0.000187864111823729,-8.57979166593527,-10.25554131807693
2018-06-26,9.884769876107668e-05,Fold2_2018,4.891294308795765e-06,-12.228053604675033,-9.221930288729139
2018-06-27,7.889973554769013e-05,Fold2_2018,6.920402896587352e-05,-9.578451474985293,-9.447332681858365
2018-06-28,8.99685098724937e-05,Fold2_2018,3.250613911716997e-05,-10.334081590554247,-9.316050839165529
2018-06-29,7.245896980026177e-05,Fold2_2018,2.069074867923835e-06,-13.088408974295456,-9.53249009009411
2018-07-02,5.9302160495100184e-05,Fold2_2018,4.561424516742718e-06,-12.297875589200306,-9.732864819317355
2018-07-03,4.941059511282032e-05,Fold2_2018,1.2512107010770565e-05,-11.288813821546793,-9.915345680799057
2018-07-05,4.725408424575704e-05,Fold2_2018,6.601113474374477e-05,-9.625687121928927,-9.959971468696521
2018-07-06,4.0369259224304754e-05,Fold2_2018,7.093946043519777e-05,-9.553683714579527,-10.117441972925826
2018-07-09,3.5180353562543756e-05,Fold2_2018,8.035278837525743e-05,-9.429083763517202,-10.255022768604631
2018-07-10,3.1284604412734604e-05,Fold2_2018,1.2903661266223629e-05,-11.257999467778562,-10.372384453224397
2018-07-11,2.826190728269538e-05,Fold2_2018,5.389679192841422e-05,-9.828439600774,-10.473995692444038
2018-07-12,4.6194461061291256e-05,Fold2_2018,8.145275948704506e-05,-9.415487343968387,-9.982650657512256
2018-07-13,3.960718559381237e-05,Fold2_2018,6.199178308939754e-07,-14.293678898506426,-10.136500001775495
2018-07-16,3.4575096745592006e-05,Fold2_2018,8.00424520389446e-07,-14.038123599536858,-10.272376882280216
2018-07-17,3.139064041017187e-05,Fold2_2018,1.6297005568974013e-05,-11.024529174452741,-10.369000785592755
2018-07-18,2.8362025064379392e-05,Fold2_2018,4.416551428270738e-06,-12.330151386252833,-10.470459453194483
2018-07-19,2.605163325095027e-05,Fold2_2018,1.4278937065284096e-05,-11.156725039027467,-10.555430094956735
2018-07-20,3.030118786890826e-05,Fold2_2018,1.307538491473748e-06,-13.547364202454993,-10.40432364262306
2018-07-23,2.838078299361354e-05,Fold2_2018,3.450396263752311e-06,-12.577021474458162,-10.46979829698599
2018-07-24,2.6054989730191187e-05,Fold2_2018,2.519367714174585e-05,-10.58891750200292,-10.555301263762024
2018-07-25,2.4308561842596364e-05,Fold2_2018,7.202301493989875e-05,-9.538524838082978,-10.624681930473155
2018-07-26,2.305726077896461e-05,Fold2_2018,5.5791429837367995e-06,-12.09647538051071,-10.677529836867498
2018-07-27,2.4707051883830805e-05,Fold2_2018,4.6227059019904886e-05,-9.981945238256293,-10.608421853708435
2018-07-30,4.079505692666988e-05,Fold2_2018,2.7435822427384595e-05,-10.503661010596847,-10.106949637651958
2018-07-31,4.620864766886828e-05,Fold2_2018,2.418652570720089e-05,-10.629714868824808,-9.982343598412548
2018-08-01,3.9545038029420076e-05,Fold2_2018,2.795979686080763e-06,-12.787327998969332,-10.138070332318806
2018-08-02,3.602422774564008e-05,Fold2_2018,2.9517205889530125e-05,-10.430537214150414,-10.23131885293191
2018-08-03,3.187760748234888e-05,Fold2_2018,1.8277934611204385e-05,-10.909815984579664,-10.35360675446359
2018-08-06,2.8728728838470547e-05,Fold2_2018,1.3402476260412184e-05,-11.220071072526855,-10.457612931045182
2018-08-07,2.633397031139595e-05,Fold2_2018,1.0869169401017157e-05,-11.429580271800646,-10.54465080541756
2018-08-08,2.450797666128428e-05,Fold2_2018,1.7654723648061286e-07,-15.549677367593914,-10.61651191539101
2018-08-09,2.3375603512182194e-05,Fold2_2018,1.869475349318943e-06,-13.18985272832415,-10.663817664419838
2018-08-10,2.3368568618072506e-05,Fold2_2018,4.519602364497249e-05,-10.004501447452252,-10.66411865998109
2018-08-13,3.9339096298168615e-05,Fold2_2018,1.406616367125694e-05,-11.171738384197266,-10.143291716844013
2018-08-14,4.0184269739874066e-05,Fold2_2018,4.045794622731547e-05,-10.115247488083588,-10.122034938920255
2018-08-15,3.50084296227876e-05,Fold2_2018,5.6181506329075045e-05,-9.786922924097341,-10.25992167910833
2018-08-16,5.193824904374243e-05,Fold2_2018,6.494141261375049e-05,-9.6420250389276,-9.865455063431089
2018-08-17,4.3916021908736555e-05,Fold2_2018,1.2348921135734587e-05,-11.301941856136569,-10.033231340713678
2018-08-20,3.7803815173521624e-05,Fold2_2018,4.570189849629978e-06,-12.295955811332414,-10.183100529915428
2018-08-21,3.318603156811516e-05,Fold2_2018,5.4886075673487365e-06,-12.112835965332266,-10.31338150647616
2018-08-22,2.968824825021767e-05,Fold2_2018,3.5322283911362657e-07,-14.85616670690508,-10.424759272269176
2018-08-23,2.7407432502726592e-05,Fold2_2018,1.7645006976537e-06,-13.24764279844794,-10.504696322130783
2018-08-24,2.6364397995216533e-05,Fold2_2018,3.600752275872816e-05,-10.23178267581819,-10.543496018725687
2018-08-27,2.4532749859978613e-05,Fold2_2018,6.184071300802087e-05,-9.690948623867667,-10.615501604061677
2018-08-28,2.3186747336181137e-05,Fold2_2018,2.336233668799429e-07,-15.269555561543141,-10.671929678018607
2018-08-29,2.208477742595343e-05,Fold2_2018,2.8793571839681185e-05,-10.455358395746273,-10.72062199103071
2018-08-30,2.1282286989534734e-05,Fold2_2018,1.6453990843905737e-05,-11.014942505683855,-10.757635427952735
2018-08-31,2.7442796617484582e-05,Fold2_2018,1.1632787494831339e-09,-20.572023310716045,-10.503406842753016
2018-09-04,2.5371958843439944e-05,Fold2_2018,2.970441153964391e-06,-12.7268000794918,-10.581865976319119
2018-09-05,2.5333627532363197e-05,Fold2_2018,7.264743882582723e-06,-11.832477515165278,-10.583377893293884
2018-09-06,2.7011480701108265e-05,Fold2_2018,9.08640582344071e-06,-11.608731126927086,-10.51924857118443
2018-09-07,2.8966956019316876e-05,Fold2_2018,3.783733612088626e-06,-12.484799307749396,-10.449354825251543
2018-09-10,2.8362132571309982e-05,Fold2_2018,3.0174714223514477e-06,-12.711091354657038,-10.470455662677882
2018-09-11,2.598362034888456e-05,Fold2_2018,1.0836773637719519e-05,-11.432565241151554,-10.558044205049084
2018-09-12,2.4183386397328632e-05,Fold2_2018,5.8686559852646476e-08,-16.651055099656464,-10.629844673066332
2018-09-13,2.2812780706861237e-05,Fold2_2018,3.477349220822694e-05,-10.266655179592922,-10.68818962173897
2018-09-14,2.17960709273217e-05,Fold2_2018,2.9619478370359686e-08,-17.334833638985675,-10.73378083710476
2018-09-17,2.0996685175215894e-05,Fold2_2018,2.818394293797565e-05,-10.476758141552152,-10.771145981499528
2018-09-18,3.136809414921104e-05,Fold2_2018,2.92862516473634e-05,-10.43839237911516,-10.369719291537438
2018-09-19,2.8264375872519415e-05,Fold2_2018,1.1343632542067294e-06,-13.689439073965113,-10.473908349364402
2018-09-20,2.588084675218766e-05,Fold2_2018,6.514607990682213e-05,-9.638878426475065,-10.562007370466977
2018-09-21,2.4141755885078865e-05,Fold2_2018,8.35318883767757e-07,-13.995452288271698,-10.631567607364378
2018-09-24,2.3394004426354896e-05,Fold2_2018,1.107350560840847e-05,-11.410955184915473,-10.663030789526797
2018-09-25,2.6936295429667157e-05,Fold2_2018,8.619982117898853e-07,-13.964012640774563,-10.522035908328286
2018-09-26,2.5512422383029105e-05,Fold2_2018,8.977612701329819e-06,-11.620776557170606,-10.57634507214439
2018-09-27,2.7726168169531908e-05,Fold2_2018,7.782857566452928e-06,-11.763586990751561,-10.493133891457413
2018-09-28,2.546283498119767e-05,Fold2_2018,1.0782437578808004e-08,-18.345347176543825,-10.578290620633473
2018-10-01,2.377462210884055e-05,Fold2_2018,1.2027255092334488e-05,-11.328335225888619,-10.646891844134826
2018-10-02,2.244937918111129e-05,Fold2_2018,3.4002716704468697e-07,-14.894240319455676,-10.704247597560988
2018-10-03,2.178678009501694e-05,Fold2_2018,3.012487423847012e-07,-15.015329526806854,-10.734207189774562
2018-10-04,2.089807150453555e-05,Fold2_2018,6.156597279843817e-05,-9.695401229683906,-10.77585367576114
2018-10-05,4.2910939874621416e-05,Fold2_2018,3.15015479865956e-05,-10.36547387090853,-10.056383755807069
2018-10-08,4.903586223973388e-05,Fold2_2018,0.0,,-9.922958645105448
2018-10-09,4.16671603497933e-05,Fold2_2018,2.132937672283662e-06,-13.058010339584758,-10.085797261005235
2018-10-10,3.725221702736372e-05,Fold2_2018,0.0010352603371848893,-6.8731023503820845,-10.197799097396683
2018-10-11,0.00039531727395236693,Fold2_2018,0.0004960758614694086,-7.608781696423567,-7.835821890280009
2018-10-12,0.00047946319384903536,Fold2_2018,0.0001902440218992548,-8.567202984059115,-7.642843426025863
2018-10-15,0.0003648075655263605,Fold2_2018,3.172674979874319e-05,-10.358350390684084,-7.9161405611459195
2018-10-16,0.00029141745266471266,Fold2_2018,0.0004678446916709014,-7.667374172526874,-8.140753773530239
2018-10-17,0.00022496065856905472,Fold2_2018,3.1859808599113505e-08,-17.261920540043334,-8.39958502185224
2018-10-18,0.00017390325262982441,Fold2_2018,0.00021159007590204786,-8.460859759353857,-8.657011432754663
2018-10-19,0.00021196392879968773,Fold2_2018,2.947047960310545e-07,-15.037291673052682,-8.459094444940218
2018-10-22,0.0001644811454213837,Fold2_2018,2.0241458648549137e-05,-10.807777648525692,-8.712714611827122
2018-10-23,0.00013666498791535195,Fold2_2018,2.6046908670745243e-05,-10.55561146587591,-8.89797797055568
2018-10-24,0.00011781378004943033,Fold2_2018,0.0009466003025831398,-6.96263362083959,-9.046405315239916
2018-10-25,0.00042380757082569065,Fold2_2018,0.0003161773623300123,-8.059207228636007,-7.766231048142184
2018-10-26,0.00032560766531196644,Fold2_2018,0.0003148461485254818,-8.063426455832683,-8.02981738200008
2018-10-29,0.00036270093877129576,Fold2_2018,3.0865282512446884e-05,-10.385878548995008,-7.921931923392868
2018-10-30,0.000290988503057756,Fold2_2018,0.0002163830920353591,-8.438460146967962,-8.142226799965849
2018-10-31,0.00022523656078199478,Fold2_2018,0.00011286528848472292,-9.089315587716202,-8.398359326820719
2018-11-01,0.00017521134716260412,Fold2_2018,0.00011205589390314996,-9.09651275844787,-8.649517614649428
2018-11-02,0.00013729049365131412,Fold2_2018,3.528946722511525e-05,-10.25192601744078,-8.89341148537826
2018-11-05,0.00012192750199574798,Fold2_2018,3.0270592871993276e-05,-10.405333848997799,-9.012083935801606
2018-11-06,9.659559106289275e-05,Fold2_2018,3.978564422600825e-05,-10.132004408579983,-9.244977458958274
2018-11-07,7.740529644910834e-05,Fold2_2018,0.0004487313318523724,-7.709086219356078,-9.466455350134746
2018-11-08,6.541875904833318e-05,Fold2_2018,3.2991522931967507e-06,-12.621845003340846,-9.634701505029163
2018-11-09,5.560919712006949e-05,Fold2_2018,9.635923507040703e-05,-9.247427318497275,-9.79716195455884
2018-11-12,8.185486375266791e-05,Fold2_2018,0.00035578357142155106,-7.941187957431089,-9.4105628331555
2018-11-13,0.00019040828488777365,Fold2_2018,3.5075334419579756e-06,-12.560597490601,-8.566339923487638
2018-11-14,0.00015113940785382683,Fold2_2018,4.706001855040559e-05,-9.96408678047887,-8.797307916244753
2018-11-15,0.00013721970516578468,Fold2_2018,0.00010779990396632924,-9.135233790340152,-8.893927229328057
2018-11-16,0.0001092394498487471,Fold2_2018,6.7435684477096905e-06,-11.906921329865332,-9.121968297541837
2018-11-19,8.773737720806265e-05,Fold2_2018,0.00029100607627909476,-8.142166410326606,-9.341162555446395
2018-11-20,0.0001720708724547902,Fold2_2018,0.000348936001970263,-7.960622028020552,-8.667604116864005
2018-11-21,0.0002567531003667128,Fold2_2018,1.1573983178458642e-05,-11.366750808204158,-8.267395633798278
2018-11-23,0.00020005982527993992,Fold2_2018,4.490756032947203e-05,-10.010904395887922,-8.51689410974592
2018-11-26,0.00017385811294229906,Fold2_2018,0.0002564974529018898,-8.268391823609813,-8.657271034264477
2018-11-27,0.0001376222039946237,Fold2_2018,1.1281681584162034e-05,-11.392330246395066,-8.890998279243165
2018-11-28,0.00010949389857886307,Fold2_2018,0.0005181985385846748,-7.565152110016476,-9.119641731001153
2018-11-29,8.908894793968013e-05,Fold2_2018,4.784766331382705e-06,-12.250073367818587,-9.325875272262273
2018-11-30,7.468299218535269e-05,Fold2_2018,3.6928876355681324e-05,-10.206516755891387,-9.502258173337207
2018-12-03,6.142595510958104e-05,Fold2_2018,0.00017304012666272456,-8.661987044334506,-9.69767809047839
2018-12-04,5.18024052782049e-05,Fold2_2018,0.0010849767580955517,-6.82619671332924,-9.86807397583468
2018-12-06,0.00039168941822586076,Fold2_2018,2.305293764699532e-06,-12.980302442911997,-7.845041332653926
2018-12-07,0.00031069523611571644,Fold2_2018,0.0005527213220818072,-7.5006566218308,-8.076698074429146
2018-12-10,0.0004248956338511056,Fold2_2018,3.591540288045158e-06,-12.536929397884794,-7.763666986605634
2018-12-11,0.0003362357059660206,Fold2_2018,5.163681255703881e-08,-16.779030997175106,-7.997698138090035
2018-12-12,0.00026742958858998433,Fold2_2018,2.5227403478192145e-05,-10.587579714670259,-8.226654246501093
2018-12-13,0.00021365453499467803,Fold2_2018,1.1488139661104081e-07,-15.979365574590862,-8.451150169819721
2018-12-14,0.00017144534982616803,Fold2_2018,0.00034735671137335714,-7.965158319367141,-8.671246002046862
2018-12-17,0.0002493541285990278,Fold2_2018,0.00039256490648235503,-7.842808667579373,-8.296636468663745
2018-12-18,0.0003245546655176894,Fold2_2018,1.2034136403942652e-06,-13.630348339344671,-8.033056575244755
2018-12-19,0.00025924271529054107,Fold2_2018,0.00022768242095765742,-8.387558790520192,-8.257745810418024
2018-12-20,0.00028049454401322634,Fold2_2018,0.0002693523221225471,-8.219490287666254,-8.178956284123934
2018-12-21,0.0003101727476518217,Fold2_2018,0.0004285845182697215,-7.755022597206407,-8.078381165201732
2018-12-24,0.00038316811602005107,Fold2_2018,0.0007170829219645396,-7.240319072776239,-7.8670367198698345
2018-12-26,0.0005308446767307642,Fold2_2018,0.0024295032295761207,-6.020068474802007,-7.541041090376834
2018-12-27,0.00042855956063565114,Fold2_2018,5.8489815335138206e-05,-9.746657915718322,-7.755080831602914
2018-12-28,0.000338688023326315,Fold2_2018,1.6659599329552644e-06,-13.305109064355605,-7.99043115947932
2018-12-31,0.0002702602382199879,Fold2_2018,7.605320137511283e-05,-9.484077444482736,-8.216125217907273
2019-01-02,0.000215786907102198,Fold3_2019,1.080837147633855e-06,-13.737774680393429,-8.441219178425692
2019-01-03,0.00017278752553804135,Fold3_2019,0.0005833265050542325,-7.446763485404651,-8.663447894373526
2019-01-04,0.0003261106752226396,Fold3_2019,0.001085505792106034,-6.825709232772523,-8.028273739664826
2019-01-07,0.0002620545800406956,Fold3_2019,6.168100745174427e-05,-9.69353449531885,-8.246957755132922
2019-01-08,0.00020954523374245917,Fold3_2019,8.744997001910669e-05,-9.344443699334407,-8.470570929056073
2019-01-09,0.00016834830134903312,Fold3_2019,2.1740754356185612e-05,-10.736321977876628,-8.689475502404928
2019-01-10,0.00013580304069472313,Fold3_2019,1.240064157626697e-05,-11.297762346670222,-8.90430495211301
2019-01-11,0.00011012020855704365,Fold3_2019,1.4916312939946539e-07,-15.718225301703917,-9.113937983784618
2019-01-14,8.984025424642619e-05,Fold3_2019,3.745075611458686e-05,-10.192483658229243,-9.317477417546703
2019-01-15,8.737984262447947e-05,Fold3_2019,0.0001298612221847973,-8.949044199371182,-9.345245935489991
2019-01-16,7.258392892409381e-05,Fold3_2019,5.840354928331218e-06,-12.050718987571708,-9.530767025320205
2019-01-17,6.050572631477501e-05,Fold3_2019,5.712680249571558e-05,-9.770237155712206,-9.712772547575499
2019-01-18,5.129383665647551e-05,Fold3_2019,0.00017482893118954529,-8.651702598200474,-9.877939956153941
2019-01-22,4.482238936771585e-05,Fold3_2019,0.00018503585477727108,-8.594960942057734,-10.012802780710878
2019-01-23,9.953507609957972e-05,Fold3_2019,4.3693998869826716e-06,-12.34088488392006,-9.215000452307711
2019-01-24,8.228470004457794e-05,Fold3_2019,2.823358860804129e-07,-15.080168389396212,-9.405325372246804
2019-01-25,6.870774889798068e-05,Fold3_2019,7.099466291304006e-05,-9.552905853987255,-9.585648571821826
2019-01-28,5.806993960454947e-05,Fold3_2019,5.820622610507498e-05,-9.751518231198164,-9.7538624186265
2019-01-29,6.920819018360752e-05,Fold3_2019,1.7632797766359892e-06,-13.248334973641581,-9.578391347089637
2019-01-30,5.9345380672377255e-05,Fold3_2019,0.00024670032705410063,-8.30733620871399,-9.732136271911086
2019-01-31,5.0869052048016495e-05,Fold3_2019,7.64602626799859e-05,-9.478739394180252,-9.886255834097481
2019-02-01,4.4030737913333956e-05,Fold3_2019,2.3176220956773767e-07,-15.27755394966928,-10.030622579006273
2019-02-04,3.854122680167777e-05,Fold3_2019,4.915662551118324e-05,-9.920498918600849,-10.163782063578145
2019-02-05,3.42657144803788e-05,Fold3_2019,1.7494536488260188e-05,-10.953621926450428,-10.281365281534983
2019-02-06,3.0841552032559304e-05,Fold3_2019,1.7390926697705213e-06,-13.26214703489721,-10.386647685225457
2019-02-07,2.9058242525386525e-05,Fold3_2019,9.175187032882081e-05,-9.2964226861821,-10.446208379098097
2019-02-08,5.696944592809058e-05,Fold3_2019,1.4906409261569586e-06,-13.41630437871247,-9.772995470197857
2019-02-11,4.878735267557806e-05,Fold3_2019,3.0706990395607677e-07,-14.996190415096306,-9.928039445178666
2019-02-12,4.2354568130999624e-05,Fold3_2019,0.00016326281167659143,-8.720149314010522,-10.069434276544039
2019-02-13,3.7360047303775055e-05,Fold3_2019,1.0509374363256866e-05,-11.463242902605884,-10.194908678443431
2019-02-14,3.333280145161607e-05,Fold3_2019,4.930604899762271e-06,-12.220048879715883,-10.308968617223115
2019-02-15,3.227197187760921e-05,Fold3_2019,0.00011746195918647319,-9.04939602840341,-10.34131144817046
2019-02-19,2.938780650556708e-05,Fold3_2019,2.990540881205579e-06,-12.720056290197245,-10.434930714358616
2019-02-20,2.7021729343873572e-05,Fold3_2019,4.054512165944063e-06,-12.415680181963499,-10.51886922511635
2019-02-21,2.5138768605348033e-05,Fold3_2019,1.2691136145405467e-05,-11.274606749480805,-10.591099337491542
2019-02-22,2.8494704520750758e-05,Fold3_2019,3.820696514922658e-05,-10.172492725223135,-10.465792294243244
2019-02-25,2.6332766238830934e-05,Fold3_2019,1.8499005649012494e-06,-13.200378669020582,-10.544696529631517
2019-02-26,2.4585451002949175e-05,Fold3_2019,5.120939658845846e-07,-14.484757701627615,-10.613355712629659
2019-02-27,2.3608024243106056e-05,Fold3_2019,1.8473265867545453e-07,-15.504356145255892,-10.653923893422009
2019-02-28,2.26458615477046e-05,Fold3_2019,3.4753184698736094e-06,-12.569824437139964,-10.695533435854932
2019-03-01,2.3264783344835598e-05,Fold3_2019,3.874421397396206e-05,-10.158529130114761,-10.668569785204658
2019-03-04,2.2180270370728177e-05,Fold3_2019,1.3279064210433314e-05,-11.229321882480667,-10.716307386272877
2019-03-05,2.6350658697853633e-05,Fold3_2019,1.8524860041042485e-06,-13.198982034944116,-10.544017285268337
2019-03-06,2.555995009960909e-05,Fold3_2019,3.691546229635139e-05,-10.206880062265913,-10.57448388074131
2019-03-07,3.678452934345599e-05,Fold3_2019,7.056878457425816e-05,-9.558922656080465,-10.21043319945717
2019-03-08,5.646557719433494e-05,Fold3_2019,4.006727142737552e-06,-12.427535823777948,-9.781879358679637
2019-03-11,5.008924307214635e-05,Fold3_2019,0.00020727494523887867,-8.481464408157523,-9.901704282065557
2019-03-12,4.3548952702833457e-05,Fold3_2019,1.4167932240300553e-05,-11.16452944008266,-10.041624903110298
2019-03-13,3.8147679484177324e-05,Fold3_2019,4.352656055586382e-05,-10.042139218711212,-10.174045628186613
2019-03-14,3.3911645617802195e-05,Fold3_2019,4.0943884383251393e-07,-14.708478288316485,-10.291752074021554
2019-03-15,3.0906973020954355e-05,Fold3_2019,2.428484799216616e-05,-10.625657941516353,-10.384528735410335
2019-03-18,2.8181262803138975e-05,Fold3_2019,1.3099218001923182e-05,-11.242958024048637,-10.47685324046303
2019-03-19,2.6014143881484298e-05,Fold3_2019,6.158841662484324e-08,-16.602792025893507,-10.55687017241297
2019-03-20,2.4296955507619813e-05,Fold3_2019,9.088907138509231e-06,-11.60845588378937,-10.625159503219209
2019-03-21,2.65978369570903e-05,Fold3_2019,0.0001261463649965161,-8.978067698222876,-10.53468066288568
2019-03-22,2.487631337531931e-05,Fold3_2019,0.00037768121963848697,-7.881460052440822,-10.601594477305625
2019-03-25,0.0001435280524041652,Fold3_2019,5.65604735780174e-07,-14.385370349378992,-8.84898005473268
2019-03-26,0.0001165169361767129,Fold3_2019,5.515067605790471e-05,-9.805441553810347,-9.057473920617019
2019-03-27,9.562972757067014e-05,Fold3_2019,2.748535905256357e-05,-10.50185709315453,-9.255026828392094
2019-03-28,8.876561664516483e-05,Fold3_2019,1.4313097233211796e-05,-11.154335549435741,-9.32951118288924
2019-03-29,7.380018731107527e-05,Fold3_2019,3.95095356439154e-05,-10.138968506484872,-9.514149288270618
2019-04-01,6.216450354760186e-05,Fold3_2019,0.00013899823752404987,-8.881049304597065,-9.685726403634826
2019-04-02,5.3435515890047647e-05,Fold3_2019,2.3948664519704505e-07,-15.244768182831594,-9.837034941499581
2019-04-03,4.599156991113903e-05,Fold3_2019,2.472540530734182e-06,-12.910264380971492,-9.987052441071183
2019-04-04,4.012632070375726e-05,Fold3_2019,7.021445696280788e-06,-11.866541421488073,-10.12347806232039
2019-04-05,3.550032031722823e-05,Fold3_2019,2.331458287022069e-05,-10.66643151891183,-10.245968838503098
2019-04-08,3.191784144568834e-05,Fold3_2019,5.807655838521597e-07,-14.358918631644451,-10.352345411551209
2019-04-09,2.8982301791784337e-05,Fold3_2019,2.6397348039032617e-05,-10.542247005924697,-10.448825197318216
2019-04-10,3.609539735405948e-05,Fold3_2019,1.1593261831680961e-05,-11.365086505205344,-10.229345197871353
2019-04-11,3.2340843270347314e-05,Fold3_2019,7.692987669363608e-08,-16.38037152231533,-10.339179629005377
2019-04-12,2.9493598530990768e-05,Fold3_2019,4.5464550263338364e-05,-9.998577650766736,-10.431337317115645
2019-04-15,2.7313619355117446e-05,Fold3_2019,4.289782387952527e-07,-14.661859644723963,-10.508125102694528
2019-04-16,2.575055512333708e-05,Fold3_2019,4.289782387952667e-07,-14.66185964472393,-10.567054372899056
2019-04-17,2.412137291770574e-05,Fold3_2019,6.000884400820822e-06,-12.023603699461749,-10.632412267422296
2019-04-18,2.539892189105143e-05,Fold3_2019,3.869145510836073e-06,-12.462476873535675,-10.580803830074803
2019-04-22,2.3837269561483096e-05,Fold3_2019,7.430967886609773e-07,-14.11243953333589,-10.64426025414338
2019-04-23,2.2573324652224075e-05,Fold3_2019,8.013364556031338e-05,-9.431814747635578,-10.698741673941177
2019-04-24,2.2135256536118768e-05,Fold3_2019,4.9374128037684845e-06,-12.21866908788923,-10.718338902232746
2019-04-25,2.3467129001727883e-05,Fold3_2019,3.8015527885357856e-07,-14.782686039129844,-10.659909881884287
2019-04-26,2.267706187294318e-05,Fold3_2019,2.158761680300006e-05,-10.743390703828636,-10.694156634545028
2019-04-29,2.1801527540494046e-05,Fold3_2019,2.453866977710715e-06,-12.917845419456622,-10.733530519959201
2019-04-30,2.099554689987793e-05,Fold3_2019,2.6019590691462944e-07,-15.16183100152736,-10.771200195113902
2019-05-01,2.0336717692060634e-05,Fold3_2019,5.691830373040698e-05,-9.77389358612823,-10.803082552437482
2019-05-02,3.923423720356276e-05,Fold3_2019,4.672761731651929e-06,-12.273760283850677,-10.145960794307927
2019-05-03,3.6762111992659434e-05,Fold3_2019,9.487117955033344e-05,-9.262990591303447,-10.211042808572788
2019-05-06,3.322713635943049e-05,Fold3_2019,1.7005565654411668e-05,-10.98196987605296,-10.31214365567498
2019-05-07,3.632318407931348e-05,Fold3_2019,0.0002836020110470216,-8.16793867219244,-10.223054340691762
2019-05-08,0.0001239262264843016,Fold3_2019,1.9324960558676217e-06,-13.156698097435108,-8.995824117118097
2019-05-09,0.00010152057991646902,Fold3_2019,9.18439650957142e-06,-11.59800454536744,-9.195249022237292
2019-05-10,8.698589038877281e-05,Fold3_2019,2.5110780203884404e-05,-10.592213313836453,-9.349764631901591
2019-05-13,7.217196532217869e-05,Fold3_2019,0.0006477886224873591,-7.341946114691935,-9.536458879406911
2019-05-14,0.00026681838427692505,Fold3_2019,8.105917650984386e-05,-9.420331095835653,-8.228942339711578
2019-05-15,0.0002125633695544545,Fold3_2019,3.4107259136940575e-05,-10.286000318413945,-8.456270404387446
2019-05-16,0.00017032862462785394,Fold3_2019,8.498671022635642e-05,-9.373015663976096,-8.677780900874263
2019-05-17,0.00013773852827964595,Fold3_2019,4.2069666004580315e-05,-10.076183599433522,-8.89015339267578
2019-05-20,0.00012652013810956646,Fold3_2019,4.401046268392015e-05,-10.03108316404225,-8.975109067924778
2019-05-21,0.00011833290613242722,Fold3_2019,8.055444170744701e-05,-9.426577307621383,-9.042008667311986
2019-05-22,9.704934235967118e-05,Fold3_2019,9.459677869142927e-06,-11.568472227367906,-9.240291024676479
2019-05-23,8.374080516479335e-05,Fold3_2019,0.0001511558948408526,-8.797198837559803,-9.387784182363454
2019-05-24,0.00011884228280555393,Fold3_2019,5.135314054184576e-06,-12.179369556924305,-9.037713298487093
2019-05-28,9.712455502370508e-05,Fold3_2019,8.731142198298065e-05,-9.34602926767493,-9.239516330767472
2019-05-29,0.00010906709296579686,Fold3_2019,4.5340895248805836e-05,-10.001301167848114,-9.123547333300824
2019-05-30,0.00010501524953428536,Fold3_2019,7.438517536692265e-06,-11.808838984794285,-9.161404984692277
2019-05-31,8.62851824798587e-05,Fold3_2019,0.00018406408609466303,-8.600226567002828,-9.357852672416662
2019-06-03,0.00013084074431053474,Fold3_2019,6.481243133689246e-06,-11.94659822438063,-8.941529666602424
2019-06-04,0.00010924614192820236,Fold3_2019,0.00046115074557036826,-7.681785571520613,-9.121907038770464
2019-06-05,9.160092160862435e-05,Fold3_2019,7.438825097085436e-05,-9.506212545653849,-9.29806922510528
2019-06-06,7.61111342931959e-05,Fold3_2019,4.201136309624093e-05,-10.077570426362435,-9.483315992456179
2019-06-07,6.381887362855234e-05,Fold3_2019,9.914776486598913e-05,-9.218899246207794,-9.659461586462148
2019-06-10,5.444207645339799e-05,Fold3_2019,2.096240877470904e-05,-10.77277978265702,-9.818373238854798
2019-06-11,4.671097644828472e-05,Fold3_2019,5.856372069117401e-08,-16.653150432918707,-9.97153137918824
2019-06-12,4.0730672968257866e-05,Fold3_2019,3.1224888624514984e-06,-12.676880161822055,-10.10852911377269
2019-06-13,3.740876979547189e-05,Fold3_2019,1.6955776783590273e-05,-10.984901969010272,-10.193605394521509
2019-06-14,3.3353945765984683e-05,Fold3_2019,1.2219813978742173e-06,-13.615036920019593,-10.30833447877854
2019-06-17,3.0865227495184336e-05,Fold3_2019,1.4455470015168005e-07,-15.74960785326256,-10.385880331493242
2019-06-18,2.816150111536518e-05,Fold3_2019,0.00010849733125422491,-9.12878498202152,-10.477554721441589
2019-06-19,2.6390120645754312e-05,Fold3_2019,5.083787467449722e-06,-12.18945400971039,-10.542520835812871
2019-06-20,2.468013679548764e-05,Fold3_2019,9.041905979070527e-05,-9.311055474396676,-10.609511816175527
2019-06-21,2.3629403278315154e-05,Fold3_2019,2.1154244381680916e-06,-13.066255085614655,-10.653018719800556
2019-06-24,2.3610538882576406e-05,Fold3_2019,1.5005475639499933e-06,-13.409680473834632,-10.653817382791178
2019-06-25,2.337479135401361e-05,Fold3_2019,9.715444883590826e-05,-9.239208589716249,-10.663852408860864
2019-06-26,5.428531827773634e-05,Fold3_2019,9.955367299265028e-07,-13.819983818164484,-9.821256749209567
2019-06-27,4.7267739903559184e-05,Fold3_2019,1.2527879118863515e-05,-11.28755406763981,-9.959682526792998
2019-06-28,4.120070616054679e-05,Fold3_2019,2.6348121791079835e-05,-10.5441135647933,-10.09705516193658
2019-07-01,3.645764296025274e-05,Fold3_2019,8.167648163143994e-05,-9.412744460066962,-10.219359438081247
2019-07-02,3.278073834350424e-05,Fold3_2019,6.7632967344747835e-06,-11.904000104173306,-10.325669460695295
2019-07-03,2.9799871530471178e-05,Fold3_2019,6.341631767057064e-05,-9.665789353129322,-10.421006475520223
2019-07-05,2.752094525993203e-05,Fold3_2019,1.2959678260910047e-06,-13.556252785889415,-10.500563197381018
2019-07-08,2.641492475685079e-05,Fold3_2019,3.0360515913260986e-05,-10.402367612390814,-10.541581375852873
2019-07-09,3.5389548867783596e-05,Fold3_2019,1.5516645104318777e-06,-13.376182325529317,-10.249094011137046
2019-07-10,3.185948702024846e-05,Fold3_2019,2.2721277565952544e-05,-10.692208734796422,-10.354175354671366
2019-07-11,2.90940233706191e-05,Fold3_2019,5.482664075855535e-06,-12.113919429905545,-10.444977787333643
2019-07-12,2.6896009908334483e-05,Fold3_2019,1.9951580281805004e-05,-10.822202205644965,-10.52353261290373
2019-07-15,2.5164067423035808e-05,Fold3_2019,1.1080235107270363e-07,-16.015517843790626,-10.59009347691515
2019-07-16,2.377631651996896e-05,Fold3_2019,1.0438003110447657e-05,-11.47005726675041,-10.646820576934724
2019-07-17,2.6752386619606945e-05,Fold3_2019,4.662696094094885e-05,-9.973331623169974,-10.528886869177516
2019-07-18,4.082106000883478e-05,Fold3_2019,1.3356091691326397e-05,-11.223537970727754,-10.106312433040392
2019-07-19,3.6119835745295334e-05,Fold3_2019,3.103012478012947e-05,-10.380552058238159,-10.228668376898273
2019-07-22,4.3194427237090304e-05,Fold3_2019,6.020547108646239e-06,-12.020332420938125,-10.049799070176743
2019-07-23,3.799086997663813e-05,Fold3_2019,5.0754707257305044e-05,-9.888506190505225,-10.178164690878534
2019-07-24,3.393635874290569e-05,Fold3_2019,2.1984758770786238e-05,-10.725161127837174,-10.291023589037234
2019-07-25,3.071621027679049e-05,Fold3_2019,2.2931539435223e-05,-10.682997327053933,-10.390720020680417
2019-07-26,3.6318215585788405e-05,Fold3_2019,4.459275080783247e-05,-10.017939250089954,-10.223191135785353
2019-07-29,3.2611126227343766e-05,Fold3_2019,3.322500766503098e-06,-12.61479281565833,-10.330857032502317
2019-07-30,3.1209797049416606e-05,Fold3_2019,6.041591597771606e-06,-12.016843071165262,-10.374778504444908
2019-07-31,3.1074342807338635e-05,Fold3_2019,0.00012100935713922201,-9.01964268362837,-10.379128069388443
2019-08-01,6.719890649456839e-05,Fold3_2019,7.649384040474024e-05,-9.478300337958594,-9.607853582969824
2019-08-02,8.197136418683654e-05,Fold3_2019,5.7125182401960567e-05,-9.77026551572287,-9.40914058892426
2019-08-05,8.749586412020484e-05,Fold3_2019,0.0009323495285623934,-6.9778027829387534,-9.343919032915494
2019-08-06,0.0003700477564558224,Fold3_2019,0.00019391373489042262,-8.548097163307258,-7.901878489152791
2019-08-07,0.00029322470812671126,Fold3_2019,3.487669317424083e-07,-14.868861955190319,-8.134571320947392
2019-08-08,0.00023315470786084425,Fold3_2019,0.00037753784987204736,-7.881839729739635,-8.363808342501866
2019-08-09,0.00018726567557066925,Fold3_2019,4.672236918408964e-05,-9.971287510454134,-8.582982224407703
2019-08-12,0.00016698855154574963,Fold3_2019,0.00015001107302420685,-8.804801446431213,-8.69758530151569
2019-08-13,0.00018428925880349648,Fold3_2019,0.00023815171853674237,-8.342602614548849,-8.599003976031414
2019-08-14,0.00014872060565921692,Fold3_2019,0.0009008019927439856,-7.012225088387705,-8.813441142079437
2019-08-15,0.00040862424600299343,Fold3_2019,6.9608353029039195e-06,-11.875211076034098,-7.80271453812688
2019-08-16,0.0003233982086892144,Fold3_2019,0.0002145259695966303,-8.447079756544069,-8.036626149830997
2019-08-19,0.00025780518323984756,Fold3_2019,0.00014342432629902056,-8.849703004722716,-8.26330636199859
2019-08-20,0.00020633500668821734,Fold3_2019,5.916425558740671e-05,-9.735192989182622,-8.486009464021624
2019-08-21,0.00018615782644381876,Fold3_2019,6.56510667070074e-05,-9.631156708954366,-8.588915714780672
2019-08-22,0.0001500206527931061,Fold3_2019,9.476504750077992e-08,-16.171865192920134,-8.804737588058394
2019-08-23,0.00012163578149021112,Fold3_2019,0.0006772151497323871,-7.297521536820871,-9.014479376040839
2019-08-26,0.00031453854190910434,Fold3_2019,0.00012094879165709354,-9.020143311391433,-8.064403939541917
2019-08-27,0.0002512757458144547,Fold3_2019,1.5455159128683175e-05,-11.077567686174179,-8.288959632937472
2019-08-28,0.00020737001879659456,Fold3_2019,4.923525365262662e-05,-9.918900653401542,-8.481005830011743
2019-08-29,0.0001671302257067488,Fold3_2019,0.00016109266650592613,-8.73353079019596,-8.696737254778212
2019-08-30,0.00013565358162471512,Fold3_2019,1.9729790784216847e-07,-15.438551027916443,-8.905406115782059
2019-09-03,0.00011081370409392093,Fold3_2019,3.439121102133627e-05,-10.277709519794769,-9.10766010814109
2019-09-04,0.00010311509308277016,Fold3_2019,0.00012738050238300365,-8.968331869058007,-9.179664785000334
2019-09-05,8.521549531009927e-05,Fold3_2019,0.00016316763912420026,-8.720732424776411,-9.370327270828472
2019-09-06,7.130524529640649e-05,Fold3_2019,5.952047491005143e-07,-14.334360374459841,-9.548540666680395
2019-09-09,5.987287307643636e-05,Fold3_2019,2.53118369605265e-07,-15.189408593580719,-9.723287025595894
2019-09-10,5.0855222734227926e-05,Fold3_2019,5.4833031496688955e-08,-16.7189730600439,-9.886527732106158
2019-09-11,4.390378391387703e-05,Fold3_2019,5.020779462996723e-05,-9.899340271806674,-10.033510047659659
2019-09-12,3.850052622072272e-05,Fold3_2019,1.195586706024172e-05,-11.334288432687561,-10.164838648693223
2019-09-13,3.4115451066756755e-05,Fold3_2019,4.411734257730981e-07,-14.633827783083019,-10.285760165836274
2019-09-16,3.1039823181200646e-05,Fold3_2019,9.57025218737852e-06,-11.556851000978432,-10.38023955914742
2019-09-17,3.217524498476835e-05,Fold3_2019,6.394620199565629e-06,-11.960053514913614,-10.344313190376857
2019-09-18,2.9164200897012243e-05,Fold3_2019,3.578316004650285e-07,-14.843203350976172,-10.442568597516445
2019-09-19,2.677637276009524e-05,Fold3_2019,4.4235967668043e-09,-19.23631272362455,-10.527990672726425
2019-09-20,2.498105021947864e-05,Fold3_2019,2.2432174940788402e-05,-10.7050142484269,-10.597393011737523
2019-09-23,3.198595576718893e-05,Fold3_2019,5.5143238932672646e-08,-16.713331692911357,-10.350213633776907
2019-09-24,2.9155056377935385e-05,Fold3_2019,6.205406012628993e-05,-9.68750461531507,-10.442882199560747
2019-09-25,4.844778568538683e-05,Fold3_2019,3.477799272824953e-05,-10.266525764094949,-9.935023923759909
2019-09-26,4.194935336885974e-05,Fold3_2019,4.348542070204163e-06,-12.345669925316002,-10.079047539499784
2019-09-27,3.882296062807001e-05,Fold3_2019,2.9179629956085387e-05,-10.442039696372753,-10.156498717596444
2019-09-30,4.501039862241452e-05,Fold3_2019,2.140989978870893e-05,-10.751657135957059,-10.00861701439084
2019-10-01,3.924781485356256e-05,Fold3_2019,0.0001431920472158265,-8.85132384118225,-10.145614787806329
2019-10-02,8.25733729730436e-05,Fold3_2019,0.0003176268703842914,-8.054633227685507,-9.401823290508018
2019-10-03,0.00017394938079401607,Fold3_2019,6.657908411892062e-05,-9.61712008201113,-8.656746216050635
2019-10-04,0.0001394652554220599,Fold3_2019,0.00018065687123412278,-8.618911064923914,-8.87769505279955
2019-10-07,0.0001131915588233279,Fold3_2019,1.8696471047886652e-05,-10.88717576592922,-9.086428963674091
2019-10-08,9.939928300890254e-05,Fold3_2019,0.0002448145414281561,-8.315009607831481,-9.216365657517876
2019-10-09,0.00016311503346323297,Fold3_2019,8.93360022622602e-05,-9.323105990497732,-8.721054879297247
2019-10-10,0.00013129521307384055,Fold3_2019,4.543221807265878e-05,-9.99928905542138,-8.938062235249753
2019-10-11,0.00010648662945710014,Fold3_2019,0.00010637839065060283,-9.148508097072463,-9.147491125699982
2019-10-14,8.731771439570343e-05,Fold3_2019,1.2425382685250364e-06,-13.59835427983219,-9.345957201662856
2019-10-15,7.293136620053802e-05,Fold3_2019,9.706270708695859e-05,-9.240153323515251,-9.525991748104543
2019-10-16,6.113894342696072e-05,Fold3_2019,2.583885381656868e-06,-12.866216329971653,-9.702361522858615
2019-10-17,5.3057256743954564e-05,Fold3_2019,8.671902045732508e-06,-11.655422408795204,-9.844138911609797
2019-10-18,4.542196781357481e-05,Fold3_2019,1.924498267622295e-05,-10.85826017139925,-9.999514697399842
2019-10-21,4.680522664670857e-05,Fold3_2019,4.564769380527381e-05,-9.994557471251479,-9.969515680791249
2019-10-22,4.064579076109239e-05,Fold3_2019,1.0708164840802364e-05,-11.444504038251855,-10.11061527564456
2019-10-23,4.010028364444661e-05,Fold3_2019,8.440422002385524e-06,-11.682478250323737,-10.124127150249171
2019-10-24,3.5326382446613976e-05,Fold3_2019,2.6668127186475014e-06,-12.83462653695953,-10.250880495081903
2019-10-25,3.1572807883637066e-05,Fold3_2019,1.6699377596798285e-05,-11.000139108888893,-10.363214317834165
2019-10-28,2.868216690448234e-05,Fold3_2019,3.1591306162202886e-05,-10.362628596673533,-10.459234990537363
2019-10-29,2.649419017085067e-05,Fold3_2019,8.801795245597812e-08,-16.245725038092864,-10.538585087844268
2019-10-30,2.4858507176631396e-05,Fold3_2019,9.379388115128995e-06,-11.57699603000258,-10.602310522895056
2019-10-31,2.3418982548553995e-05,Fold3_2019,7.113428026329294e-06,-11.853526288804836,-10.661963644438066
2019-11-01,2.539222750953214e-05,Fold3_2019,8.503347101219543e-05,-9.372465602369557,-10.581067434330153
2019-11-04,2.414409578351843e-05,Fold3_2019,1.607531597570514e-05,-11.038225631691308,-10.631470688769777
2019-11-05,2.290866806322176e-05,Fold3_2019,1.223565086752898e-06,-13.613741758296015,-10.683995200979345
2019-11-06,2.2683934338744597e-05,Fold3_2019,5.182166260240428e-08,-16.77545757814334,-10.69385362242325
2019-11-07,2.1730231098025147e-05,Fold3_2019,1.2325054629753676e-05,-11.303876405610968,-10.73680612877664
2019-11-08,2.0992366259550346e-05,Fold3_2019,6.065934788427294e-06,-12.012821899097363,-10.771351697777138
2019-11-11,2.0383724336926364e-05,Fold3_2019,3.6543652739908594e-06,-12.519588139489938,-10.8007738021684
2019-11-12,2.1707246315944814e-05,Fold3_2019,4.435014774647898e-06,-12.32597961083333,-10.73786442155025
2019-11-13,2.0912401783245538e-05,Fold3_2019,1.045647962025178e-07,-16.073458898344683,-10.775168188219657
2019-11-14,2.0271542691867596e-05,Fold3_2019,2.1165149161619373e-06,-13.065739729449701,-10.80629249324947
2019-11-15,1.9746160649922832e-05,Fold3_2019,5.198933736324644e-05,-9.864471911115416,-10.832551482987043
2019-11-18,1.960305144480598e-05,Fold3_2019,5.439560130160826e-07,-14.424397451786007,-10.839825317886115
2019-11-19,1.923264945479528e-05,Fold3_2019,8.322837428702327e-08,-16.30167751015554,-10.858901230693546
2019-11-20,1.9123440014109794e-05,Fold3_2019,1.388097891462806e-05,-11.184991078382033,-10.864595749468199
2019-11-21,2.4545197691949724e-05,Fold3_2019,2.592907611823446e-06,-12.862730681883058,-10.61499433622107
2019-11-22,2.446189509726016e-05,Fold3_2019,4.934915070785797e-06,-12.21917509479413,-10.618393953304171
2019-11-25,2.300149822632463e-05,Fold3_2019,5.960349844251039e-05,-9.727796286915833,-10.679951203881677
2019-11-26,2.210492524465773e-05,Fold3_2019,5.120610079030793e-06,-12.182236969950676,-10.719710112521339
2019-11-27,2.11713585383677e-05,Fold3_2019,1.978290778189744e-05,-10.830692236411394,-10.762861302067432
2019-11-29,2.049708158575011e-05,Fold3_2019,1.3804392049474863e-05,-11.190523751981804,-10.795228043625022
2019-12-02,2.5573286969220065e-05,Fold3_2019,7.27782465474062e-05,-9.528093458576587,-10.573962229045547
2019-12-03,4.9897886284443866e-05,Fold3_2019,4.528567198677562e-05,-10.002519867188708,-9.905531915133151
2019-12-04,5.937621522911366e-05,Fold3_2019,3.7837980275406804e-05,-10.182197190590768,-9.731616828802265
2019-12-05,5.019820459858134e-05,Fold3_2019,3.2279098954756688e-06,-12.643675721367575,-9.899531296874672
2019-12-06,4.299129600272054e-05,Fold3_2019,8.267388005112137e-05,-9.4006068455913,-10.054512881301493
2019-12-09,3.765988942169927e-05,Fold3_2019,9.917475940305513e-06,-11.521212110544683,-10.186914970966363
2019-12-10,3.747834328797896e-05,Fold3_2019,1.2448568293509877e-06,-13.59649003116544,-10.191747304132942
2019-12-11,3.395228871241176e-05,Fold3_2019,8.03556730791066e-06,-11.731632956673451,-10.290554292022327
2019-12-12,3.041501997522299e-05,Fold3_2019,7.365524083298863e-05,-9.516115258958795,-10.400573993436174
2019-12-13,2.7858965646309354e-05,Fold3_2019,3.58501973775666e-07,-14.841331671271499,-10.488355717139257
2019-12-16,2.565687860413337e-05,Fold3_2019,4.68765515859302e-05,-9.967992973721664,-10.570698850597992
2019-12-17,2.4077911712596112e-05,Fold3_2019,4.790183195708684e-08,-16.854112087810215,-10.634215664183134
2019-12-18,2.2728854897213472e-05,Fold3_2019,3.9960155762927355e-09,-19.337968078196546,-10.69187529984605
2019-12-19,2.170809747073969e-05,Fold3_2019,1.6728200224778096e-05,-10.998414626470424,-10.73782521168937
2019-12-20,2.088880095412969e-05,Fold3_2019,1.9137229241933982e-05,-10.86387494511797,-10.776297382122133
2019-12-23,2.025351009853132e-05,Fold3_2019,2.3310281859625867e-06,-12.969201106193717,-10.807182441233978
2019-12-24,1.969182567149661e-05,Fold3_2019,9.532960882486357e-10,-20.771095569816605,-10.835306948865142
2019-12-26,1.930759043221275e-05,Fold3_2019,2.819058942013884e-05,-10.476522344218996,-10.855012252727207
2019-12-27,1.903753736815403e-05,Fold3_2019,6.15029299926101e-08,-16.604181021112527,-10.869097876874058
2019-12-30,1.889731395665628e-05,Fold3_2019,3.056386928740067e-05,-10.395691988873066,-10.876490764693932
2019-12-31,3.0321498820233095e-05,Fold3_2019,5.887412119331527e-06,-12.042694025385961,-10.403653565026897
2020-01-02,2.7516714379059064e-05,Fold4_2020_COVID,8.664829089358633e-05,-9.35365326624893,-10.500716942322539
2020-01-03,2.5585830159188045e-05,Fold4_2020_COVID,5.7779151222715526e-05,-9.758882552845167,-10.573471869128356
2020-01-06,4.491697769255833e-05,Fold4_2020_COVID,1.4499739128988108e-05,-11.141379899803855,-10.010694712357605
2020-01-07,3.885393046979576e-05,Fold4_2020_COVID,7.928020687808076e-06,-11.745107151478832,-10.155701315874284
2020-01-08,3.7659509016546936e-05,Fold4_2020_COVID,2.825277329005519e-05,-10.474318935630665,-10.186925072086666
2020-01-09,3.330404257561359e-05,Fold4_2020_COVID,4.566903547003485e-05,-9.994090050542942,-10.309831769679024
2020-01-10,2.9969961896594887e-05,Fold4_2020_COVID,8.304519878046322e-06,-11.698710627762644,-10.415314948021399
2020-01-13,3.091518366773016e-05,Fold4_2020_COVID,4.6973535772943927e-05,-9.965926183497674,-10.38426311391591
2020-01-14,2.811695760752189e-05,Fold4_2020_COVID,2.327771592137588e-06,-12.970599146251471,-10.479137690064237
2020-01-15,2.7133818632351197e-05,Fold4_2020_COVID,5.094304726185178e-06,-12.187387362586614,-10.514729688070648
2020-01-16,2.505675986208139e-05,Fold4_2020_COVID,6.862957333400912e-05,-9.586787017965152,-10.594366912063942
2020-01-17,2.3623673685309426e-05,Fold4_2020_COVID,9.657810822679676e-06,-11.547743558333707,-10.653261226464757
2020-01-21,2.233005693389103e-05,Fold4_2020_COVID,3.843102047955407e-06,-12.46923069249124,-10.70957694245621
2020-01-22,2.3259055715381627e-05,Fold4_2020_COVID,1.4579813211033129e-08,-18.043627921762564,-10.668816008628976
2020-01-23,2.207014244393763e-05,Fold4_2020_COVID,1.3141617491830552e-06,-13.542311548686886,-10.721284883528073
2020-01-24,2.1081976742645478e-05,Fold4_2020_COVID,7.979426540118709e-05,-9.43605891823123,-10.767092065317282
2020-01-27,4.869826689238377e-05,Fold4_2020_COVID,0.0002611350905890675,-8.250472696080427,-9.929867115934362
2020-01-28,0.00013160804351786844,Fold4_2020_COVID,0.00010867756355586089,-9.127125192171771,-8.93568241998442
2020-01-29,0.00010612647648692535,Fold4_2020_COVID,6.827302322603796e-07,-14.197166030127265,-9.150879000714111
2020-01-30,8.66974055790778e-05,Fold4_2020_COVID,1.0496738208047961e-05,-11.4644459959141,-9.353086598742262
2020-01-31,7.124093217865857e-05,Fold4_2020_COVID,0.000335794470955159,-7.999011278747755,-9.549443014582682
2020-02-03,0.00017358027525437328,Fold4_2020_COVID,5.477979931194643e-05,-9.812189057663865,-8.658870384000076
2020-02-04,0.00013849480950143896,Fold4_2020_COVID,0.0002288004021340032,-8.38266054088149,-8.88467770956305
2020-02-05,0.00011189459689761763,Fold4_2020_COVID,0.00013183270660148538,-8.933976813407009,-9.097953228909407
2020-02-06,9.102430249500252e-05,Fold4_2020_COVID,1.128369419074418e-05,-11.392151866331064,-9.304384026717058
2020-02-07,7.459693895535017e-05,Fold4_2020_COVID,2.8556133635155248e-05,-10.463638806577507,-9.503411084366531
2020-02-10,7.286637597515768e-05,Fold4_2020_COVID,5.5317022943095265e-05,-9.802429867816542,-9.526883260259874
2020-02-11,6.06213562008443e-05,Fold4_2020_COVID,2.998620628084851e-06,-12.717358165670674,-9.710863314416539
2020-02-12,5.104434052437604e-05,Fold4_2020_COVID,4.124135190284392e-05,-10.096069118003541,-9.882815880921786
2020-02-13,4.365934062964302e-05,Fold4_2020_COVID,1.1390210170391119e-06,-13.68534142148412,-10.039093309346738
2020-02-14,3.865330057565283e-05,Fold4_2020_COVID,2.56238081321554e-06,-12.874573726497347,-10.160878390052913
2020-02-18,3.395538574653229e-05,Fold4_2020_COVID,6.65882794030607e-06,-11.919567073838172,-10.290463078940821
2020-02-19,3.338568932620723e-05,Fold4_2020_COVID,2.2751385921791085e-05,-10.690884494783672,-10.30738321308545
2020-02-20,2.9912146283895314e-05,Fold4_2020_COVID,1.694734804004494e-05,-10.985399194193073,-10.417245929826182
2020-02-21,3.41083729845049e-05,Fold4_2020_COVID,0.00010715623080406023,-9.14122268744081,-10.28596766174773
2020-02-24,6.848166732920803e-05,Fold4_2020_COVID,0.0011375712802251864,-6.7788597451682415,-9.588944478745995
2020-02-25,0.0004589953361463877,Fold4_2020_COVID,0.0009468441833974442,-6.9623760153830165,-7.686470508856467
2020-02-26,0.0006956188284540191,Fold4_2020_COVID,1.3578984519663574e-05,-11.206987216268622,-7.270708707917729
2020-02-27,0.0005404575413997665,Fold4_2020_COVID,0.0021115289796898055,-6.160342958991205,-7.523094478272567
2020-02-28,0.0011732580968565698,Fold4_2020_COVID,1.7727371828250957e-05,-10.940400681902931,-6.747970702093386
2020-03-02,0.0009057568712053509,Fold4_2020_COVID,0.0017973379772715176,-6.321448610250079,-7.006739642012673
2020-03-03,0.0007046836318225811,Fold4_2020_COVID,0.0008439308322826381,-7.0774400189983435,-7.257761605057883
2020-03-04,0.000847538973545127,Fold4_2020_COVID,0.0016952906529174158,-6.37990107620272,-7.073173733283089
2020-03-05,0.0006597285826260931,Fold4_2020_COVID,0.0011429019052065852,-6.774184720068861,-7.323682045970835
2020-03-06,0.000922497594720876,Fold4_2020_COVID,0.0002778606931483571,-8.188390673650984,-6.988425789401635
2020-03-09,0.0008108698159897247,Fold4_2020_COVID,0.0036087934734205444,-5.62438178038964,-7.1174030395580425
2020-03-10,0.0019286010637188163,Fold4_2020_COVID,0.002545257265119155,-5.973523547597719,-6.2509603763384085
2020-03-11,0.0014894497698102168,Fold4_2020_COVID,0.0024977023283624133,-5.992384038365567,-6.509348509232726
2020-03-12,0.002050885055283375,Fold4_2020_COVID,0.0036087934734205444,-5.62438178038964,-6.189483844717678
2020-03-13,0.002884484405682358,Fold4_2020_COVID,0.003944062616333454,-5.535543966015481,-5.848409110528309
2020-03-16,0.002225426320754806,Fold4_2020_COVID,0.0036087934734205444,-5.62438178038964,-6.107806776884175
2020-03-17,0.0030218878042408905,Fold4_2020_COVID,0.0027651941236872357,-5.8906444389904475,-5.80187354214743
2020-03-18,0.0023200177302985033,Fold4_2020_COVID,0.0026998090703268846,-5.914574223166002,-6.066180450963077
2020-03-19,0.0027616292366501555,Fold4_2020_COVID,4.506186773652359e-06,-12.31005926682382,-5.891934470279324
2020-03-20,0.0021027934908966015,Fold4_2020_COVID,0.0019404511917605596,-6.2448347598753715,-6.164488584469558
2020-03-23,0.002316913905945882,Fold4_2020_COVID,0.0006708404361310585,-7.3069792493742645,-6.0675191917769045
2020-03-24,0.002016141826479852,Fold4_2020_COVID,0.003944062616333454,-5.535543966015481,-6.206569580811056
2020-03-25,0.0015641871481423082,Fold4_2020_COVID,0.00022080092333942225,-8.418249061779216,-6.46038898408016
2020-03-26,0.0011945911209745221,Fold4_2020_COVID,0.003220417029340142,-5.738244415594368,-6.729951310328445
2020-03-27,0.0009365955563176458,Fold4_2020_COVID,0.0009143619038987181,-6.997284108754552,-6.973259005708636
2020-03-30,0.0010564993751544832,Fold4_2020_COVID,0.0010214114761778717,-6.88656980808067,-6.852794312338074
2020-03-31,0.0008149835446504204,Fold4_2020_COVID,0.000225526159294825,-8.39707440000767,-7.112342635540226
2020-04-01,0.0007097528931726692,Fold4_2020_COVID,0.002120514955181306,-6.156096316407059,-7.250593686293092
2020-04-02,0.0013253050082574756,Fold4_2020_COVID,0.0005204382196176557,-7.560839371252428,-6.6261126511234325
2020-04-03,0.001017339287547452,Fold4_2020_COVID,0.00021198026624447017,-8.459017371377323,-6.890564601478992
2020-04-06,0.000860581000061751,Fold4_2020_COVID,0.003944062616333454,-5.535543966015481,-7.057902815351999
2020-04-07,0.0006860740318485817,Fold4_2020_COVID,1.0386775676145787e-06,-13.777562223542969,-7.284525017914513
2020-04-08,0.000525037940344402,Fold4_2020_COVID,0.0010901176434957318,-6.82146965875249,-7.5520400306611375
2020-04-09,0.0004134176980845849,Fold4_2020_COVID,0.00022810395437159652,-8.385709092692695,-7.791052100591403
2020-04-13,0.0003195770611229705,Fold4_2020_COVID,8.413294922250117e-05,-9.383112281476922,-8.048512120355863
2020-04-14,0.0002797843945525908,Fold4_2020_COVID,0.0008448439316630566,-7.076358643922292,-8.181491270867316
2020-04-15,0.00022600724106588773,Fold4_2020_COVID,0.00046125630887646586,-7.681556684922121,-8.394943519090715
2020-04-16,0.00035213928237055056,Fold4_2020_COVID,2.3164365850987895e-05,-10.672895414778472,-7.951483772077547
2020-04-17,0.00027278506659379206,Fold4_2020_COVID,0.0007106125091961575,-7.249383270822528,-8.206826374718425
2020-04-20,0.00021850787224816847,Fold4_2020_COVID,0.0003159714875055682,-8.05985857786104,-8.428688515481907
2020-04-21,0.0002909999119998641,Fold4_2020_COVID,0.0009507233211572562,-6.958287472388686,-8.142187593198793
2020-04-22,0.0005805458300651969,Fold4_2020_COVID,0.00048189347384473504,-7.637787476960559,-7.4515418106486075
2020-04-23,0.00045171978342313626,Fold4_2020_COVID,5.1792051256803925e-09,-19.078614243090623,-7.702448518558277
2020-04-24,0.0003491686241245498,Fold4_2020_COVID,0.0001916173570179848,-8.560010106666306,-7.959955588767175
2020-04-27,0.0002725359628408758,Fold4_2020_COVID,0.00020492928641626564,-8.492845582643739,-8.207739978840758
2020-04-28,0.00021404280456565662,Fold4_2020_COVID,2.1241041383978854e-05,-10.759575333414901,-8.44933454160918
2020-04-29,0.00017678768625657514,Fold4_2020_COVID,0.0006677829547155906,-7.311547355315382,-8.640561058056306
2020-04-30,0.0001453398846092132,Fold4_2020_COVID,8.750759459144714e-05,-9.343784973036378,-8.836435526712984
2020-05-01,0.0001497370438355604,Fold4_2020_COVID,0.0007198330226607794,-7.236491285821284,-8.806629843338976
2020-05-04,0.0003863891818886083,Fold4_2020_COVID,7.5856577073048676e-06,-11.78925123734689,-7.858665453200531
2020-05-05,0.0002999153151075183,Fold4_2020_COVID,8.458363193928272e-05,-9.377769785965976,-8.11201040613235
2020-05-06,0.000234717159558803,Fold4_2020_COVID,4.6261051262445375e-05,-9.981210176333905,-8.357129345045335
2020-05-07,0.00020290115057675168,Fold4_2020_COVID,0.00014386959074775733,-8.846603288516881,-8.502791640489383
2020-05-08,0.00016084071494822956,Fold4_2020_COVID,0.00026931201286329925,-8.219639951405638,-8.735096030855367
2020-05-11,0.0001297474429336147,Fold4_2020_COVID,4.202558320528053e-08,-16.984987280168475,-8.949920743753209
2020-05-12,0.00010342334755511711,Fold4_2020_COVID,0.0004053280870723857,-7.810813727268029,-9.176679822973181
2020-05-13,0.0002338878617012421,Fold4_2020_COVID,0.00031841601159408525,-8.052151817588562,-8.360668780969817
2020-05-14,0.0003025437042381915,Fold4_2020_COVID,0.00014151847938863207,-8.863080253021854,-8.103284814108681
2020-05-15,0.00023769102937861532,Fold4_2020_COVID,2.1038180152403884e-05,-10.769171668493254,-8.344538923567251
2020-05-18,0.00018696061408534398,Fold4_2020_COVID,0.0009002779000504492,-7.012807064468195,-8.584612583157638
2020-05-19,0.00015498366098038404,Fold4_2020_COVID,0.00010658470458654177,-9.146570540706152,-8.772190859631152
2020-05-20,0.00016442038274377824,Fold4_2020_COVID,0.00028376374756099035,-8.167368540788152,-8.713084100401018
2020-05-21,0.0001328470434091971,Fold4_2020_COVID,4.799539665825175e-05,-9.944405454608454,-8.92631214111188
2020-05-22,0.00012545162483175044,Fold4_2020_COVID,3.599165689848313e-06,-12.534808492180957,-8.983590333209012
2020-05-26,0.00010043841970359333,Fold4_2020_COVID,0.000149953436577735,-8.805185734874254,-9.205965757534296
2020-05-27,8.234215832896167e-05,Fold4_2020_COVID,0.00021812868598221848,-8.430425366664545,-9.404627329566715
2020-05-28,6.919506972972458e-05,Fold4_2020_COVID,3.4105015709240615e-06,-12.588651189237739,-9.578580944559096
2020-05-29,5.88969049742241e-05,Fold4_2020_COVID,1.9767496580307858e-05,-10.831471555997027,-9.739722015814307
2020-06-01,4.927317759305787e-05,Fold4_2020_COVID,1.6270614726249665e-05,-11.026149854641323,-9.91813069002226
2020-06-02,4.185207285657917e-05,Fold4_2020_COVID,6.79958510063938e-05,-9.59606386926149,-10.081369231632232
2020-06-03,3.659439562661157e-05,Fold4_2020_COVID,0.00017478611428069725,-8.651947535651633,-10.215615454237744
2020-06-04,3.379993853181828e-05,Fold4_2020_COVID,6.919459841021786e-06,-11.881172849037165,-10.295051574062212
2020-06-05,3.321593383817504e-05,Fold4_2020_COVID,0.0006404320481056046,-7.35336753420629,-10.312480862288952
2020-06-08,4.375675187839354e-05,Fold4_2020_COVID,0.00014436229782583974,-8.843184460985805,-10.036864628419096
2020-06-09,4.368986513665753e-05,Fold4_2020_COVID,5.6022193297147196e-05,-9.789762636861118,-10.038394401829738
2020-06-10,6.013595973904422e-05,Fold4_2020_COVID,3.131092394018772e-05,-10.37154351363345,-9.718902563587731
2020-06-11,6.272703475747947e-05,Fold4_2020_COVID,0.003525682547399207,-5.647681230994005,-9.676718026899877
2020-06-12,0.0014719939819522279,Fold4_2020_COVID,0.00014171962435293036,-8.861659928599005,-6.521137347031481
2020-06-15,0.001090283455477029,Fold4_2020_COVID,8.635048328812713e-05,-9.357096156535748,-6.821317565652102
2020-06-16,0.0008098678646307313,Fold4_2020_COVID,0.0003634608672557444,-7.919838922203445,-7.1186394536904665
2020-06-17,0.000623981033517631,Fold4_2020_COVID,1.7326523795318964e-05,-10.963272063202231,-7.37939058506058
2020-06-18,0.0004720107601016412,Fold4_2020_COVID,1.4814532527947706e-07,-15.725072117393779,-7.6585087758130515
2020-06-19,0.00035122467411276075,Fold4_2020_COVID,3.2846987510852953e-05,-10.323650521626798,-7.954084442085881
2020-06-22,0.000277275722957761,Fold4_2020_COVID,4.0889533652841326e-05,-10.104636428572267,-8.190498157109595
2020-06-23,0.0002095500482336892,Fold4_2020_COVID,2.1098239340268586e-05,-10.76632096455303,-8.470547953415748
2020-06-24,0.0001581024219292182,Fold4_2020_COVID,0.0006676975772752606,-7.311675215570025,-8.752267494895795
2020-06-25,0.0003909751346247769,Fold4_2020_COVID,0.00011371873673177479,-9.08178237982764,-7.8468665943111455
2020-06-26,0.00029974329230992474,Fold4_2020_COVID,0.0005778370942628664,-7.456218572853206,-8.112584141921962
2020-06-29,0.00045721218985887946,Fold4_2020_COVID,0.00021287805318854073,-8.454791076448736,-7.690362964415492
2020-06-30,0.0003553229139663938,Fold4_2020_COVID,0.00016200591096129585,-8.727877735982133,-7.942483565132781
2020-07-01,0.00027682708384076105,Fold4_2020_COVID,4.872692828114645e-05,-9.929278738573895,-8.192117492761867
2020-07-02,0.0002113803965359915,Fold4_2020_COVID,3.0162287448567655e-05,-10.408918173915113,-8.461851220445805
2020-07-06,0.00016166901508772328,Fold4_2020_COVID,0.00023468856058521937,-8.357251196877947,-8.729959429484593
2020-07-07,0.0001386265270841122,Fold4_2020_COVID,0.00010748393285769086,-9.138169183356005,-8.883727096418532
2020-07-08,0.00015191659331866505,Fold4_2020_COVID,5.805268089798515e-05,-9.75415966832026,-8.792178915891073
2020-07-09,0.00011961407915525743,Fold4_2020_COVID,3.25932833024586e-05,-10.331404324486378,-9.0312400046866
2020-07-10,0.0001072635363166578,Fold4_2020_COVID,0.00010320082322349035,-9.178833727976821,-9.140221795377576
2020-07-13,8.955509492071268e-05,Fold4_2020_COVID,7.562986370376884e-05,-9.489659330243024,-9.320656536372336
2020-07-14,0.00010282171371758873,Fold4_2020_COVID,0.00016578834935332412,-8.704798587012395,-9.18251400431389
2020-07-15,9.043130874402847e-05,Fold4_2020_COVID,8.363484242717556e-05,-9.389050349255696,-9.310920014862464
2020-07-16,7.586413402534366e-05,Fold4_2020_COVID,1.0885076570308821e-05,-11.428117828823055,-9.486566527731666
2020-07-17,6.56964277084711e-05,Fold4_2020_COVID,8.381953072617405e-06,-11.689429607067211,-9.63046600673018
2020-07-20,5.2822770860033476e-05,Fold4_2020_COVID,6.478758189788024e-05,-9.644396610349226,-9.848568193932122
2020-07-21,4.684773000824994e-05,Fold4_2020_COVID,4.517440890661528e-06,-12.307564899089918,-9.968608002785606
2020-07-22,3.8675948025525377e-05,Fold4_2020_COVID,3.221531153746653e-05,-10.343068704848752,-10.160292649186948
2020-07-23,3.430177754311965e-05,Fold4_2020_COVID,0.00014408912174460322,-8.845078548824327,-10.2803133817206
2020-07-24,8.933462909113056e-05,Fold4_2020_COVID,4.1744033345635374e-05,-10.083954030757567,-9.323121361475259
2020-07-27,8.872024665744717e-05,Fold4_2020_COVID,5.279160445636454e-05,-9.84915838640318,-9.330022434747407
2020-07-28,7.27111629186299e-05,Fold4_2020_COVID,4.048143574796707e-05,-10.114667065531851,-9.52901563750049
2020-07-29,7.590465210285586e-05,Fold4_2020_COVID,0.0001494221730626235,-8.808734882204051,-9.486032582913255
2020-07-30,6.950319038156123e-05,Fold4_2020_COVID,1.2776346515441916e-05,-11.267915025046017,-9.574137901676455
2020-07-31,6.192015524268172e-05,Fold4_2020_COVID,6.195677873842005e-05,-9.689073533140567,-9.689664821536693
2020-08-03,5.3479137964920644e-05,Fold4_2020_COVID,4.799898409642958e-05,-9.944330711938075,-9.836218924691394
2020-08-04,4.6343140829141805e-05,Fold4_2020_COVID,1.4860371619169871e-05,-11.116812510967849,-9.979437263329764
2020-08-05,3.9022697052012356e-05,Fold4_2020_COVID,3.833914056780236e-05,-10.169039236669946,-10.151367105424182
2020-08-06,3.501964654860905e-05,Fold4_2020_COVID,4.4385514619513916e-05,-10.022597389064572,-10.259601324001332
2020-08-07,3.243313281753911e-05,Fold4_2020_COVID,5.152247537683441e-07,-14.478662616399877,-10.336330039858124
2020-08-10,2.796610296341222e-05,Fold4_2020_COVID,8.90680778651792e-06,-11.628694653794781,-10.484517389616991
2020-08-11,2.5044293838098824e-05,Fold4_2020_COVID,6.870651045853749e-05,-9.585666596726213,-10.594864547275945
2020-08-12,5.216673641800079e-05,Fold4_2020_COVID,0.00019170988020727816,-8.559527369296744,-9.861065499566793
2020-08-13,5.4670280560049466e-05,Fold4_2020_COVID,3.2737665450614073e-06,-12.62956938728116,-9.814190313187428
2020-08-14,4.6559104742995526e-05,Fold4_2020_COVID,8.782264934807302e-10,-20.85311659032073,-9.9747879827544
2020-08-17,3.856428820702065e-05,Fold4_2020_COVID,1.0059302833926597e-05,-11.507012696496618,-10.163183885716862
2020-08-18,3.299887495256749e-05,Fold4_2020_COVID,4.657165436917245e-06,-12.277103570240866,-10.319037089425391
2020-08-19,2.858973021280119e-05,Fold4_2020_COVID,1.740856013603752e-05,-10.958548510876106,-10.462462988092863
2020-08-20,3.370276196426818e-05,Fold4_2020_COVID,9.665042522762256e-06,-11.546995045648655,-10.2979307665676
2020-08-21,2.937569268577983e-05,Fold4_2020_COVID,1.253916939664494e-05,-11.286653261265426,-10.43534300498547
2020-08-24,2.6321108645041346e-05,Fold4_2020_COVID,0.00010164260402046578,-9.194047779804432,-10.545139330622167
2020-08-25,2.9536322172097024e-05,Fold4_2020_COVID,1.2202726669720136e-05,-11.313851133678869,-10.429889791926472
2020-08-26,2.6411422434841514e-05,Fold4_2020_COVID,9.952086103068799e-05,-9.215143277175141,-10.541713973399386
2020-08-27,2.9550083295255936e-05,Fold4_2020_COVID,4.771144241106974e-06,-12.25292439899966,-10.429423995325752
2020-08-28,2.599682149966971e-05,Fold4_2020_COVID,4.145206287731706e-05,-10.090972909772928,-10.557536277428637
2020-08-31,2.5549526602019646e-05,Fold4_2020_COVID,1.3168703530862605e-05,-11.237667488143368,-10.574891769782898
2020-09-01,2.964329806260711e-05,Fold4_2020_COVID,8.787485818825017e-05,-9.33959682162422,-10.426274493058253
2020-09-02,3.117580809634634e-05,Fold4_2020_COVID,0.00020622386833108087,-8.4865482397773,-10.375868145439936
2020-09-03,4.0720383822330855e-05,Fold4_2020_COVID,0.0012264380072337247,-6.703641239991799,-10.10878175987422
2020-09-04,0.0005302813192030426,Fold4_2020_COVID,6.721201878402182e-05,-9.60765847547439,-7.542102901288657
2020-09-08,0.00041465695495943803,Fold4_2020_COVID,0.0007674515770587523,-7.17243517227342,-7.7880589941233485
2020-09-09,0.0006141175401222887,Fold4_2020_COVID,0.0003824000316783578,-7.869043293946137,-7.395324214714249
2020-09-10,0.0004829978639830773,Fold4_2020_COVID,0.00030682999042256986,-8.089216740893441,-7.635498326716766
2020-09-11,0.0004789264715469918,Fold4_2020_COVID,2.594821293261257e-07,-15.164578002507103,-7.643963476413577
2020-09-14,0.0003490895007656366,Fold4_2020_COVID,0.0001712180174892618,-8.672572857450401,-7.960182219454113
2020-09-15,0.000271798151474747,Fold4_2020_COVID,2.5399501771672394e-05,-10.580780999420654,-8.210450857319854
2020-09-16,0.00020202009223403144,Fold4_2020_COVID,1.581313013140787e-05,-11.05466994206292,-8.507143399004429
2020-09-17,0.00015762902480778935,Fold4_2020_COVID,7.804598799363694e-05,-9.458212315352368,-8.755266229935144
2020-09-18,0.00015188574545550303,Fold4_2020_COVID,0.00013407338322258595,-8.91712327192178,-8.792381994401874
2020-09-21,0.00017067094312346224,Fold4_2020_COVID,0.0001252688299059135,-8.985048490728843,-8.67577316454277
2020-09-22,0.00018058740670076753,Fold4_2020_COVID,0.00010267795352981776,-9.183913132722692,-8.619295649751713
2020-09-23,0.000143602781567893,Fold4_2020_COVID,0.0005505712071939998,-7.50455426013202,-8.8484595312878
2020-09-24,0.00033060162503588636,Fold4_2020_COVID,7.08560915560577e-06,-11.857444710309249,-8.014596457175376
2020-09-25,0.00024262831741756692,Fold4_2020_COVID,0.000257211610330936,-8.265611425364062,-8.323979843544084
2020-09-28,0.00020368229400075064,Fold4_2020_COVID,0.0002713499231197539,-8.212101340779927,-8.498949160449795
2020-09-29,0.00017701286711059358,Fold4_2020_COVID,2.9821125613153266e-05,-10.420293502420117,-8.639288132492561
2020-09-30,0.00014601298854581652,Fold4_2020_COVID,5.7058627492601e-05,-9.771431266225648,-8.8318149775703
2020-10-01,0.00011448450959159801,Fold4_2020_COVID,4.094976427252425e-05,-10.103164504152478,-9.07507103153177
2020-10-02,9.018482713980678e-05,Fold4_2020_COVID,9.10108941105885e-05,-9.30453134311178,-9.31364935857282
2020-10-05,0.00010872291329077336,Fold4_2020_COVID,0.0003089802070991924,-8.082233337813289,-9.126707992207649
2020-10-06,0.00011217123190272563,Fold4_2020_COVID,0.0002049975296007632,-8.49251262962646,-9.095483997905777
2020-10-07,0.00017053326374973752,Fold4_2020_COVID,0.00029779464742236473,-8.119106411608719,-8.676580184962939
2020-10-08,0.00015581937019193504,Fold4_2020_COVID,7.785484278976855e-05,-9.460664454942483,-8.76681310496464
2020-10-09,0.0001235232456810417,Fold4_2020_COVID,7.904528423178602e-05,-9.445489651600132,-8.999081195470193
2020-10-12,0.00010036894143303868,Fold4_2020_COVID,0.00025470149714820875,-8.2754182979113,-9.2066577468412
2020-10-13,0.0001010375775085981,Fold4_2020_COVID,4.287188998877383e-05,-10.057294191814067,-9.200018055777567
2020-10-14,9.67371777996017e-05,Fold4_2020_COVID,3.9729434131106015e-05,-10.133418231100864,-9.243512764040236
2020-10-15,9.236283963586967e-05,Fold4_2020_COVID,1.5296646435725211e-06,-13.39046203379246,-9.289785828651022
2020-10-16,7.222762371220955e-05,Fold4_2020_COVID,3.649810381711911e-07,-14.823420434929293,-9.53568798534607
2020-10-19,5.694650004008147e-05,Fold4_2020_COVID,0.0002347054013117792,-8.357179441687492,-9.773398326674611
2020-10-20,0.0001420854761605089,Fold4_2020_COVID,1.5978573962566973e-05,-11.044261860496347,-8.859081736666795
2020-10-21,0.00010808226701585508,Fold4_2020_COVID,3.5889554513329383e-06,-12.537649358432837,-9.13261788918206
2020-10-22,8.483137765155232e-05,Fold4_2020_COVID,2.9923262676596367e-05,-10.416874364125468,-9.374845064130888
2020-10-23,6.805849309792862e-05,Fold4_2020_COVID,1.1489800298341456e-05,-11.374050846729721,-9.595143029925215
2020-10-26,5.429485698681768e-05,Fold4_2020_COVID,0.00034793002471359677,-7.963509176817978,-9.821081050301684
2020-10-27,0.00018301473612158064,Fold4_2020_COVID,1.192662148178229e-05,-11.336737557118326,-8.605943883110298
2020-10-28,0.00014310114496925635,Fold4_2020_COVID,0.0012094240930123196,-6.717610988864752,-8.851958870251094
2020-10-29,0.0005910692974847119,Fold4_2020_COVID,0.00010225964445424798,-9.187995445198498,-7.4335772928047
2020-10-30,0.00044001501987122926,Fold4_2020_COVID,0.0001098255503827897,-9.116617356662315,-7.728701695563614
2020-11-02,0.00036966524742150514,Fold4_2020_COVID,0.0001242354541875796,-8.993331968753477,-7.902912698545911
2020-11-03,0.0002832068653600738,Fold4_2020_COVID,0.00030632245517138657,-8.090872235773208,-8.169332954347889
2020-11-04,0.00023814413802790622,Fold4_2020_COVID,0.0004885432359044957,-7.6240825829169365,-8.34263444564178
2020-11-05,0.00022317223761697823,Fold4_2020_COVID,0.0003730725275127747,-7.8937377134882105,-8.407566718629857
2020-11-06,0.0002012317872811146,Fold4_2020_COVID,5.218398522014345e-08,-16.768490185678484,-8.51105314374283
2020-11-09,0.00015025491969818453,Fold4_2020_COVID,0.00015593121009971006,-8.76609560886588,-8.803177241669474
2020-11-10,0.00012726829507502164,Fold4_2020_COVID,2.1532234293696254e-06,-13.048544569132842,-8.969213140176223
2020-11-11,9.789038477728764e-05,Fold4_2020_COVID,5.477573118694586e-05,-9.812263323654527,-9.231662227987785
2020-11-12,7.961307772357864e-05,Fold4_2020_COVID,9.503332909939499e-05,-9.261282895265898,-9.438332185598773
2020-11-13,0.00010300415035917579,Fold4_2020_COVID,0.00018905493378882553,-8.573472930169272,-9.180741275797171
2020-11-16,9.606168901821642e-05,Fold4_2020_COVID,0.00015388676284856578,-8.77929353219897,-9.250519978931763
2020-11-17,8.77493940266785e-05,Fold4_2020_COVID,2.9081207764233967e-05,-10.445418373691187,-9.341025601321022
2020-11-18,8.156292611570946e-05,Fold4_2020_COVID,0.0001466016917855972,-8.82779122843099,-9.414135736053742
2020-11-19,0.00012514889978060365,Fold4_2020_COVID,1.7651945546627972e-05,-10.944664551389062,-8.986006331330858
2020-11-20,9.629344234457527e-05,Fold4_2020_COVID,4.721700211027753e-05,-9.960756516033529,-9.24811033758917
2020-11-23,9.538668062075031e-05,Fold4_2020_COVID,3.571947180725945e-05,-10.239814589096115,-9.257571605391966
2020-11-24,7.632206588624282e-05,Fold4_2020_COVID,0.0002555306570909394,-8.27216816690433,-9.480548462450516
2020-11-25,8.301607054618996e-05,Fold4_2020_COVID,2.381213394433604e-06,-12.947900370605891,-9.396476347871378
2020-11-27,6.623196471843446e-05,Fold4_2020_COVID,7.735504986963939e-06,-11.769689790102092,-9.622347360824577
2020-11-30,5.276789441112427e-05,Fold4_2020_COVID,1.968436470755441e-05,-10.835685907010138,-9.849607612591129
2020-12-01,5.221313510986977e-05,Fold4_2020_COVID,0.00011832480469631605,-9.042077132743229,-9.860176464272039
2020-12-02,5.250252012252551e-05,Fold4_2020_COVID,4.416293424954771e-06,-12.330209805328527,-9.854649387184953
2020-12-03,4.2556841153397813e-05,Fold4_2020_COVID,7.427522842220674e-08,-16.415488340244586,-10.06466993670519
2020-12-04,3.5408291243342835e-05,Fold4_2020_COVID,7.362687820104547e-05,-9.516500405947172,-10.248564549335171
2020-12-07,3.617108004016806e-05,Fold4_2020_COVID,4.230786151018017e-06,-12.373122730869806,-10.227250652336366
2020-12-08,3.319639670660436e-05,Fold4_2020_COVID,8.535920509744359e-06,-11.671227356362404,-10.31306922086556
2020-12-09,2.884417939882274e-05,Fold4_2020_COVID,8.116419684104857e-05,-9.41903633363577,-10.453602339305515
2020-12-10,6.037113249656326e-05,Fold4_2020_COVID,1.0697411257162271e-07,-16.05067897033933,-9.714999506071278
2020-12-11,4.842127262166831e-05,Fold4_2020_COVID,1.3763418541633525e-06,-13.496081408783667,-9.935571323824364
2020-12-14,4.064230274575428e-05,Fold4_2020_COVID,2.013579563398512e-05,-10.813011449468366,-10.11070109424824
2020-12-15,4.3581239382706544e-05,Fold4_2020_COVID,0.00018033081118057294,-8.620717553943377,-10.040883789597792
2020-12-16,5.185455805556134e-05,Fold4_2020_COVID,2.4583864331582506e-06,-12.916005344710996,-9.867067718655619
2020-12-17,4.200827111414772e-05,Fold4_2020_COVID,3.109776300829581e-05,-10.378374670359804,-10.077644027780096
2020-12-18,3.7161684584456206e-05,Fold4_2020_COVID,1.6006845057376704e-05,-11.042494111125658,-10.200232311772309
2020-12-21,3.931578053474074e-05,Fold4_2020_COVID,1.2830387811488146e-05,-11.263694152865405,-10.14388457936061
2020-12-22,3.948124543632288e-05,Fold4_2020_COVID,2.8454479832692468e-06,-12.769790039418503,-10.139684797890405
2020-12-23,3.494614608428983e-05,Fold4_2020_COVID,8.074532911155482e-07,-14.029380627342372,-10.261702364769727
2020-12-24,2.9664858813905837e-05,Fold4_2020_COVID,1.5073250476257692e-05,-11.102588876728825,-10.425547417614197
2020-12-28,2.6834783958511837e-05,Fold4_2020_COVID,7.317353268736693e-05,-9.522676777690316,-10.525811603103428
2020-12-29,2.9816944608935526e-05,Fold4_2020_COVID,3.646579776670921e-06,-12.521720877160742,-10.420433715012813
2020-12-30,2.831870031752007e-05,Fold4_2020_COVID,2.0327220212208128e-06,-13.106134765957217,-10.471988182934794
2020-12-31,2.4885646060050723e-05,Fold4_2020_COVID,2.5686331060370803e-05,-10.569551572908871,-10.60121938416433
2021-01-04,2.4219302029908004e-05,Fold5_2021,0.00018789430994248715,-8.579630934374386,-10.628360638177446
2021-01-05,9.882892254369054e-05,Fold5_2021,4.711228958824485e-05,-9.962976665536582,-9.222120257753485
2021-01-06,7.988215212015858e-05,Fold5_2021,3.552716034582028e-05,-10.245213073843587,-9.434958107864732
2021-01-07,6.518910818381696e-05,Fold5_2021,0.000217508480764163,-8.433272716176564,-9.638218155381917
2021-01-08,7.093082831781896e-05,Fold5_2021,3.2279384602966025e-05,-10.341081779088553,-9.553805404856828
2021-01-11,5.8373774714149994e-05,Fold5_2021,4.57461531833412e-05,-9.99240285320219,-9.748643832103
2021-01-12,6.712340080665169e-05,Fold5_2021,4.4568359815956266e-08,-16.926241650845565,-9.608977829528516
2021-01-13,5.3245017072412415e-05,Fold5_2021,7.231941167011738e-06,-11.837003069999891,-9.840606333858188
2021-01-14,4.350534859930523e-05,Fold5_2021,1.2305156571430158e-05,-11.305492149990085,-10.042626671122276
2021-01-15,4.229905816063318e-05,Fold5_2021,5.357492772713857e-05,-9.834429365609022,-10.070745737865998
2021-01-19,5.853149439932159e-05,Fold5_2021,6.11743772867871e-05,-9.701782127898019,-9.74594558279297
2021-01-20,5.188653928887845e-05,Fold5_2021,0.00018889232970606878,-8.574333389331144,-9.866451160027479
2021-01-21,5.850527576082948e-05,Fold5_2021,8.302115635380078e-07,-14.001585272807265,-9.746393623846988
2021-01-22,4.687711524986542e-05,Fold5_2021,1.2571262547758372e-05,-11.284097099056899,-9.967980949361355
2021-01-25,4.4880673074445195e-05,Fold5_2021,1.5490840739843093e-05,-11.075261628711237,-10.011503299659857
2021-01-26,3.804003171356574e-05,Fold5_2021,2.440289040727107e-06,-12.923394066360526,-10.17687148659748
2021-01-27,3.376063373536421e-05,Fold5_2021,0.000612267543218002,-7.39834120885855,-10.29621511663059
2021-01-28,0.00026449994133451627,Fold5_2021,7.3334381399058e-05,-9.520481008576812,-8.237669528463615
2021-01-29,0.00020351542175233938,Fold5_2021,0.00040895552375532965,-7.8019041517090155,-8.499768773386199
2021-02-01,0.00031287040096394654,Fold5_2021,0.0002725275317529587,-8.20777091500875,-8.069721507596611
2021-02-02,0.00025721527557029584,Fold5_2021,0.00019715472526367245,-8.53152173006749,-8.265597175567015
2021-02-03,0.00020971096601315903,Fold5_2021,6.179382330912946e-07,-14.296877330937916,-8.46978032760794
2021-02-04,0.00015794780718483687,Fold5_2021,0.00012772261341261392,-8.965649728280264,-8.753245913782877
2021-02-05,0.00013080847422271703,Fold5_2021,1.5432206231311366e-05,-11.079053918575637,-8.941776333404352
2021-02-08,0.0001011486925294609,Fold5_2021,5.1782067214080527e-05,-9.86846666141576,-9.198918920489811
2021-02-09,8.24214774777714e-05,Fold5_2021,4.4366241008909357e-07,-14.628201901354629,-9.403664506009818
2021-02-10,6.511578168698968e-05,Fold5_2021,1.8971237193898072e-07,-15.477756743687262,-9.639343615902087
2021-02-11,5.2195883450104715e-05,Fold5_2021,2.603092612792779e-06,-12.85881035333284,-9.860506927294487
2021-02-12,4.241076513023454e-05,Fold5_2021,2.4283081787062966e-05,-10.625730672847995,-10.068108333371134
2021-02-16,3.698843805024606e-05,Fold5_2021,7.508306680648872e-07,-14.102085685885426,-10.204905179282186
2021-02-17,3.203039123662288e-05,Fold5_2021,5.271808190077232e-08,-16.758307330176315,-10.348825379724616
2021-02-18,2.7666449507477338e-05,Fold5_2021,1.8192749865765606e-05,-10.914487402271426,-10.495290087993915
2021-02-19,3.336818864523842e-05,Fold5_2021,3.124067384038161e-06,-12.676374756424913,-10.307907547608075
2021-02-22,3.075484168698932e-05,Fold5_2021,5.962272091245996e-05,-9.727473833176711,-10.389463122870781
2021-02-23,5.260832021247672e-05,Fold5_2021,1.4736859120844635e-06,-13.427743872327435,-9.852636271785157
2021-02-24,4.27018337800903e-05,Fold5_2021,0.00012009658302434943,-9.027214280370924,-10.061268692982273
2021-02-25,4.567561112373616e-05,Fold5_2021,0.0005949051902837919,-7.4271085091761115,-9.993946075959693
2021-02-26,0.000273395497823127,Fold5_2021,2.668731602579723e-05,-10.531322160646134,-8.204591101172387
2021-03-01,0.00021441223802847037,Fold5_2021,0.0005736508007636073,-7.463489707810383,-8.447610050039977
2021-03-02,0.0002141946091900714,Fold5_2021,6.136872616820199e-05,-9.698610198366566,-8.448625567447197
2021-03-03,0.0001863661314948193,Fold5_2021,0.0001778043261928088,-8.634826903387408,-8.58779737021103
2021-03-04,0.00021283330975185782,Fold5_2021,0.00015504869334380354,-8.771771339774812,-8.455001281957644
2021-03-05,0.00022295148047032213,Fold5_2021,0.00033231039313242364,-8.009441106738853,-8.408556386543596
2021-03-08,0.0001966638963057187,Fold5_2021,2.491177150318684e-05,-10.60017011507322,-8.534014396412926
2021-03-09,0.0001587214442848848,Fold5_2021,0.0002009774921034316,-8.512317635760297,-8.748359814891964
2021-03-10,0.0001376159115519888,Fold5_2021,3.850372351522648e-05,-10.164755606665892,-8.891044002871402
2021-03-11,0.00010725194552577694,Fold5_2021,0.00010176723128921527,-9.192822398699784,-9.140329860220193
2021-03-12,9.100454540566436e-05,Fold5_2021,1.812157382594521e-06,-13.220992498378736,-9.304601103182064
2021-03-15,7.035157969261382e-05,Fold5_2021,3.5352715166935766e-05,-10.25013536045429,-9.562005319892458
2021-03-16,5.814024680093838e-05,Fold5_2021,1.5930586206301051e-06,-13.34985472882447,-9.752652417900373
2021-03-17,4.775790089446743e-05,Fold5_2021,1.1586234704744413e-05,-11.365692827878556,-9.949366040966673
2021-03-18,3.9705307019104306e-05,Fold5_2021,0.00021480716985028782,-8.445769816695353,-10.134025701142164
2021-03-19,0.00012064851460500774,Fold5_2021,3.4295357394566927e-06,-12.583085658875538,-9.02262907757277
2021-03-22,9.433836972600253e-05,Fold5_2021,6.325117609818376e-05,-9.668396836091832,-9.268622561092723
2021-03-23,7.83165678193028e-05,Fold5_2021,6.243849816722058e-05,-9.681328515021095,-9.45475138323414
2021-03-24,8.823033308538002e-05,Fold5_2021,2.5976420558854055e-05,-10.55832133300937,-9.335559741543236
2021-03-25,8.064804727601869e-05,Fold5_2021,3.147180930605477e-05,-10.366418355497888,-9.425415966010808
2021-03-26,6.558903630299595e-05,Fold5_2021,0.00025557095008914955,-8.272010495718296,-9.632102005509427
2021-03-29,7.49763483537924e-05,Fold5_2021,2.554015880330629e-07,-15.180428675540119,-9.498337849445665
2021-03-30,5.947640854844488e-05,Fold5_2021,7.056633490693876e-06,-11.861542462862669,-9.72993081902173
2021-03-31,5.167345520344665e-05,Fold5_2021,1.6363990783291367e-05,-11.02042732112807,-9.870566347309731
2021-04-01,4.322375410991209e-05,Fold5_2021,0.00011536723727226024,-9.067390149985458,-10.049120350178463
2021-04-05,4.5783326421725416e-05,Fold5_2021,0.00020309719942368136,-8.501825878622778,-9.991590585054517
2021-04-06,5.5944407213140003e-05,Fold5_2021,3.4891707820628806e-07,-14.868431541237708,-9.791152088647044
2021-04-07,4.562914770606063e-05,Fold5_2021,1.3373642836074626e-06,-13.524809833524726,-9.994963841567571
2021-04-08,3.767546004404071e-05,Fold5_2021,2.2428489886084477e-05,-10.705178537330173,-10.18650160266918
2021-04-09,3.3513613989203354e-05,Fold5_2021,5.2473148425308865e-05,-9.855208977771788,-10.303558813948971
2021-04-12,3.308692516443969e-05,Fold5_2021,1.3279160721404612e-07,-15.83448480059061,-10.316372363756086
2021-04-13,2.8546837436850497e-05,Fold5_2021,8.757503370276528e-06,-11.64559969703025,-10.46396440078784
2021-04-14,2.5743476084381906e-05,Fold5_2021,1.1703719219058256e-05,-11.355603884703541,-10.567329318900903
2021-04-15,2.9216935846237584e-05,Fold5_2021,0.00011417695128119821,-9.077761108772568,-10.440762022087812
2021-04-16,3.538456770019075e-05,Fold5_2021,1.1134028370858145e-05,-11.405504520078116,-10.249234773546883
2021-04-19,3.091436552397578e-05,Fold5_2021,2.4257698937611165e-05,-10.62677650900417,-10.384289578406275
2021-04-20,3.833640935119833e-05,Fold5_2021,5.400037638470288e-05,-9.8265195413372,-10.169110477544203
2021-04-21,5.584462320219738e-05,Fold5_2021,8.869094253084988e-05,-9.330352787381848,-9.792937309201744
2021-04-22,5.2505040808210224e-05,Fold5_2021,8.418418793923925e-05,-9.382503446046558,-9.854601377581398
2021-04-23,7.826617768367422e-05,Fold5_2021,0.00011630214583560539,-9.05931904774482,-9.455395006351184
2021-04-26,7.130552349417947e-05,Fold5_2021,4.348430544731665e-06,-12.34569557228017,-9.548536765182979
2021-04-27,5.657401388582013e-05,Fold5_2021,4.647477396916266e-08,-16.884356166843734,-9.77996079680745
2021-04-28,4.5938128187084224e-05,Fold5_2021,8.264839311027629e-08,-16.308670454970297,-9.988215106263837
2021-04-29,3.8237002309006325e-05,Fold5_2021,4.035542248018021e-05,-10.11778478615142,-10.171706864354729
2021-04-30,3.542647316482254e-05,Fold5_2021,4.345659507191145e-05,-10.04374793245668,-10.248051187794946
2021-05-03,4.9491201766544605e-05,Fold5_2021,4.641680239980438e-06,-12.280434136590543,-9.913715646277634
2021-05-04,4.0754266142506345e-05,Fold5_2021,3.829318907287266e-05,-10.170238508586971,-10.10795003314343
2021-05-05,5.123790178004281e-05,Fold5_2021,9.757738679596276e-08,-16.14262006303657,-9.879031030641405
2021-05-06,4.183334039678933e-05,Fold5_2021,6.32640503752639e-05,-9.668193314705775,-10.081816919213006
2021-05-07,4.0037585971908104e-05,Fold5_2021,5.2588316603489274e-05,-9.85301658069681,-10.12569189574668
2021-05-10,3.7797929926267166e-05,Fold5_2021,9.903601269744835e-05,-9.220027009355302,-10.183256220693693
2021-05-11,7.315707112810246e-05,Fold5_2021,8.037065211024198e-05,-9.428861471921103,-9.522901769030538
2021-05-12,9.162792133366009e-05,Fold5_2021,0.00046113806810429346,-7.681813062835454,-9.297774514678716
2021-05-13,0.0002549134310581856,Fold5_2021,0.00014258797228960032,-8.855551399336614,-8.274586556490611
2021-05-14,0.0002015584303574959,Fold5_2021,0.00023221705797832765,-8.367838028959751,-8.509431241652452
2021-05-17,0.00017133103947755986,Fold5_2021,6.491927658431655e-06,-11.944951051560759,-8.671912969530112
2021-05-18,0.00013265166681052212,Fold5_2021,7.487234981112356e-05,-9.499725896998164,-8.927783911982486
2021-05-19,0.00013295777231624536,Fold5_2021,6.8919508171483655e-06,-11.885156375547448,-8.925478981538369
2021-05-20,0.0001050193935518549,Fold5_2021,0.00011450335853425614,-9.07490640322325,-9.16136552436793
2021-05-21,9.050933839230147e-05,Fold5_2021,6.71424771275864e-07,-14.213863858121496,-9.310057525926506
2021-05-24,7.102121748670335e-05,Fold5_2021,0.00010287763949824789,-9.18197024196206,-9.5525318877252
2021-05-25,6.475950334183956e-05,Fold5_2021,4.932600791469003e-06,-12.219644165103524,-9.644830098396115
2021-05-26,5.451159828359979e-05,Fold5_2021,3.929243315290721e-06,-12.447063691259926,-9.817097066393337
2021-05-27,4.4242301983488326e-05,Fold5_2021,2.7561087284376505e-07,-15.10427584704749,-10.025829168119097
2021-05-28,3.6576287902067106e-05,Fold5_2021,3.193156538480421e-06,-12.654500619914888,-10.216110399044622
2021-06-01,3.112508542062316e-05,Fold5_2021,7.765094163419113e-07,-14.068457067783532,-10.377496458745476
2021-06-02,2.7870979458484542e-05,Fold5_2021,2.4691112665944932e-06,-12.911652283167278,-10.487924573260011
2021-06-03,2.4759663384661275e-05,Fold5_2021,1.382358316434632e-05,-11.189134499399264,-10.606294705367059
2021-06-04,2.9555594511235262e-05,Fold5_2021,8.288727875691556e-05,-9.398028960470068,-10.429237508470349
2021-06-07,3.2865121984681726e-05,Fold5_2021,9.421796116741872e-07,-13.875069909978293,-10.323098584565932
2021-06-08,2.9278423306238406e-05,Fold5_2021,4.545240660910973e-08,-16.906600067029277,-10.438659719151719
2021-06-09,2.5789208942805603e-05,Fold5_2021,2.229557545712706e-06,-13.013707402172416,-10.56555441156178
2021-06-10,2.487173277193519e-05,Fold5_2021,2.1507429074241082e-05,-10.747112144178486,-10.60177862939809
2021-06-11,2.408233629368514e-05,Fold5_2021,2.7263009667035997e-06,-12.812564824803447,-10.634031920066995
2021-06-14,2.2042208276700313e-05,Fold5_2021,5.001425818555957e-06,-12.205787522470425,-10.722551384655985
2021-06-15,2.069764588842517e-05,Fold5_2021,3.3698855493600543e-06,-12.600631775790939,-10.785490589357003
2021-06-16,2.1752571267426682e-05,Fold5_2021,3.1349702679483015e-05,-10.370305774838355,-10.735778588224887
2021-06-17,3.4963332065169806e-05,Fold5_2021,1.0995402549574202e-07,-16.023203508558165,-10.261210700930114
2021-06-18,3.0115345891807054e-05,Fold5_2021,0.00018447905327329138,-8.597974633323068,-10.41047568583616
2021-06-21,0.00010350090419900202,Fold5_2021,0.0002020522100047414,-8.506984428589481,-9.17593020907477
2021-06-22,9.703435920092876e-05,Fold5_2021,2.84314089196339e-05,-10.468016076032502,-9.240445423615201
2021-06-23,7.662842669725752e-05,Fold5_2021,1.4551130329707274e-06,-13.440426974467677,-9.476542444352098
2021-06-24,6.113429070157945e-05,Fold5_2021,3.4791023509156264e-05,-10.266151149596602,-9.702437626601462
2021-06-25,5.137513223674173e-05,Fold5_2021,1.2571496234563639e-05,-11.28407851026103,-9.876356311200011
2021-06-28,4.2500532985105184e-05,Fold5_2021,4.05589402669195e-06,-12.415339419558155,-10.065993941286534
2021-06-29,3.545286331573814e-05,Fold5_2021,2.8933154720806487e-07,-15.05569258421724,-10.247306537705219
2021-06-30,3.0161255622015747e-05,Fold5_2021,7.07913604112919e-07,-14.160943778787821,-10.408952383661408
2021-07-01,2.6326525823508086e-05,Fold5_2021,3.0487193444564117e-05,-10.398203849591637,-10.544933540616954
2021-07-02,2.585639560825281e-05,Fold5_2021,5.798214468541048e-05,-9.755375445065015,-10.562952575299693
2021-07-06,2.7902091222353315e-05,Fold5_2021,3.3251487654316754e-06,-12.613996143374116,-10.486808917739669
2021-07-07,2.698786775455353e-05,Fold5_2021,1.2445330507967222e-05,-11.294165065007027,-10.520123135368447
2021-07-08,2.4843865753789028e-05,Fold5_2021,6.693412062287334e-05,-9.61180169659006,-10.602899686848511
2021-07-09,5.218350350333959e-05,Fold5_2021,0.00011275154380256733,-9.090323887412987,-9.86074413786229
2021-07-12,5.1745064023569e-05,Fold5_2021,1.2782985383758999e-05,-11.267395538191465,-9.869181511554943
2021-07-13,4.2720781843524314e-05,Fold5_2021,1.1661306256194842e-05,-11.359234354483512,-10.060825061899182
2021-07-14,4.1630945950379936e-05,Fold5_2021,2.223168532679262e-06,-13.01657711268483,-10.086666774210363
2021-07-15,3.470859290265556e-05,Fold5_2021,1.1704288259087224e-05,-11.355555265441128,-10.268523267585426
2021-07-16,3.586524540159587e-05,Fold5_2021,6.200834687142806e-05,-9.688241555022062,-10.235741826039401
2021-07-19,5.80409026860208e-05,Fold5_2021,0.0002213543115260023,-8.41574592065641,-9.754362577243235
2021-07-20,0.00013936786692572792,Fold5_2021,0.00020245900219367574,-8.504973150217966,-8.878393596067811
2021-07-21,0.0001224736228309258,Fold5_2021,6.50223315597697e-05,-9.64077978461471,-9.007614874994173
2021-07-22,9.791726846041701e-05,Fold5_2021,4.3763482909986285e-06,-12.339295904832959,-9.231387635214174
2021-07-23,7.529542288276889e-05,Fold5_2021,0.00010475925691341032,-9.163845631578154,-9.494091210095306
2021-07-26,6.753321034220082e-05,Fold5_2021,6.011578774266111e-06,-12.021823152688814,-9.602891076010957
2021-07-27,5.356063899385897e-05,Fold5_2021,2.0867745926592024e-05,-10.777305848142191,-9.834696106781944
2021-07-28,5.3542499770152166e-05,Fold5_2021,1.6818743529360908e-07,-15.598186793187066,-9.835034831194497
2021-07-29,4.3579125724818364e-05,Fold5_2021,1.7131093664061576e-05,-10.974615402712274,-10.040932290034569
2021-07-30,3.71625573548784e-05,Fold5_2021,2.3701403601217757e-05,-10.649976287896767,-10.200208826287643
2021-08-02,4.298430962912489e-05,Fold5_2021,4.4098245513533715e-06,-12.331675653570546,-10.054675401206056
2021-08-03,3.840206840226034e-05,Fold5_2021,6.564973580123032e-05,-9.631176981576495,-10.167399235179044
2021-08-04,3.754109924980196e-05,Fold5_2021,2.4313849021982136e-05,-10.62446445135961,-10.190074245140805
2021-08-05,4.3517887258281443e-05,Fold5_2021,3.984929760018416e-05,-10.130405778976638,-10.042338503049935
2021-08-06,3.900625797681627e-05,Fold5_2021,2.7262944892761076e-06,-12.81256720070958,-10.1517884637631
2021-08-09,3.28161697400213e-05,Fold5_2021,6.623568939170579e-07,-14.227461311601177,-10.324589184170136
2021-08-10,2.9032853685105194e-05,Fold5_2021,1.5454332518909472e-06,-13.380206264989559,-10.447082483515267
2021-08-11,2.5553052855049084e-05,Fold5_2021,6.1594760471854715e-06,-11.997518841311507,-10.574753762931875
2021-08-12,2.3324727885581174e-05,Fold5_2021,8.955269926319875e-06,-11.623268380379926,-10.665996477511943
2021-08-13,2.1912654733736424e-05,Fold5_2021,3.3047797817608854e-06,-12.62014071872302,-10.728446246304937
2021-08-16,2.0480421773754293e-05,Fold5_2021,5.532489426853836e-06,-12.104872676120396,-10.796041163583434
2021-08-17,1.958229063765227e-05,Fold5_2021,4.325536215789336e-05,-10.04838935174201,-10.840884939060407
2021-08-18,3.8838103263955156e-05,Fold5_2021,0.00012111864725351945,-9.018739936984142,-10.156108750338253
2021-08-19,8.535306529258932e-05,Fold5_2021,2.393577844126856e-06,-12.942721305506362,-9.368714194985728
2021-08-20,6.58217341899338e-05,Fold5_2021,6.281484466673811e-05,-9.675319132379881,-9.628560467334397
2021-08-23,5.693107852312685e-05,Fold5_2021,7.670381453409434e-05,-9.4755591176583,-9.773669170456916
2021-08-24,5.176800137530107e-05,Fold5_2021,2.516336815857004e-06,-12.892706358508306,-9.868738333642684
2021-08-25,4.191624538527578e-05,Fold5_2021,4.3930839171262345e-06,-12.335479090688652,-10.079837088153718
2021-08-26,3.496120281744442e-05,Fold5_2021,3.5054523853190766e-05,-10.258605884247661,-10.261271602235489
2021-08-27,4.6328233853053954e-05,Fold5_2021,7.923281466756712e-05,-9.443120018342768,-9.979758980284272
2021-08-30,4.436668773299117e-05,Fold5_2021,1.9255286862801743e-05,-10.857724892714286,-10.02302164640819
2021-08-31,3.784853133353635e-05,Fold5_2021,2.1981798927733473e-06,-13.027880861485942,-10.18191838111802
2021-09-01,3.3532954825361053e-05,Fold5_2021,2.821660839186409e-07,-15.080769989305221,-10.302981876544534
2021-09-02,2.8728212666876612e-05,Fold5_2021,9.43597645086752e-06,-11.570980892090938,-10.45763089829441
2021-09-03,2.5828950984477232e-05,Fold5_2021,5.884066223191017e-08,-16.64843268648538,-10.564014563974016
2021-09-07,2.3447576851548842e-05,Fold5_2021,1.2830821978536593e-05,-11.26366031447259,-10.660743400967714
2021-09-08,2.8317765887432007e-05,Fold5_2021,1.4863988916242639e-06,-13.419154214565086,-10.472021180406239
2021-09-09,2.6245731771494214e-05,Fold5_2021,1.8397000916391424e-05,-10.903322900308625,-10.548007181328494
2021-09-10,3.280800900276306e-05,Fold5_2021,6.266049194093214e-05,-9.67777942151458,-10.324837895466999
2021-09-13,5.6557939817265813e-05,Fold5_2021,6.533660652016649e-06,-11.938543181852399,-9.780244961769448
2021-09-14,4.5521623436162903e-05,Fold5_2021,2.9282677254754368e-05,-10.43851443675495,-9.997323104543073
2021-09-15,5.137071242486126e-05,Fold5_2021,6.918604036309893e-05,-9.578711444547604,-9.876442345080948
2021-09-16,4.709059967280938e-05,Fold5_2021,2.515963845170548e-06,-12.89285458919334,-9.963437159179376
2021-09-17,4.029261977713204e-05,Fold5_2021,9.582131354775153e-05,-9.253025418110756,-10.119342237863455
2021-09-20,7.559901569477455e-05,Fold5_2021,0.00028273761650909494,-8.17099124053512,-9.490067294773937
2021-09-21,0.00017862930555025952,Fold5_2021,8.933740052667768e-07,-13.928260524862294,-8.630197818154437
2021-09-22,0.0001331510301877674,Fold5_2021,9.42376591917744e-05,-9.269690677166446,-8.924026508687568
2021-09-23,0.00010781362490351146,Fold5_2021,0.00014584997794731274,-8.832932012851701,-9.135106516905385
2021-09-24,9.427707908003978e-05,Fold5_2021,2.7086705434483273e-06,-12.819052617816952,-9.269272461708056
2021-09-27,7.234232413880777e-05,Fold5_2021,8.207984617000062e-06,-11.710403143684783,-9.53410120396626
2021-09-28,6.119773558133204e-05,Fold5_2021,0.0004144271711009881,-7.7886133018398045,-9.701400369435554
2021-09-29,0.0002200785337019429,Fold5_2021,2.827261893148292e-06,-12.776201843590226,-8.421526103938566
2021-09-30,0.00016260813205241543,Fold5_2021,0.00015123005646010032,-8.796708327862408,-8.724167349478673
2021-10-01,0.00018615927284274997,Fold5_2021,0.00013957537222334608,-8.876905799937473,-8.588907945065372
2021-10-04,0.00015016788714497845,Fold5_2021,0.000168483164086954,-8.688674729561733,-8.803756642125487
2021-10-05,0.00018419898108208292,Fold5_2021,0.00010715057264729586,-9.141275491707164,-8.59949396574315
2021-10-06,0.0001459362908858221,Fold5_2021,1.7200991467481528e-05,-10.970543532347959,-8.832340395286064
2021-10-07,0.0001108002084796343,Fold5_2021,7.410864709372072e-05,-9.50997833754855,-9.107781902067714
2021-10-08,9.029830214229524e-05,Fold5_2021,3.3327376383173437e-06,-12.611716478113403,-9.312391900129008
2021-10-11,7.180722529338132e-05,Fold5_2021,5.279359092482633e-05,-9.849120758619193,-9.541525456146
2021-10-12,8.015940301141968e-05,Fold5_2021,6.074980032952471e-06,-12.011331855499858,-9.431493368117781
2021-10-13,6.58718645810839e-05,Fold5_2021,1.289696018650863e-05,-11.25851891882186,-9.627799148727581
2021-10-14,5.281440814361975e-05,Fold5_2021,0.0002782495900624347,-8.18699204108038,-9.848726522969494
2021-10-15,6.658621543445145e-05,Fold5_2021,5.7562087018044716e-05,-9.762646418470995,-9.617012977298995
2021-10-18,5.708979142400149e-05,Fold5_2021,8.738152815342223e-06,-11.647811738993056,-9.770885241454204
2021-10-19,4.62300239233254e-05,Fold5_2021,5.906148765316281e-05,-9.73693149312112,-9.981881102479408
2021-10-20,4.2533184734803695e-05,Fold5_2021,1.5368651915411495e-05,-11.083180713082047,-10.065225969423635
2021-10-21,3.6240906760069596e-05,Fold5_2021,6.784972160120335e-06,-11.90080036783688,-10.225322056129292
2021-10-22,3.105756508729106e-05,Fold5_2021,1.0751457083360617e-06,-13.743054362931524,-10.379668137157932
2021-10-25,2.799294322031653e-05,Fold5_2021,2.860565813475507e-05,-10.461906022826055,-10.483558107399263
2021-10-26,2.6816140019211427e-05,Fold5_2021,8.096333741087738e-07,-14.026684316302411,-10.526506612198094
2021-10-27,2.3904568930680887e-05,Fold5_2021,1.9713735006073358e-05,-10.834194956727098,-10.641440948649471
2021-10-28,3.1699766792694054e-05,Fold5_2021,9.220686541116874e-05,-9.291475968013714,-10.359201233805448
2021-10-29,3.4796708904826175e-05,Fold5_2021,4.109677707391019e-06,-12.402165949224063,-10.265987747356428
2021-11-01,2.9839268256049833e-05,Fold5_2021,2.9533690514439033e-06,-12.732563987920164,-10.41968530517973
2021-11-02,2.620033959845664e-05,Fold5_2021,1.6281571515790143e-05,-11.025476671594705,-10.549738185508073
2021-11-03,2.4523835431192218e-05,Fold5_2021,3.704810046189773e-05,-10.203293477120916,-10.615865038606973
2021-11-04,2.497325368255313e-05,Fold5_2021,2.2102864246962068e-05,-10.719803353903496,-10.597705158494852
2021-11-05,2.4082441914370234e-05,Fold5_2021,1.1997458329668433e-05,-11.330815736471267,-10.634027534261058
2021-11-08,2.264809103064332e-05,Fold5_2021,7.279682421976682e-07,-14.133008413056103,-10.695434990794892
2021-11-09,2.0871833392276637e-05,Fold5_2021,1.0961401193418541e-05,-11.421130438501192,-10.777109992517175
2021-11-10,2.561896255832571e-05,Fold5_2021,6.524382960656263e-05,-9.637379081649726,-10.572177755745477
2021-11-11,5.249252312776166e-05,Fold5_2021,1.0462274558703707e-07,-16.072904855924126,-9.854839815122968
2021-11-12,4.235907718218631e-05,Fold5_2021,5.6525512027461464e-05,-9.780818481416475,-10.069327822591449
2021-11-15,3.939296451881556e-05,Fold5_2021,1.1732554555696567e-07,-15.958313325313258,-10.1419233231174
2021-11-16,3.299109324974469e-05,Fold5_2021,1.5602498271611956e-05,-11.068079510914572,-10.319272934450654
2021-11-17,2.9351034330247006e-05,Fold5_2021,5.914727891372011e-06,-12.038065064741382,-10.436182771076135
2021-11-18,2.9322472662759736e-05,Fold5_2021,1.1495122664731302e-05,-11.373587728668067,-10.437156350846871
2021-11-19,2.638959419850552e-05,Fold5_2021,3.203178617799374e-06,-12.651366923110222,-10.542540784660657
2021-11-22,2.581538005987382e-05,Fold5_2021,7.948158868018883e-06,-11.742570245047332,-10.564540117297735
2021-11-23,2.7724316238717105e-05,Fold5_2021,1.7559573306608833e-06,-13.252496362214641,-10.493200687296449
2021-11-24,2.456496242896144e-05,Fold5_2021,7.109863909688147e-06,-11.854027455023147,-10.614189421798875
2021-11-26,2.261347891315965e-05,Fold5_2021,0.0005087634605285492,-7.583527363516103,-10.696964417382327
2021-11-29,0.0002257358945157665,Fold5_2021,0.00014864541002632334,-8.813946886720922,-8.396144850384463
2021-11-30,0.00017890454051126966,Fold5_2021,0.0003861030739334757,-7.859406193230113,-8.628658187608062
2021-12-01,0.000290936965712538,Fold5_2021,0.0001247538063695559,-8.98916831181772,-8.142403926928386
2021-12-02,0.0002671512874960186,Fold5_2021,0.0002310518443495635,-8.372868438210421,-8.227695440197154
2021-12-03,0.00021567547281397262,Fold5_2021,7.637777133903562e-05,-9.479818855186014,-8.44173572075193
2021-12-06,0.000193524916372399,Fold5_2021,0.00013861854387873978,-8.883784685939217,-8.550104287001744
2021-12-07,0.00015510458867584774,Fold5_2021,0.00041917491842428836,-7.777222258750577,-8.771410902946382
2021-12-08,0.0001505072726704645,Fold5_2021,6.993676739690343e-06,-11.87050414005234,-8.80149915155109
2021-12-09,0.00011372330303333414,Fold5_2021,4.589129270402589e-05,-9.989235160330713,-9.081742226287295
2021-12-10,0.00010750955071949148,Fold5_2021,8.778586519583667e-05,-9.340610058941165,-9.137930870440696
2021-12-13,8.891951151974772e-05,Fold5_2021,7.917250111027908e-05,-9.443881527638165,-9.327778962363487
2021-12-14,0.0001032824967859639,Fold5_2021,4.7661663705349716e-05,-9.951383179111298,-9.178042636795904
2021-12-15,0.00010073144469259957,Fold5_2021,0.00024038080284483564,-8.333286213546566,-9.2030525458848
2021-12-16,9.634562132991331e-05,Fold5_2021,7.845846341067569e-05,-9.452941201740236,-9.247568609596737
2021-12-17,0.00010837528683233422,Fold5_2021,0.00011449014641793924,-9.075021796158385,-9.129910476201934
2021-12-20,0.0001316278988723071,Fold5_2021,0.00011428409452540326,-9.076823152354818,-8.935531564031422
2021-12-21,0.00014831662861928123,Fold5_2021,0.00030987011728862425,-8.079357324768564,-8.816161186857597
2021-12-22,0.00013641810531738932,Fold5_2021,9.898481713441749e-05,-9.220544081869493,-8.899786084432673
2021-12-23,0.00011063687828154197,Fold5_2021,3.847603217206105e-05,-10.165475051515063,-9.109257086103963
2021-12-27,8.728595968808211e-05,Fold5_2021,0.0001974805483274193,-8.529870467954927,-9.346320936368189
2021-12-28,8.317637268334704e-05,Fold5_2021,6.681409326768419e-07,-14.218766708601155,-9.394547232638994
2021-12-29,6.552215400685768e-05,Fold5_2021,1.6345442490225576e-06,-13.324146539247355,-9.633122243397308
2021-12-30,5.206814757601418e-05,Fold5_2021,7.664791911319557e-06,-11.778873193912522,-9.862957167070189
2021-12-31,4.665910996344594e-05,Fold5_2021,6.366651076613018e-06,-11.964436960282324,-9.972642366489783
2022-01-03,4.2165179527235567e-05,Fold6_2022_2023,3.33285865658943e-05,-10.309095073807736,-10.073915807215545
2022-01-04,3.746943707156819e-05,Fold6_2022_2023,1.1213327447633127e-07,-16.00357772239995,-10.191984968715134
2022-01-05,3.21456793479589e-05,Fold6_2022_2023,0.0003759276355422081,-7.886113891761265,-10.345232506733032
2022-01-06,0.00017752320777436769,Fold6_2022_2023,8.833112810235154e-07,-13.93958817182492,-8.636409209570974
2022-01-07,0.00013429206462484779,Fold6_2022_2023,1.56931449444048e-05,-11.062286568704579,-8.915493543114158
2022-01-10,0.00010999974057202576,Fold6_2022_2023,1.5503350214049814e-06,-13.377039507546694,-9.115032550610769
2022-01-11,8.600633745138227e-05,Fold6_2022_2023,8.221328050398265e-05,-9.406193705643295,-9.361089573130695
2022-01-12,7.32612374551448e-05,Fold6_2022_2023,7.288602480238899e-06,-11.829198733992138,-9.521478909476643
2022-01-13,5.8454879923983035e-05,Fold6_2022_2023,0.00019249856155229388,-8.55542187671997,-9.747255384669213
2022-01-14,0.00012443315836006835,Fold6_2022_2023,1.6727208741051064e-07,-15.603644084412318,-8.99174186687355
2022-01-18,9.537378789256094e-05,Fold6_2022_2023,0.0003192845565467211,-8.049427826006658,-9.257706777299536
2022-01-19,0.00020009384851268948,Fold6_2022_2023,0.00010894254734993965,-9.124689903227786,-8.516724058912652
2022-01-20,0.00019521857138116622,Fold6_2022_2023,0.00012387294128070764,-8.996254184780518,-8.541390748238463
2022-01-21,0.00019749012236551364,Fold6_2022_2023,0.0003930707175251366,-7.8415210194707266,-8.529821988212978
2022-01-24,0.0003029469337166922,Fold6_2022_2023,1.7959798217379112e-05,-10.927374730265857,-8.101952904041589
2022-01-25,0.0002262494868134016,Fold6_2022_2023,0.0001509041763478104,-8.798865516312283,-8.39387224361487
2022-01-26,0.00023055768014286656,Fold6_2022_2023,6.308987563064935e-06,-11.973535343878078,-8.37500948760066
2022-01-27,0.0001762370404804165,Fold6_2022_2023,2.4505179620621508e-05,-10.616626049671599,-8.643680648164425
2022-01-28,0.0001443813549339645,Fold6_2022_2023,0.0006018184196228969,-7.415554786687882,-8.843052460798301
2022-01-31,0.00015664893452782246,Fold6_2022_2023,0.0003186532388752403,-8.051407071889583,-8.761503342199019
2022-02-01,0.0001433020842195476,Fold6_2022_2023,4.534836581932745e-05,-10.001136416907363,-8.850555678786876
2022-02-02,0.0001122958309589944,Fold6_2022_2023,9.345584893679265e-05,-9.278021437077566,-9.09437382104974
2022-02-03,9.332676658600765e-05,Fold6_2022_2023,0.0005657617616913381,-7.477337484110672,-9.279403603945436
2022-02-04,0.00029025352428301097,Fold6_2022_2023,2.2007735080884137e-05,-10.724116571815207,-8.144755795227393
2022-02-07,0.0002183705178635456,Fold6_2022_2023,1.0332335035461444e-05,-11.480232256285706,-8.429317314672975
2022-02-08,0.0001698510046612531,Fold6_2022_2023,6.714604929547365e-05,-9.608640470747059,-8.680588948383988
2022-02-09,0.00013392828374364686,Fold6_2022_2023,0.000211120036507625,-8.463083692845647,-8.918206097224765
2022-02-10,0.00011882667922592449,Fold6_2022_2023,0.0003286645815234024,-8.020472836299156,-9.037844603639591
2022-02-11,0.00021841474953804418,Fold6_2022_2023,0.0003966360996837713,-7.832491323116798,-8.429114781859022
2022-02-14,0.000317314055730651,Fold6_2022_2023,1.0722705195936465e-05,-11.443147083789409,-8.055618562434248
2022-02-15,0.0002424567896585934,Fold6_2022_2023,0.00025594108432169165,-8.270563279339232,-8.324687050438794
2022-02-16,0.0002021290575988409,Fold6_2022_2023,1.2547229704424976e-06,-13.588595750430606,-8.506604165567985
2022-02-17,0.0001529949105435059,Fold6_2022_2023,0.00046625655154813015,-7.670774535527213,-8.785105901546642
2022-02-18,0.00029452491095957037,Fold6_2022_2023,4.2195514909591695e-05,-10.073196624333844,-8.130146971150886
2022-02-22,0.00023880383874854956,Fold6_2022_2023,0.00011641720278114137,-9.058330243370843,-8.3398681014136
2022-02-23,0.00022648007043228594,Fold6_2022_2023,0.00032033318508935266,-8.046148900442574,-8.392853606173897
2022-02-24,0.0002939151481001666,Fold6_2022_2023,0.00022311164445217542,-8.407838264018833,-8.13221944418622
2022-02-25,0.00023747040989372214,Fold6_2022_2023,0.00047629283027689553,-7.649477703227095,-8.345467532172718
2022-02-28,0.0002161633623082048,Fold6_2022_2023,6.562963719715504e-06,-11.93406827049109,-8.439476129153684
2022-03-01,0.00016698004230533814,Fold6_2022_2023,0.00023554619765628362,-8.353603495354442,-8.697636259842731
2022-03-02,0.00021857938496501505,Fold6_2022_2023,0.0003323041599310807,-8.009459864081178,-8.428361291494912
2022-03-03,0.00019077823941552672,Fold6_2022_2023,2.490934840708156e-05,-10.600267386917432,-8.56439885463906
2022-03-04,0.0001559481932880485,Fold6_2022_2023,6.655231058644561e-05,-9.617522294169957,-8.765986700177644
2022-03-07,0.00014662454252407515,Fold6_2022_2023,0.0008953440507201065,-7.018302499345222,-8.82763537103591
2022-03-08,0.0004482704319891276,Fold6_2022_2023,5.792194341501198e-05,-9.756414257013736,-7.7101138648354635
2022-03-09,0.0003581016339916852,Fold6_2022_2023,0.0007000099435103265,-7.264416018007007,-7.934693718022279
2022-03-10,0.0003231242289497383,Fold6_2022_2023,2.0483432280298742e-05,-10.795894180023444,-8.037473698933477
2022-03-11,0.0002517642832319279,Fold6_2022_2023,0.00016375042414681714,-8.717167093242697,-8.287017292197746
2022-03-14,0.0002542252052446998,Fold6_2022_2023,5.3804079646796484e-05,-9.830161263805369,-8.277290048952558
2022-03-15,0.0002142155737058306,Fold6_2022_2023,0.00047316019367427554,-7.656076550965925,-8.44852769621718
2022-03-16,0.00019880533349493314,Fold6_2022_2023,0.00048100697804441506,-7.639628780594897,-8.523184435656338
2022-03-17,0.0001883015508628101,Fold6_2022_2023,0.00015458758713097736,-8.774749715260922,-8.577465886207575
2022-03-18,0.0001547029682192166,Fold6_2022_2023,0.00011866166743287875,-9.039234245042396,-8.774003613631915
2022-03-21,0.00012712183361416167,Fold6_2022_2023,8.55108113593302e-08,-16.274623020350518,-8.970364611562296
2022-03-22,9.819176599967165e-05,Fold6_2022_2023,0.00013533834584782248,-8.907732649432148,-9.228588195409914
2022-03-23,8.684527079609215e-05,Fold6_2022_2023,0.00016801759765678296,-8.691441836089657,-9.351382519309068
2022-03-24,0.00013458949614658845,Fold6_2022_2023,0.00022385504768804114,-8.404511824109862,-8.913281181342654
2022-03-25,0.00012061812779841955,Fold6_2022_2023,2.373575596034007e-05,-10.648527956443333,-9.022880971547389
2022-03-28,9.493475021254683e-05,Fold6_2022_2023,5.023655921002334e-05,-9.898767525211314,-9.262320742214225
2022-03-29,7.794569198713774e-05,Fold6_2022_2023,0.0001511640316124854,-8.797145008679053,-9.459498230349016
2022-03-30,7.320039180466398e-05,Fold6_2022_2023,3.836430882383436e-05,-10.168382988296896,-9.5223097844886
2022-03-31,7.49213818926241e-05,Fold6_2022_2023,0.00024058678792563372,-8.332429668958762,-9.499071235648934
2022-04-01,0.0001525877602775595,Fold6_2022_2023,8.008456584303597e-06,-11.73501250155478,-8.78777065021043
2022-04-04,0.00011747875882463494,Fold6_2022_2023,7.276332902730882e-05,-9.52829845182461,-9.049253016682558
2022-04-05,9.640508529685379e-05,Fold6_2022_2023,0.000161591256211033,-8.730440520946143,-9.246951605697063
2022-04-06,0.00013873109061242106,Fold6_2022_2023,0.00010099602541540839,-9.200429394220027,-8.882973098499663
2022-04-07,0.0001472179222043849,Fold6_2022_2023,2.5264661198354447e-05,-10.58610392923098,-8.823596604975052
2022-04-08,0.00011482330657380324,Fold6_2022_2023,7.169698118218342e-06,-11.845647007695419,-9.072116075748795
2022-04-11,9.308212290462234e-05,Fold6_2022_2023,0.0002972212516431068,-8.121033741475546,-9.282028412478036
2022-04-12,0.00018634077229002458,Fold6_2022_2023,1.3778479206770156e-05,-11.192402660822534,-8.587933451429683
2022-04-13,0.00014863058792394953,Fold6_2022_2023,0.00012969538016142232,-8.950322086694749,-8.814046606190292
2022-04-14,0.00012387578046647196,Fold6_2022_2023,0.00015699910679891973,-8.759270441811005,-8.996231264898272
2022-04-18,0.00015702720996798529,Fold6_2022_2023,1.689586520418814e-07,-15.593611814432158,-8.759091455734742
2022-04-19,0.0001206358415653609,Fold6_2022_2023,0.0002564425468609102,-8.268605907289052,-9.022734124081873
2022-04-20,0.00011299090037432569,Fold6_2022_2023,5.502962435428218e-07,-14.412809079102757,-9.088203270155294
2022-04-21,8.872374645426342e-05,Fold6_2022_2023,0.00022699965424309202,-8.390562063642216,-9.329982987970366
2022-04-22,0.00015672826899720067,Fold6_2022_2023,0.0007740993176142691,-7.163810375275414,-8.760997022848533
2022-04-25,0.0004099116731144753,Fold6_2022_2023,3.3416749234665927e-05,-10.306453309585937,-7.799568852902713
2022-04-26,0.0003090316388509858,Fold6_2022_2023,0.0008636724422990276,-7.054316978752965,-8.082066895204626
2022-04-27,0.0005563969800579297,Fold6_2022_2023,7.88427911122119e-06,-11.750639767065387,-7.494028525575421
2022-04-28,0.00041529635547446687,Fold6_2022_2023,0.0006222866876096244,-7.382109658856993,-7.786518183011469
2022-04-29,0.00035965001606015135,Fold6_2022_2023,0.0014179694891660328,-6.558529367911849,-7.930379176995964
2022-05-02,0.0007985527201468076,Fold6_2022_2023,3.60177985150324e-05,-10.231497338489811,-7.132709568510225
2022-05-03,0.0005960436082791106,Fold6_2022_2023,2.091748025883427e-05,-10.774925372540254,-7.425196725322049
2022-05-04,0.00044624252971206443,Fold6_2022_2023,0.0008999075345681258,-7.013218539286763,-7.714647965151575
2022-05-05,0.00040476459633279445,Fold6_2022_2023,0.00130970244995931,-6.637955305004332,-7.812204903468024
2022-05-06,0.0007909291558267521,Fold6_2022_2023,3.584325988521452e-05,-10.236355017375137,-7.142302157005645
2022-05-09,0.0006045184178495138,Fold6_2022_2023,0.00105892298715174,-6.850502937243575,-7.411078420467007
2022-05-10,0.0008464635893203566,Fold6_2022_2023,5.327213539913299e-06,-12.14268224449658,-7.074443370523082
2022-05-11,0.0006306842377302298,Fold6_2022_2023,0.0002564443409875858,-8.268598911100543,-7.368705236314229
2022-05-12,0.0005696373000010915,Fold6_2022_2023,1.0907258141138783e-06,-13.728667198817796,-7.47051071545805
2022-05-13,0.0004269096297632295,Fold6_2022_2023,0.0005582149461087778,-7.4907664616763014,-7.758938207033293
2022-05-16,0.0003638482610318334,Fold6_2022_2023,1.6529983785616912e-05,-11.01033462703824,-7.918773642537187
2022-05-17,0.0002812103829077194,Fold6_2022_2023,0.00041458836759378014,-7.788224415293535,-8.176407475140008
2022-05-18,0.00024464353905033774,Fold6_2022_2023,0.0016930224392605908,-6.381239921778047,-8.315708349528046
2022-05-19,0.0008042891305943762,Fold6_2022_2023,3.7743226894274556e-05,-10.184704518386155,-7.1255517382642095
2022-05-20,0.0006182238011462747,Fold6_2022_2023,1.9043086976608444e-07,-15.473976596606583,-7.388660028285498
2022-05-23,0.0004646425076089189,Fold6_2022_2023,0.0003436250109183464,-7.975959579704848,-7.674242248896874
2022-05-24,0.00037655580360281704,Fold6_2022_2023,5.871918767208078e-05,-9.742744007676034,-7.884444304966792
2022-05-25,0.0003084555449030366,Fold6_2022_2023,7.736931785328999e-05,-9.466920266124085,-8.08393282580288
2022-05-26,0.00023937088709082127,Fold6_2022_2023,0.0003914196382440483,-7.845730329902153,-8.337496380042994
2022-05-27,0.0002126630258866561,Fold6_2022_2023,0.0005881951033760651,-7.4384518566392055,-8.455801683089359
2022-05-31,0.00020862239470341627,Fold6_2022_2023,3.1660700565900306e-05,-10.360434375964047,-8.474984664000734
2022-06-01,0.00017303347286112133,Fold6_2022_2023,6.596009199696453e-05,-9.62646066553515,-8.662025497435888
2022-06-02,0.00015955891281781354,Fold6_2022_2023,0.0003558780062903373,-7.940922564799822,-8.743097344576418
2022-06-03,0.0001504283588595935,Fold6_2022_2023,0.00027383474739162513,-8.202985745230627,-8.802023607975732
2022-06-06,0.00021902774693999795,Fold6_2022_2023,9.243730850395586e-06,-11.591564982116699,-8.426312137817177
2022-06-07,0.00016828305151279905,Fold6_2022_2023,9.113428215794725e-05,-9.303176511007406,-8.689863165862278
2022-06-08,0.00013641665615998522,Fold6_2022_2023,0.00011949912784753624,-9.032201484966318,-8.899796707400188
2022-06-09,0.00015215511895307364,Fold6_2022_2023,0.0005793879949084517,-7.453538192711734,-8.790610038065827
2022-06-10,0.0003300405919845782,Fold6_2022_2023,0.000865787961756793,-7.051870527237866,-8.016294905054494
2022-06-13,0.0005678770926465533,Fold6_2022_2023,0.0014982911487871147,-6.503430054436386,-7.473605548843636
2022-06-14,0.0009770839947142354,Fold6_2022_2023,9.107890862723588e-06,-11.606369392407741,-6.930937937544989
2022-06-15,0.0007349205307926141,Fold6_2022_2023,0.00020038672040134255,-8.51526145641158,-7.215748185967567
2022-06-16,0.000566597218481145,Fold6_2022_2023,0.0011327293546861286,-6.783125200417479,-7.475861879720139
2022-06-17,0.000840959155923334,Fold6_2022_2023,4.636690157794565e-06,-12.281509774327143,-7.080967465254723
2022-06-21,0.0006308595151448717,Fold6_2022_2023,0.000618116959136268,-7.388832864147107,-7.368427358649867
2022-06-22,0.0005224719348291691,Fold6_2022_2023,3.292863841737784e-06,-12.623752903211777,-7.556939288813526
2022-06-23,0.00039583252334624626,Fold6_2022_2023,9.516082057833068e-05,-9.259942249423247,-7.8345193570088485
2022-06-24,0.00030608240567626895,Fold6_2022_2023,0.000979622293832806,-6.9283434750472175,-8.09165619267087
2022-06-27,0.00030954561465743887,Fold6_2022_2023,1.4647047142555692e-05,-11.131271803052298,-8.080405094930464
2022-06-28,0.0002418444529250788,Fold6_2022_2023,0.0004261911205743278,-7.7606226724578296,-8.327215794972048
2022-06-29,0.0003427823185254674,Fold6_2022_2023,6.642157966941819e-07,-14.224658745248062,-7.9784149521349015
2022-06-30,0.0002609848409284518,Fold6_2022_2023,6.654184194294363e-05,-9.617679606017616,-8.251048233062233
2022-07-01,0.00022569168230647735,Fold6_2022_2023,0.00011069259545178773,-9.10875360890788,-8.396340727693252
2022-07-05,0.0001807198058881038,Fold6_2022_2023,3.5597215574961234e-06,-12.545828230345705,-8.618562759908114
2022-07-06,0.00013913979638196424,Fold6_2022_2023,1.1366476796996859e-05,-11.38484216655895,-8.880031400873873
2022-07-07,0.00010844089515753887,Fold6_2022_2023,0.00022100678996202236,-8.417317133108432,-9.12930527850308
2022-07-08,0.0001019458223797306,Fold6_2022_2023,6.773995608955745e-07,-14.205004544783241,-9.191069038931698
2022-07-11,8.079780681501441e-05,Fold6_2022_2023,0.00013200072323824144,-8.932703156315327,-9.423560736184147
2022-07-12,0.00011554665260129402,Fold6_2022_2023,7.900262802077063e-05,-9.446029439964853,-9.065836190929671
2022-07-13,0.0001217198494244022,Fold6_2022_2023,2.7725865962308394e-05,-10.493144791227936,-9.013788470001646
2022-07-14,0.00010697682125284524,Fold6_2022_2023,5.911234293788644e-06,-12.038655899995257,-9.142898370773878
2022-07-15,8.724474348092877e-05,Fold6_2022_2023,0.0003581466914074208,-7.934567902954524,-9.346793245333558
2022-07-18,9.638501128114539e-05,Fold6_2022_2023,6.874617699775145e-05,-9.58508943026917,-9.247159853072185
2022-07-19,0.00010359865839883553,Fold6_2022_2023,0.0007107970762090861,-7.249123575072814,-9.17498617804093
2022-07-20,0.00013668064624173555,Fold6_2022_2023,4.035920030972505e-05,-10.117691176606655,-8.897863402591577
2022-07-21,0.00010877735978073993,Fold6_2022_2023,0.00010265253539214646,-9.184160715416665,-9.126207335446765
2022-07-22,9.286076272998471e-05,Fold6_2022_2023,8.68935750390282e-05,-9.35082646353526,-9.284409361643743
2022-07-25,0.000107882459108078,Fold6_2022_2023,1.4746386048128203e-06,-13.427097611879471,-9.134468265105696
2022-07-26,8.488429186337595e-05,Fold6_2022_2023,0.00014164557127633985,-8.86218259743356,-9.37422150104223
2022-07-27,0.00012209083660225486,Fold6_2022_2023,0.0006571455305555078,-7.3276050563140345,-9.010745227966462
2022-07-28,0.00014629543911553325,Fold6_2022_2023,0.00015536003655502995,-8.76976531812887,-8.82988242530088
2022-07-29,0.00012490614974456133,Fold6_2022_2023,0.00020948879652797945,-8.470840297225454,-8.987947904698492
2022-08-01,0.00011335290097528614,Fold6_2022_2023,8.797019024734027e-06,-11.641097641057218,-9.08500458826116
2022-08-02,9.300594357047217e-05,Fold6_2022_2023,4.3812795155310655e-05,-10.035584656409032,-9.282847157493219
2022-08-03,9.184100408247071e-05,Fold6_2022_2023,0.00024143602267650402,-8.328906036421609,-9.29545169249905
2022-08-04,9.106078731466423e-05,Fold6_2022_2023,4.567775915697326e-07,-14.599069235040492,-9.30398328198625
2022-08-05,7.263906671244253e-05,Fold6_2022_2023,2.8611007366706745e-06,-12.764304134215338,-9.530007671875435
2022-08-08,6.0209029121204274e-05,Fold6_2022_2023,1.3492895519884591e-06,-13.515932361822493,-9.71768823149412
2022-08-09,5.021013097834253e-05,Fold6_2022_2023,1.5831412019208656e-05,-11.053514489110071,-9.899293739310377
2022-08-10,4.903117486809736e-05,Fold6_2022_2023,0.0004320738245353113,-7.746914094192183,-9.92305424035903
2022-08-11,7.385249392523484e-05,Fold6_2022_2023,0.0,,-9.513440779411724
2022-08-12,5.9395197629967455e-05,Fold6_2022_2023,0.00028181353470069,-8.17426493019711,-9.731297182844395
2022-08-15,7.070192610181927e-05,Fold6_2022_2023,1.6909592368919816e-05,-10.98762950126274,-9.557037742125637
2022-08-16,5.792441701202603e-05,Fold6_2022_2023,3.829865226105966e-06,-12.472680944397142,-9.756371552227755
2022-08-17,4.757238665680158e-05,Fold6_2022_2023,5.0742915396255985e-05,-9.88873854789043,-9.953258077309183
2022-08-18,6.062766143176423e-05,Fold6_2022_2023,8.423168004332113e-06,-11.684524552928016,-9.71075930976481
2022-08-19,5.0059863379365576e-05,Fold6_2022_2023,0.00018303703564072842,-8.605822045048606,-9.902291001102093
2022-08-22,0.00011123614078684794,Fold6_2022_2023,0.00044279139984378866,-7.722411779532072,-9.10385522187518
2022-08-23,0.00025295640385662597,Fold6_2022_2023,5.8657010880672385e-06,-12.046388545395514,-8.282293400857224
2022-08-24,0.0001959501286635285,Fold6_2022_2023,1.0214890074110403e-05,-11.491664090975263,-8.537650376704772
2022-08-25,0.00015117776736626678,Fold6_2022_2023,0.0001965269393696724,-8.534711040022893,-8.797054146258857
2022-08-26,0.00013202859090045331,Fold6_2022_2023,0.0011857827793139329,-6.737352149216822,-8.932492061101097
2022-08-29,0.0005386829497195353,Fold6_2022_2023,4.401439582854271e-05,-10.030993799635613,-7.526383379568482
2022-08-30,0.0004243116997013421,Fold6_2022_2023,0.00012184512788298885,-9.012759763239128,-7.765042232010908
2022-08-31,0.0003688985464898093,Fold6_2022_2023,5.8340579630111846e-05,-9.749212658193324,-7.904988893489197
2022-09-01,0.00030380398030889364,Fold6_2022_2023,9.813836099000007e-06,-11.531717321169666,-8.099127866147501
2022-09-02,0.0002320403902132603,Fold6_2022_2023,0.00011236548389450969,-9.093753750453317,-8.368599105704059
2022-09-06,0.00022163689363543262,Fold6_2022_2023,1.4289494774952601e-05,-11.15598592179428,-8.41447012942414
2022-09-07,0.0001766112289572014,Fold6_2022_2023,0.00031703118463310655,-8.056510414688493,-8.641559687686687
2022-09-08,0.00016086246660421347,Fold6_2022_2023,4.24455835577834e-05,-10.067287689305221,-8.73496080274906
2022-09-09,0.00012748231264490638,Fold6_2022_2023,0.0002376475901503224,-8.344721695286735,-8.967532927342582
2022-09-12,0.00011779119689658275,Fold6_2022_2023,0.00011428104511567674,-9.076849835424087,-9.046597018770202
2022-09-13,0.00010078759530499015,Fold6_2022_2023,0.0019763630652839853,-6.226496959042231,-9.202495272350305
2022-09-14,0.0007695401187684758,Fold6_2022_2023,1.4505041453657236e-05,-11.141014282507555,-7.169717469893016
2022-09-15,0.0005866268190690348,Fold6_2022_2023,0.00013037618960191292,-8.945086520221587,-7.441121682948411
2022-09-16,0.0004968081980384231,Fold6_2022_2023,5.864505924642889e-05,-9.7440072277359,-7.6073065257935095
2022-09-19,0.0004034238197589603,Fold6_2022_2023,5.967826009632836e-05,-9.726542756375649,-7.815522886693693
2022-09-20,0.0003143589865435189,Fold6_2022_2023,0.00013329116988782037,-8.922974575375683,-8.064974955843748
2022-09-21,0.0002915188773271134,Fold6_2022_2023,0.00030967320453605525,-8.079992995438436,-8.140405795000833
2022-09-22,0.0003355486981819285,Fold6_2022_2023,7.115690674548253e-05,-9.550623165118154,-7.999743461022064
2022-09-23,0.00028558272026122565,Fold6_2022_2023,0.0002854992035287641,-8.161271318613732,-8.160978832616268
2022-09-26,0.0003225311370483376,Fold6_2022_2023,9.884063616168333e-05,-9.222001740586924,-8.039310877401906
2022-09-27,0.0002854782024443442,Fold6_2022_2023,6.533984128676818e-06,-11.938493673824645,-8.161344880489246
2022-09-28,0.00022377635675932485,Fold6_2022_2023,0.00037968025497296746,-7.87618109373004,-8.404863412174262
2022-09-29,0.00020390548964935139,Fold6_2022_2023,0.00044564343351351655,-7.715991402123016,-8.49785395750278
2022-09-30,0.0003153050639263782,Fold6_2022_2023,0.00024287274985761124,-8.322972914920554,-8.061969930881341
2022-10-03,0.00033022739715573413,Fold6_2022_2023,0.0006790720062929619,-7.294783388468632,-8.015729058521837
2022-10-04,0.00030910231379186674,Fold6_2022_2023,0.0009312236005612196,-6.979011137062964,-8.081838223277169
2022-10-05,0.000313928540162047,Fold6_2022_2023,5.433273471943748e-06,-12.122968756314025,-8.066345177057835
2022-10-06,0.0002448495988096026,Fold6_2022_2023,0.00010752689932845998,-9.137769515386683,-8.314866418332288
2022-10-07,0.0002297599607735881,Fold6_2022_2023,0.0008003317533582224,-7.130484224559407,-8.378475442832197
2022-10-10,0.0004573654984585449,Fold6_2022_2023,5.8746786865535785e-05,-9.742274098086103,-7.690027708913287
2022-10-11,0.00037374002428064744,Fold6_2022_2023,4.036082935040364e-05,-10.117650813869286,-7.891950124503486
2022-10-12,0.0003038503767777026,Fold6_2022_2023,1.0916086988142721e-05,-11.4252729862838,-8.098975159371493
2022-10-13,0.00023986357761021347,Fold6_2022_2023,0.0006785384377844373,-7.295569429174676,-8.335440222862054
2022-10-14,0.0002405177204969027,Fold6_2022_2023,0.0005314083954849502,-7.539979725958411,-8.332716789233032
2022-10-17,0.0003726385684198062,Fold6_2022_2023,0.00064375307003559,-7.348195337010376,-7.894901593560059
2022-10-18,0.00033890366564788956,Fold6_2022_2023,0.00013644710404372222,-8.899573534606258,-7.989794663098494
2022-10-19,0.00027196107572693447,Fold6_2022_2023,5.057442902487702e-05,-9.892064464645435,-8.209851605853718
2022-10-20,0.00023033873795980515,Fold6_2022_2023,7.090769151816504e-05,-9.554131646273982,-8.375959558770367
2022-10-21,0.00020594098638680386,Fold6_2022_2023,0.0005765186260333104,-7.458502909959542,-8.487920904066632
2022-10-24,0.00020640895495611263,Fold6_2022_2023,0.00014791865975877246,-8.818848031508033,-8.485651138882755
2022-10-25,0.0001721329936813221,Fold6_2022_2023,0.0002509846180247048,-8.290118903480456,-8.667243160853232
2022-10-26,0.0001544166701798097,Fold6_2022_2023,5.719459378868347e-05,-9.769051178229125,-8.775855958715853
2022-10-27,0.00014324717117415668,Fold6_2022_2023,2.86676422162702e-05,-10.459741520157788,-8.850938950039755
2022-10-28,0.000124467029291869,Fold6_2022_2023,0.0005528163998083309,-7.50048461914853,-8.991469702096742
2022-10-31,0.00014285026242721643,Fold6_2022_2023,5.255645675210897e-05,-9.853622599452446,-8.85371359220681
2022-11-01,0.00013280418253801203,Fold6_2022_2023,1.9232096661481643e-05,-10.858929973548731,-8.926634826402747
2022-11-02,0.00011308575426422967,Fold6_2022_2023,0.0006459928584114578,-7.344722109333403,-9.087364139767228
2022-11-03,0.0003139204661747506,Fold6_2022_2023,0.00010712879903386495,-9.141478718115147,-8.066370896577068
2022-11-04,0.0002824119235949896,Fold6_2022_2023,0.00020421868829989846,-8.496319136833229,-8.172143830874665
2022-11-07,0.00023509736645082818,Fold6_2022_2023,9.063283950825928e-05,-9.308693943612047,-8.355510804306478
2022-11-08,0.00018999216933210348,Fold6_2022_2023,2.8954375362283534e-05,-10.449789230225706,-8.56852770069467
2022-11-09,0.00015083294122781544,Fold6_2022_2023,0.00043335232419385294,-7.743959479080308,-8.799337683090375
2022-11-10,0.0002694761853362096,Fold6_2022_2023,0.0028619608710530784,-5.85624826983055,-8.219030537619144
2022-11-11,0.00044741684633175084,Fold6_2022_2023,9.277439143899743e-05,-9.285339910575667,-7.712019855768785
2022-11-14,0.000349724441319725,Fold6_2022_2023,7.29866900411456e-05,-9.525233461643175,-7.95836502408758
2022-11-15,0.0002972841822684497,Fold6_2022_2023,7.213083551658017e-05,-9.537028928033456,-8.120822033988992
2022-11-16,0.00023507067495982312,Fold6_2022_2023,5.864707465105163e-05,-9.743972862181177,-8.355624344524795
2022-11-17,0.00020543846106437717,Fold6_2022_2023,9.390176352309766e-06,-11.5758464840568,-8.49036402841569
2022-11-18,0.0001646014583991401,Fold6_2022_2023,2.0520263952227087e-05,-10.794097674575474,-8.711983409498465
2022-11-21,0.00013038130078578367,Fold6_2022_2023,1.3268849628867804e-05,-11.230091402988485,-8.945047317636352
2022-11-22,0.00010893436459698334,Fold6_2022_2023,0.0001786830564770821,-8.62989695575537,-9.124765016766775
2022-11-23,0.00010028150257279905,Fold6_2022_2023,3.946125533296848e-05,-10.14019124507885,-9.207529301013013
2022-11-25,8.277560115822049e-05,Fold6_2022_2023,5.009164020815867e-08,-16.809411704891225,-9.399377211999553
2022-11-28,6.689787938203921e-05,Fold6_2022_2023,0.0002587448903307391,-8.259667961093731,-9.612343289657767
2022-11-29,0.00014845687257646176,Fold6_2022_2023,2.9550471754907148e-06,-12.731995942600578,-8.815216062262206
2022-11-30,0.00011889549487477764,Fold6_2022_2023,0.0009619024238310064,-6.946597542972091,-9.037265645020895
2022-12-01,0.00016950978881981652,Fold6_2022_2023,5.418117820497913e-07,-14.428347161408213,-8.682599881661943
2022-12-02,0.00013339115924807825,Fold6_2022_2023,1.3328469699693168e-06,-13.528193324581185,-8.922224699182031
2022-12-05,0.0001064876198431747,Fold6_2022_2023,0.0003295296319338203,-8.017844278068752,-9.14748182517583
2022-12-06,0.00020330386309987393,Fold6_2022_2023,0.00021081976980319713,-8.464506961049423,-8.500808835543593
2022-12-07,0.00023564737040447046,Fold6_2022_2023,2.8995771946619323e-06,-12.750945626545123,-8.353174063559955
2022-12-08,0.000185456645574354,Fold6_2022_2023,6.089531429917214e-05,-9.70635432710882,-8.592689419813063
2022-12-09,0.00014980654760340026,Fold6_2022_2023,5.6223542548425545e-05,-9.78617498222587,-8.806165778868404
2022-12-12,0.00014005897917304802,Fold6_2022_2023,0.00020489532108062896,-8.493011338116169,-8.873446944260907
2022-12-13,0.00012609705787346308,Fold6_2022_2023,5.687279095041628e-05,-9.77469352187971,-8.978458646958982
2022-12-14,0.00010415529147229341,Fold6_2022_2023,4.11396122324633e-05,-10.098539099343842,-9.169627585284868
2022-12-15,9.97010904669827e-05,Fold6_2022_2023,0.0006133445405028317,-7.396583723637329,-9.213333943574021
2022-12-16,0.00029465213578566327,Fold6_2022_2023,0.0001410487276895401,-8.86640514083671,-8.129715098155245
2022-12-19,0.0002807804138092617,Fold6_2022_2023,7.252045059415658e-05,-9.531641958719147,-8.177937639636877
2022-12-20,0.0002460486341823889,Fold6_2022_2023,1.8703384438244073e-06,-13.189391157471412,-8.309981341643557
2022-12-21,0.00019224884049840542,Fold6_2022_2023,0.00022027331897197548,-8.420641423737704,-8.556719980814366
2022-12-22,0.00016742234992863164,Fold6_2022_2023,0.00020646295673097336,-8.485389547945518,-8.69499089670238
2022-12-23,0.000206058865137736,Fold6_2022_2023,3.289688668174936e-05,-10.322132534404686,-8.487348676898527
2022-12-27,0.00016384558429862863,Fold6_2022_2023,1.5611601593778327e-05,-11.067496228201714,-8.716586132840037
2022-12-28,0.00013607050520984208,Fold6_2022_2023,0.0001563934358046516,-8.763135701292345,-8.902337385901184
2022-12-29,0.0001645734126808017,Fold6_2022_2023,0.0003182684433245893,-8.052615369889859,-8.712153809616277
2022-12-30,0.0001537926517535683,Fold6_2022_2023,6.955624982005855e-06,-11.875959875805714,-8.779905279969318
2023-01-03,0.0001250596297126753,Fold6_2022_2023,1.7799143127548947e-05,-10.936360240726694,-8.986719896706882
2023-01-04,0.00010718332824252072,Fold6_2022_2023,5.91442262685684e-05,-9.73553158399367,-9.14096984154782
2023-01-05,9.000415582151379e-05,Fold6_2022_2023,0.00013176448379946594,-8.934494442623306,-9.31565471290548
2023-01-06,0.00012072494424854199,Fold6_2022_2023,0.0005140733770616914,-7.573144545768549,-9.021995788010184
2023-01-09,0.0001352167501095481,Fold6_2022_2023,3.21564361380691e-07,-14.950068122384542,-8.908631510686497
2023-01-10,0.0001077853516873127,Fold6_2022_2023,4.8838098922909295e-05,-9.926999834071708,-9.135368792884686
2023-01-11,8.969688669362318e-05,Fold6_2022_2023,0.00015796213084681094,-8.753155231849455,-9.319074497488224
2023-01-12,8.402178898048723e-05,Fold6_2022_2023,1.3207944108975833e-05,-11.23469208295929,-9.384434400132562
2023-01-13,6.890801312492552e-05,Fold6_2022_2023,1.4992866461339526e-05,-11.107936039225013,-9.582738085909897
2023-01-17,5.7438317009254935e-05,Fold6_2022_2023,3.362649622734589e-06,-12.602781316558763,-9.76479893363171
2023-01-18,4.966159513621712e-05,Fold6_2022_2023,0.00025324863232781936,-8.281138815332515,-9.910278657251977
2023-01-19,0.0001314803879632211,Fold6_2022_2023,5.338633400311694e-05,-9.837955762295234,-8.936652858433172
2023-01-20,0.00012505352337385613,Fold6_2022_2023,0.000340686230388706,-7.984548649762147,-8.986768725317013
2023-01-23,0.00012509662049820956,Fold6_2022_2023,0.00014225645517203329,-8.857879106922173,-8.986424155259105
2023-01-24,0.00011003949762738616,Fold6_2022_2023,1.153133748747758e-06,-13.673027322756374,-9.114671187281951
2023-01-25,8.914481819601273e-05,Fold6_2022_2023,1.4037564840427613e-07,-15.77894380481191,-9.325248339898401
2023-01-26,7.228140114651911e-05,Fold6_2022_2023,0.00011947944086340264,-9.03236624437788,-9.534943707445853
2023-01-27,6.77328548546803e-05,Fold6_2022_2023,5.266288214130763e-06,-12.154184767257815,-9.59993919510635
2023-01-30,5.603573946118381e-05,Fold6_2022_2023,0.0001594173522235837,-8.74398493791196,-9.789520866131118
2023-01-31,0.00010399772452502296,Fold6_2022_2023,0.00021305029886641933,-8.453982275219904,-9.17114153862935
2023-02-01,9.915312857854327e-05,Fold6_2022_2023,0.00011176196978504117,-9.099139218036305,-9.2188451495019
2023-02-02,8.784364436395844e-05,Fold6_2022_2023,0.00020886223785585156,-8.473835672348748,-9.339952092402955
2023-02-03,8.650739363460114e-05,Fold6_2022_2023,0.00011418996980364956,-9.077647094690287,-9.355280672134745
2023-02-06,0.00011194462756938932,Fold6_2022_2023,3.757801180830365e-05,-10.189091470958504,-9.097506205625406
2023-02-07,0.00010447619268796226,Fold6_2022_2023,0.00016883614208030662,-8.68658188687093,-9.166551333682419
2023-02-08,9.626368996449123e-05,Fold6_2022_2023,0.00012088983920191838,-9.020630846870223,-9.24841936151328
2023-02-09,0.0001217230561549776,Fold6_2022_2023,7.581405460169337e-05,-9.487226865594655,-9.013762125174978
2023-02-10,0.000125544493535518,Fold6_2022_2023,5.434158662710133e-06,-12.122805849243178,-8.982850332059915
2023-02-13,0.00010050130917634213,Fold6_2022_2023,0.00013620281015051298,-8.901365531932246,-9.205339803919719
2023-02-14,9.075805514519694e-05,Fold6_2022_2023,2.118126733380921e-07,-15.367563569223185,-9.307313326827876
2023-02-15,7.389269161500594e-05,Fold6_2022_2023,1.0511669693112935e-05,-11.463024518603737,-9.512896630502695
2023-02-16,6.114971001233677e-05,Fold6_2022_2023,0.00019222544621063777,-8.556841675755251,-9.702185438077223
2023-02-17,0.00011898224511323714,Fold6_2022_2023,6.2569755940015236e-06,-11.981813621546749,-9.036536276713381
2023-02-21,9.832834249060022e-05,Fold6_2022_2023,0.0004106645272685338,-7.797733912125864,-9.227198245913488
2023-02-22,0.00022204729568928058,Fold6_2022_2023,1.9016296966948155e-06,-13.172799304333886,-8.412620155137162
2023-02-23,0.0001755282864191369,Fold6_2022_2023,2.814347154102163e-05,-10.478195147113041,-8.64771035186842
2023-02-24,0.00014057108720473414,Fold6_2022_2023,0.00011533826880996219,-9.067641279340299,-8.86979723839189
2023-02-27,0.00015363035334657228,Fold6_2022_2023,1.1559976966735873e-05,-11.367961687218925,-8.780961143840154
2023-02-28,0.00012266120675284774,Fold6_2022_2023,1.371205106773572e-05,-11.197235471806005,-9.006084419621063
2023-03-01,0.00010407674112141184,Fold6_2022_2023,1.4769457572090009e-05,-11.122949187072344,-9.170382035535669
2023-03-02,9.013860759413914e-05,Fold6_2022_2023,6.001666223212636e-05,-9.720888330425982,-9.314161987968417
2023-03-03,7.722021925165803e-05,Fold6_2022_2023,0.000253146857161971,-8.281540774549494,-9.468849227820403
2023-03-06,8.172415883362763e-05,Fold6_2022_2023,4.797110731966302e-07,-14.550081845117926,-9.412160898051477
2023-03-07,6.67339564613736e-05,Fold6_2022_2023,0.00023862386697771464,-8.340622024058646,-9.614796642211838
2023-03-08,0.00013817245198394568,Fold6_2022_2023,2.659686056634888e-06,-12.837302465957496,-8.887008000914735
2023-03-09,0.00011039933034792156,Fold6_2022_2023,0.0003467888616142974,-7.966794431179501,-9.111406489828791
2023-03-10,0.00020818014915627035,Fold6_2022_2023,0.00021125113454947286,-8.462462921093021,-8.477106751399784
2023-03-13,0.00023818176666689212,Fold6_2022_2023,2.0345431931761355e-06,-13.105239239365744,-8.342476450291565
2023-03-14,0.00018853331359624658,Fold6_2022_2023,0.00026879291576058483,-8.221569304719928,-8.576235836737544
2023-03-15,0.00016876372775677652,Fold6_2022_2023,3.936166909212954e-05,-10.142718080883348,-8.687010881850552
2023-03-16,0.00014900732496009797,Fold6_2022_2023,0.00030251759024654514,-8.103371132608643,-8.811515092421141
2023-03-17,0.0001407486866841397,Fold6_2022_2023,0.00013833499532660994,-8.885832312064629,-8.868534621828932
2023-03-20,0.00016138435846525613,Fold6_2022_2023,9.1578824625774e-05,-9.29831048521631,-8.731721718440173
2023-03-21,0.00013463030975719497,Fold6_2022_2023,0.0001701754351694738,-8.678680681445494,-8.91297798217213
2023-03-22,0.0001197708224598336,Fold6_2022_2023,0.0002956181241780504,-8.126442057582894,-9.029930454034751
2023-03-23,0.0001980373233369923,Fold6_2022_2023,7.288766533342086e-06,-11.82917622607551,-8.527055043331972
2023-03-24,0.0001569563848589429,Fold6_2022_2023,4.2778813836173395e-05,-10.059467581759087,-8.759542594656715
2023-03-27,0.00012775919894382747,Fold6_2022_2023,3.489786798442903e-06,-12.565669912887339,-8.965363324084786
2023-03-28,0.00010255909121489067,Fold6_2022_2023,5.0491964250097366e-06,-12.196281451098983,-9.18507142584043
2023-03-29,8.541627242927006e-05,Fold6_2022_2023,0.0002082282871276806,-8.476875545845669,-9.367973931652621
2023-03-30,8.4692668638796e-05,Fold6_2022_2023,3.4084904569164426e-05,-10.286655952943253,-9.376481516855403
2023-03-31,7.131168222930706e-05,Fold6_2022_2023,0.00019589440739991044,-8.537934781660642,-9.548450397831997
2023-04-03,7.290084126947e-05,Fold6_2022_2023,1.4465582012879426e-05,-11.143738384405113,-9.526410378968649
2023-04-04,6.083341207770162e-05,Fold6_2022_2023,3.095511425869703e-05,-10.38297232987739,-9.707371379182703
2023-04-05,6.271795622674849e-05,Fold6_2022_2023,6.872757162668516e-06,-11.88794519852109,-9.67686276812351
2023-04-06,5.540620212843938e-05,Fold6_2022_2023,1.5157608641937304e-05,-11.097007931489527,-9.800819018700285
2023-04-10,4.739092510950119e-05,Fold6_2022_2023,1.0521686844384528e-06,-13.764657110078485,-9.957079800978834
2023-04-11,4.033121212904877e-05,Fold6_2022_2023,7.211485502313588e-08,-16.44500578026953,-10.118384894260409
2023-04-12,3.485989978654964e-05,Fold6_2022_2023,1.668083844358236e-05,-11.001249895895166,-10.264173392616932
2023-04-13,3.756139050675716e-05,Fold6_2022_2023,0.00017411447552004641,-8.65579756978693,-10.189533883362794
2023-04-14,4.504011921548181e-05,Fold6_2022_2023,5.981150651027234e-06,-12.026897591951688,-10.007956927256195
2023-04-17,4.1400135088731634e-05,Fold6_2022_2023,1.2827890608240525e-05,-11.263888803746859,-10.092226414125488
2023-04-18,3.6417157362039923e-05,Fold6_2022_2023,4.25489726247096e-07,-14.67002503435469,-10.220470538274972
2023-04-19,3.185897711524408e-05,Fold6_2022_2023,2.8582753995474706e-08,-17.370462308153773,-10.354191359608437
2023-04-20,2.8493303758004708e-05,Fold6_2022_2023,2.994383039819171e-05,-10.416187251344533,-10.465841454155605
2023-04-21,3.7450610912280665e-05,Fold6_2022_2023,6.029639526896026e-07,-14.321408421957026,-10.19248753538962
2023-04-24,3.2669530646158425e-05,Fold6_2022_2023,1.0873977035218138e-06,-13.731723144135097,-10.329067698963266
2023-04-25,2.8981050058859987e-05,Fold6_2022_2023,0.00025604063563770146,-8.270174393121684,-10.448868387813057
2023-04-26,0.00011407982751563341,Fold6_2022_2023,1.8015763378596368e-05,-10.924263440052151,-9.078612113259167
2023-04-27,9.918593573110335e-05,Fold6_2022_2023,0.00038857874440667816,-7.853014720389593,-9.218514330628942
2023-04-28,0.00010817523202901693,Fold6_2022_2023,7.223182678526573e-05,-9.535629794995174,-9.131758126914402
2023-05-01,9.207137517739685e-05,Fold6_2022_2023,1.0207289270915e-06,-13.794993551494239,-9.292946464560176
2023-05-02,7.569291150309401e-05,Fold6_2022_2023,0.00012775350020828512,-8.965407930365117,-9.488826041230352
2023-05-03,0.00010749787045298777,Fold6_2022_2023,4.743909107770741e-05,-9.956063962865864,-9.138039520332422
2023-05-04,0.0001046267529519256,Fold6_2022_2023,5.052534383545231e-05,-9.893035489443864,-9.165111274676827
2023-05-05,0.00010347405148759132,Fold6_2022_2023,0.0003364758899751307,-7.996984060851691,-9.176189686956741
2023-05-08,0.00010735903976464057,Fold6_2022_2023,7.106323402570865e-08,-16.45969573619143,-9.13933182885094
2023-05-09,8.677010005268333e-05,Fold6_2022_2023,1.9316823924505265e-05,-10.854534135835484,-9.352248465080327
2023-05-10,7.87138249825279e-05,Fold6_2022_2023,2.1729051750784618e-05,-10.736860402439872,-9.449691751100326
2023-05-11,6.592246777831504e-05,Fold6_2022_2023,3.0465876253329683e-06,-12.701488405047842,-9.627031237106317
2023-05-12,5.643778862030141e-05,Fold6_2022_2023,1.7191032769338818e-06,-13.273707753709237,-9.78237161281917
2023-05-15,4.850949566744168e-05,Fold6_2022_2023,1.186200117806221e-05,-11.342170445233783,-9.933750992227042
2023-05-16,4.189155747894561e-05,Fold6_2022_2023,4.495633752048578e-05,-10.00981881654024,-10.080426243487722
2023-05-17,5.3090577818219956e-05,Fold6_2022_2023,0.0001455856116878312,-8.834746247910124,-9.843511087679193
2023-05-18,5.457787547562531e-05,Fold6_2022_2023,9.191069942654678e-05,-9.294693110716272,-9.815881968402739
2023-05-19,5.200296800782812e-05,Fold6_2022_2023,2.1206845842088634e-06,-13.063771604327199,-9.864209763938064
2023-05-22,4.52557415859649e-05,Fold6_2022_2023,1.648728615952297e-07,-15.618091195847601,-10.003181009989994
2023-05-23,3.8770482640106174e-05,Fold6_2022_2023,0.0001273790522817775,-8.968343253135265,-10.157851357555565
2023-05-24,7.882312390301971e-05,Fold6_2022_2023,5.287161305103681e-05,-9.847643978421845,-9.448304153602695
2023-05-25,8.435828168758356e-05,Fold6_2022_2023,7.435370353324053e-05,-9.5066770741502,-9.380437571366462
2023-05-26,7.383289651940737e-05,Fold6_2022_2023,0.00016557086937628155,-8.706111241050534,-9.513706173380395
2023-05-30,7.204169409167583e-05,Fold6_2022_2023,1.4509849417985478e-07,-15.745853054919527,-9.5382655219464
2023-05-31,5.9514216476444e-05,Fold6_2022_2023,3.092065773793096e-05,-10.384086062222567,-9.729295341575275
2023-06-01,6.178879790593101e-05,Fold6_2022_2023,8.941710213243352e-05,-9.322198595059621,-9.691788473588945
2023-06-02,5.7394221605609466e-05,Fold6_2022_2023,0.00020614151341553756,-8.486947666694707,-9.765566928598027
2023-06-05,6.220381335661181e-05,Fold6_2022_2023,3.679067348301581e-06,-12.512851275865788,-9.685094252114284
2023-06-06,5.3791613139962244e-05,Fold6_2022_2023,4.730278267379376e-06,-12.261526526878104,-9.83039299254036
2023-06-07,4.55724358731782e-05,Fold6_2022_2023,1.1995832761689947e-05,-11.330951238347586,-9.99620750067888
2023-06-08,4.4191961153794295e-05,Fold6_2022_2023,3.636398429724939e-05,-10.221931715526079,-10.026967659770312
2023-06-09,4.016341605643111e-05,Fold6_2022_2023,3.214034090217272e-06,-12.647983683917007,-10.122554025032183
2023-06-12,3.496093934312261e-05,Fold6_2022_2023,8.155707372339588e-05,-9.41420749172223,-10.261279138455452
2023-06-13,3.6065092001354093e-05,Fold6_2022_2023,4.31825107149755e-05,-10.050074989246646,-10.230185141024672
2023-06-14,3.4318193309315684e-05,Fold6_2022_2023,1.4164420315221425e-06,-13.467362442253343,-10.279834927232635
2023-06-15,3.0336190685769724e-05,Fold6_2022_2023,0.00015181909823450026,-8.79282088909491,-10.403169146119959
2023-06-16,3.743985655970876e-05,Fold6_2022_2023,1.1642128293343366e-05,-11.360880289304003,-10.192774737566582
2023-06-20,3.776501251887102e-05,Fold6_2022_2023,2.705687892556973e-05,-10.517569280913982,-10.184127478704914
2023-06-21,4.36165683280172e-05,Fold6_2022_2023,2.6389468358518948e-05,-10.542545553217751,-10.040073472270528
2023-06-22,4.7902091191930577e-05,Fold6_2022_2023,1.2982768673209936e-05,-11.251887566413389,-9.946351397048785
2023-06-23,4.1558342299354515e-05,Fold6_2022_2023,5.758714738700922e-05,-9.762211150803092,-10.088412279454774
2023-06-26,5.714050110579959e-05,Fold6_2022_2023,1.6762374680808403e-05,-10.996373785547979,-9.769997391410119
2023-06-27,5.4905322964975513e-05,Fold6_2022_2023,0.00011889002670543614,-9.037311637470781,-9.809900256681182
2023-06-28,5.407589833352019e-05,Fold6_2022_2023,2.542089129488586e-07,-15.185109416064362,-9.825121973530452
2023-06-29,4.5670329963251744e-05,Fold6_2022_2023,1.547444515782648e-05,-11.076320594134838,-9.994061705848168
2023-06-30,3.9996038501229726e-05,Fold6_2022_2023,0.00013763159933753968,-8.890930012481318,-10.126730146224128
2023-07-03,4.377149069667785e-05,Fold6_2022_2023,1.3220821614400226e-06,-13.536302669116482,-10.036527849843633
2023-07-05,3.770071123249068e-05,Fold6_2022_2023,2.215031148362781e-06,-13.020244092099784,-10.185831598104954
2023-07-06,3.4309637908759717e-05,Fold6_2022_2023,6.18035311756328e-05,-9.691550056368701,-10.280084254668703
2023-07-07,5.295830817350522e-05,Fold6_2022_2023,6.38995835394935e-06,-11.960782806974887,-9.846005592210112
2023-07-10,4.783649220925316e-05,Fold6_2022_2023,6.3899583539489605e-06,-11.960782806974949,-9.947721774395365
2023-07-11,4.1152534115928164e-05,Fold6_2022_2023,4.0300887473718656e-05,-10.119137067573746,-10.098225050333227
2023-07-12,3.808852400980168e-05,Fold6_2022_2023,6.422224492070662e-05,-9.65316091319157,-10.175597528295405
2023-07-13,3.728489182440319e-05,Fold6_2022_2023,6.24953200631469e-05,-9.68041888301514,-10.196922358289523
2023-07-14,3.655003634161038e-05,Fold6_2022_2023,3.8807355137735283e-07,-14.76207094988284,-10.216828377470476
2023-07-17,3.2539865818634325e-05,Fold6_2022_2023,1.2014132148849384e-05,-11.329426922025517,-10.333044579764112
2023-07-18,2.9592151060506782e-05,Fold6_2022_2023,5.480758329481527e-05,-9.811681992291863,-10.428001398671983
2023-07-19,3.005877929908743e-05,Fold6_2022_2023,4.933894634674052e-06,-12.219381895035665,-10.4123557832768
2023-07-20,2.7245890771467385e-05,Fold6_2022_2023,4.430976077089608e-05,-10.024305571754224,-10.510607845603433
2023-07-21,4.14708128227497e-05,Fold6_2022_2023,0.0,,-10.09052068363885
2023-07-24,3.602314428003194e-05,Fold6_2022_2023,1.9868167959452404e-05,-10.826391706987417,-10.231348929410142
2023-07-25,3.278590033211895e-05,Fold6_2022_2023,7.43264451915916e-06,-11.809628838044,-10.325512002917081
2023-07-26,2.951946190074185e-05,Fold6_2022_2023,2.3608678779350677e-08,-17.561651447628684,-10.430460786692793
2023-07-27,2.6691111865716616e-05,Fold6_2022_2023,4.424927288582641e-05,-10.025671618604067,-10.531179936902358
2023-07-28,4.0958735073576033e-05,Fold6_2022_2023,9.49229069581964e-05,-9.262445501515927,-10.102945459702653
2023-07-31,4.1544229207173234e-05,Fold6_2022_2023,3.6184014369677064e-06,-12.529478221654925,-10.088751934222637
2023-08-01,3.610685959806368e-05,Fold6_2022_2023,8.212707148877936e-06,-11.70982795086399,-10.229027694109439
2023-08-02,3.548439871578018e-05,Fold6_2022_2023,0.0001962381939987638,-8.536181361079402,-10.246417430874299
2023-08-03,9.87861163195693e-05,Fold6_2022_2023,8.236443452422136e-06,-11.706941927069236,-9.222553486166028
2023-08-04,8.399680843513315e-05,Fold6_2022_2023,2.0548702483728885e-05,-10.792712758493325,-9.384731754662626
2023-08-07,7.710065594301872e-05,Fold6_2022_2023,7.55290762155183e-05,-9.490992860409882,-9.470398769739628
2023-08-08,6.831471260333075e-05,Fold6_2022_2023,1.8994354264199578e-05,-10.871368766943352,-9.591385403116277
2023-08-09,6.44215996534885e-05,Fold6_2022_2023,4.499309148617956e-05,-10.009001602509088,-9.650061582741323
2023-08-10,7.042182392523256e-05,Fold6_2022_2023,1.2879593798208935e-07,-15.865036561179611,-9.561007343902057
2023-08-11,5.8462111960878526e-05,Fold6_2022_2023,3.401780837017124e-07,-14.893796580865489,-9.747131672336417
2023-08-14,4.957151776941203e-05,Fold6_2022_2023,3.030339861031944e-05,-10.404250686381937,-9.912094127691395
2023-08-15,4.4002869523628186e-05,Fold6_2022_2023,0.00013729382627633552,-8.893387211413728,-10.031255709726418
2023-08-16,8.530062036665285e-05,Fold6_2022_2023,5.424605532819159e-05,-9.821980281031808,-9.369328830730451
2023-08-17,8.971615954023097e-05,Fold6_2022_2023,5.8508617946320954e-05,-9.746336499254575,-9.31885965417458
2023-08-18,9.45722469311926e-05,Fold6_2022_2023,2.3146418276483024e-07,-15.278840693468686,-9.26614649776904
2023-08-21,7.723911448604972e-05,Fold6_2022_2023,4.2059161555182614e-05,-10.076433322382409,-9.468604564917506
2023-08-22,6.630377912492321e-05,Fold6_2022_2023,7.355906579762556e-06,-11.82000695117199,-9.621263662021
2023-08-23,5.8624219810278486e-05,Fold6_2022_2023,0.0001226833140181061,-9.005904205567381,-9.744362639426624
2023-08-24,5.7158854870699075e-05,Fold6_2022_2023,0.00019477335581975902,-8.54367395321664,-9.769676238855926
2023-08-25,0.00011402247945218389,Fold6_2022_2023,4.935002502054894e-05,-9.916572285082907,-9.07911494083176
2023-08-28,9.537931905039061e-05,Fold6_2022_2023,3.996050815860695e-05,-10.127618887582923,-9.257648784452973
2023-08-29,8.032083280054355e-05,Fold6_2022_2023,0.0002059583773661278,-8.48783646121061,-9.429481533541944
2023-08-30,7.965121333114439e-05,Fold6_2022_2023,1.689463955296542e-05,-10.988514172564496,-9.437853288439316
2023-08-31,6.662542681053096e-05,Fold6_2022_2023,2.144218254332354e-06,-13.052735522207113,-9.616424269336969
2023-09-01,5.686279233984383e-05,Fold6_2022_2023,3.4722965751556137e-06,-12.570694345702535,-9.774869343910229
2023-09-05,4.812104818213245e-05,Fold6_2022_2023,1.876024098038241e-05,-10.883770769032536,-9.941790884423954
2023-09-06,4.8616303066998875e-05,Fold6_2022_2023,4.5497289507614525e-05,-9.997857805043026,-9.931551629256482
2023-09-07,5.817863387659887e-05,Fold6_2022_2023,9.454723009122234e-06,-11.568996151986605,-9.751992386152638
2023-09-08,5.31072016690718e-05,Fold6_2022_2023,2.264685889364291e-06,-12.998074488838629,-9.84319801425962
2023-09-11,4.514641117650859e-05,Fold6_2022_2023,4.296925827196727e-05,-10.055025621858414,-10.005599767938063
2023-09-12,4.1408438358600484e-05,Fold6_2022_2023,3.0257335124505117e-05,-10.405771919427071,-10.092025872815547
2023-09-13,4.7362544893936393e-05,Fold6_2022_2023,1.357517814298411e-06,-13.509852662352667,-9.95767883374064
2023-09-14,4.0633350245981505e-05,Fold6_2022_2023,7.371459077106863e-05,-9.515309803179377,-10.110921393919284
2023-09-15,3.9891470882595606e-05,Fold6_2022_2023,0.0001469316123947401,-8.825543301239264,-10.129348019259844
2023-09-18,8.479261923720983e-05,Fold6_2022_2023,3.436824323072834e-07,-14.883547767846819,-9.375302056251435
2023-09-19,6.970831046756317e-05,Fold6_2022_2023,4.310561303156611e-06,-12.354442429577212,-9.571191015346061
2023-09-20,6.0146405870965014e-05,Fold6_2022_2023,8.529814903989723e-05,-9.369357803117115,-9.718728870097516
2023-09-21,8.025082475929332e-05,Fold6_2022_2023,0.0002777697485530917,-8.188718030070834,-9.43035351863259
2023-09-22,0.0001589050106096256,Fold6_2022_2023,5.067424653815598e-06,-12.192677827242763,-8.747203951818538
2023-09-25,0.00012963943024287,Fold6_2022_2023,1.760926511902173e-05,-10.947085367217221,-8.95075357461828
2023-09-26,0.00010557460737822911,Fold6_2022_2023,0.00021904865581422075,-8.426216680156791,-9.156092676040794
2023-09-27,0.00015929769648214198,Fold6_2022_2023,1.5918893270831487e-07,-15.653174084116479,-8.74473580140303
2023-09-28,0.00012771232293010124,Fold6_2022_2023,3.341805396704318e-05,-10.3064142660842,-8.965730300520425
2023-09-29,0.00010514606819737043,Fold6_2022_2023,5.904781285127503e-06,-12.039748147929357,-9.160160048836403
2023-10-02,8.837614315590599e-05,Fold6_2022_2023,1.58242667379861e-07,-15.659136112667941,-9.333908498545133
2023-10-03,7.284908251387836e-05,Fold6_2022_2023,0.00018161635001005916,-8.613614062754777,-9.52712061958386
2023-10-04,0.00012129881271829284,Fold6_2022_2023,5.264530961797598e-05,-9.85193340943102,-9.017253530039973
2023-10-05,0.00010143893655386648,Fold6_2022_2023,1.4207447968816974e-07,-15.766914412003473,-9.19605355082926
2023-10-06,8.309020703623107e-05,Fold6_2022_2023,0.00013930840108994304,-8.878820369665082,-9.39558370857992
2023-10-09,7.736021030706295e-05,Fold6_2022_2023,4.072870796737675e-05,-10.108577358698172,-9.467037988272478
2023-10-10,6.645498282191874e-05,Fold6_2022_2023,2.6951047263606013e-05,-10.521488401861273,-9.618985789582942
2023-10-11,5.7068164961705804e-05,Fold6_2022_2023,1.6708907776540363e-05,-10.999568580955831,-9.771264128099325
2023-10-12,4.909826913627021e-05,Fold6_2022_2023,3.739368899531074e-05,-10.194008611223452,-9.921686775592283
2023-10-13,5.5653177280718314e-05,Fold6_2022_2023,2.493231933212135e-05,-10.599345630976744,-9.796371387879379
2023-10-16,5.6541201287085754e-05,Fold6_2022_2023,0.00010954743351191105,-9.119152919747105,-9.7805409592481
2023-10-17,5.466853117579799e-05,Fold6_2022_2023,2.108998810060355e-09,-19.977052499669774,-9.814222312515458
2023-10-18,4.647079556727749e-05,Fold6_2022_2023,0.00017995097543432908,-8.622826102868602,-9.97668649499505
2023-10-19,9.98993668394675e-05,Fold6_2022_2023,7.788749138927391e-05,-9.460245190647315,-9.21134721027312
2023-10-20,0.00010860487016259861,Fold6_2022_2023,0.00015287159801794967,-8.785912217562194,-9.127794306510472
2023-10-23,0.00013977175021188216,Fold6_2022_2023,3.008629515216138e-06,-12.71402589344824,-8.875499821460417
2023-10-24,0.00011422299900668597,Fold6_2022_2023,5.64137624323279e-05,-9.782797414469433,-9.077357888666315
2023-10-25,9.62352187537603e-05,Fold6_2022_2023,0.00020897852369035542,-8.473279068741787,-9.248715167979178
2023-10-26,0.00014793865423586963,Fold6_2022_2023,0.00014513103476652658,-8.837873535578897,-8.818712868534655
2023-10-27,0.00016784790971407457,Fold6_2022_2023,2.0638806962478116e-05,-10.788337421227041,-8.692452287912916
2023-10-30,0.00014249865102456617,Fold6_2022_2023,0.00014125112111650282,-8.864971250861238,-8.85617802479465
2023-10-31,0.00012388931588691446,Fold6_2022_2023,3.919610319758099e-05,-10.146933224334157,-8.99612200479138
2023-11-01,0.00010273300442579207,Fold6_2022_2023,0.00011253445988735783,-9.092251073113315,-9.183377125317437
2023-11-02,9.096328749871836e-05,Fold6_2022_2023,0.0003603602734367347,-7.928406267393625,-9.305054566928865
2023-11-03,9.827304516042901e-05,Fold6_2022_2023,8.248065798504874e-05,-9.4029467407771,-9.227760778378697
2023-11-06,8.55212232155545e-05,Fold6_2022_2023,5.2802332867023696e-06,-12.151540278134577,-9.366745988080897
2023-11-07,7.06764289636075e-05,Fold6_2022_2023,8.076491379255695e-06,-11.726553014979325,-9.557398435790185
2023-11-08,5.9240374984754574e-05,Fold6_2022_2023,5.359164737779023e-07,-14.439287520522669,-9.73390723865975
2023-11-09,4.9928940903579645e-05,Fold6_2022_2023,6.129574110755589e-05,-9.699800193658271,-9.904909745301408
2023-11-10,6.419358461963008e-05,Fold6_2022_2023,0.00023975969098037164,-8.335873423827353,-9.653607280304643
2023-11-13,6.913899604788518e-05,Fold6_2022_2023,9.095196568404577e-07,-13.910349226423044,-9.579391644144847
2023-11-14,5.8360268887772e-05,Fold6_2022_2023,0.0003692180952269436,-7.904123044545988,-9.74887522692188
2023-11-15,7.369062920020258e-05,Fold6_2022_2023,4.47272085447588e-06,-12.317513642240316,-9.515634914747093
2023-11-16,6.12678778819095e-05,Fold6_2022_2023,1.4938035577922942e-06,-13.414184967320367,-9.700254867342945
2023-11-17,5.150566191047491e-05,Fold6_2022_2023,1.5452245461059367e-06,-13.38034132088961,-9.873818816328322
2023-11-20,4.392503109561052e-05,Fold6_2022_2023,5.880031817653664e-05,-9.741363291908744,-10.033026215966252
2023-11-21,4.151301612741554e-05,Fold6_2022_2023,4.760020798779661e-06,-12.255258520238966,-10.089503538278404
2023-11-22,3.837571298402933e-05,Fold6_2022_2023,1.4848783735745379e-05,-11.117592599386635,-10.16808577284112
2023-11-24,3.442438195249241e-05,Fold6_2022_2023,3.783255785047047e-07,-14.787510693253484,-10.276745466960469
2023-11-27,3.058171418005292e-05,Fold6_2022_2023,3.2491100122236127e-06,-12.637129441517038,-10.395108303440793
2023-11-28,2.9267634819272696e-05,Fold6_2022_2023,9.793130486051872e-07,-13.836414481887736,-10.439028266153285
2023-11-29,2.6565574290658726e-05,Fold6_2022_2023,4.949595255062508e-07,-14.518789844374835,-10.535894379975495
2023-11-30,2.4906664645035066e-05,Fold6_2022_2023,1.544191606965668e-05,-11.078424923291445,-10.600375133880092
2023-12-01,2.3912750030229558e-05,Fold6_2022_2023,3.47912285564017e-05,-10.266145255931498,-10.64109876720533
2023-12-04,2.4310330874056604e-05,Fold6_2022_2023,2.7701212241669817e-05,-10.494034382491387,-10.624609159113621
2023-12-05,3.313052544039795e-05,Fold6_2022_2023,3.885669125578312e-08,-17.06338554186708,-10.315055481820558
2023-12-06,2.973574503059358e-05,Fold6_2022_2023,1.6304089420188995e-05,-11.024094596943684,-10.423160699441327
2023-12-07,3.339183082784558e-05,Fold6_2022_2023,5.778096242198093e-05,-9.75885120640203,-10.3071992738903
2023-12-08,3.313868590083543e-05,Fold6_2022_2023,1.8403330181564568e-05,-10.902978921597201,-10.314809199714174
2023-12-11,3.052125207522048e-05,Fold6_2022_2023,1.5071360584360448e-05,-11.102714265103943,-10.397087327644408
2023-12-12,2.8276525399277126e-05,Fold6_2022_2023,2.0764423976993616e-05,-10.782269421358128,-10.473478588724886
2023-12-13,2.685036196641704e-05,Fold6_2022_2023,0.00018757556587668586,-8.581328775734763,-10.525231256041906
2023-12-14,3.641629511884823e-05,Fold6_2022_2023,1.0266964171229958e-05,-11.486579179355497,-10.220494215394822
2023-12-15,3.257276511480161e-05,Fold6_2022_2023,2.715213052564613e-06,-12.816640135257684,-10.332034044680663
2023-12-18,3.0611813986488234e-05,Fold6_2022_2023,3.1462793675713893e-05,-10.366704863395782,-10.394124545525058
2023-12-19,2.933043252012153e-05,Fold6_2022_2023,3.675575311317017e-05,-10.21121579726053,-10.436884928403744
2023-12-20,2.865043755395051e-05,Fold6_2022_2023,0.00019472035168764312,-8.54394612260691,-10.46034184253095
2023-12-21,9.094443011954739e-05,Fold6_2022_2023,8.906359917510246e-05,-9.326159845962277,-9.305261896001928
2023-12-22,8.012597208666908e-05,Fold6_2022_2023,4.030419491610246e-06,-12.421640095211922,-9.431910510670118
2023-12-26,6.639475228005836e-05,Fold6_2022_2023,1.775430673784873e-05,-10.938882438355266,-9.619892536531905
2023-12-27,5.6514714996415435e-05,Fold6_2022_2023,3.2632150404055495e-06,-12.632797639856618,-9.781009511306685
2023-12-28,4.801205011434194e-05,Fold6_2022_2023,1.4267483814749082e-07,-15.762697654938226,-9.944058534513877
2023-12-29,4.127270536207728e-05,Fold6_2022_2023,8.405238687728606e-06,-11.686655393204884,-10.095309163596218
