date,forecast_var,fold,actual_var,target,log_forecast
2017-01-03,3.553357431938282e-05,Fold1_2017,5.80823031976556e-05,-9.753649532626978,-10.245032552952264
2017-01-04,4.078336215083444e-05,Fold1_2017,3.518221746471543e-05,-10.254969788670985,-10.107236350144007
2017-01-05,4.026104631049958e-05,Fold1_2017,6.316253853864819e-07,-14.274969363183752,-10.12012614925527
2017-01-06,3.5058586874958375e-05,Fold1_2017,1.2754658043141065e-05,-11.269614016362102,-10.258489985188842
2017-01-09,3.2267453585571495e-05,Fold1_2017,1.0931632734675871e-05,-11.423849885900418,-10.341451464664647
2017-01-10,3.239835417829921e-05,Fold1_2017,0.0,,-10.337402933422274
2017-01-11,2.8941463071390955e-05,Fold1_2017,7.964006148940285e-06,-11.740578399670673,-10.45023528270395
2017-01-12,2.7073657397549568e-05,Fold1_2017,6.314686544569022e-06,-11.972632440041577,-10.516949354578243
2017-01-13,2.732633256614361e-05,Fold1_2017,5.25693212913637e-06,-12.155962946779761,-10.507659757802793
2017-01-17,2.547386891888176e-05,Fold1_2017,1.2460251208232585e-05,-11.292966883633836,-10.577857379492533
2017-01-18,2.7827528481050178e-05,Fold1_2017,4.874374040602926e-06,-12.231518863686302,-10.489484794093787
2017-01-19,2.575375158005242e-05,Fold1_2017,1.3776040375585367e-05,-11.192579679418984,-10.56693024903742
2017-01-20,2.832481252446925e-05,Fold1_2017,1.3450503713838887e-05,-11.21649400177465,-10.471772369802231
2017-01-23,2.741136282240639e-05,Fold1_2017,6.79033775033717e-06,-11.90000987531308,-10.504552928987492
2017-01-24,2.757473171153731e-05,Fold1_2017,4.084788656595068e-05,-10.105655474448275,-10.498610722281384
2017-01-25,3.174096830802182e-05,Fold1_2017,7.427556952725e-05,-9.507728468826084,-10.357902335832243
2017-01-26,4.101095271221107e-05,Fold1_2017,1.0939441297024488e-06,-13.725720925010409,-10.1016713876131
2017-01-27,3.561277613989929e-05,Fold1_2017,2.4679447436943564e-06,-12.912124841274546,-10.242806104154184
2017-01-30,3.223477223138647e-05,Fold1_2017,3.869966389662089e-05,-10.159679642808088,-10.342464805105777
2017-01-31,3.910809353521949e-05,Fold1_2017,7.75793504335468e-09,-18.674549640823358,-10.149181116607961
2017-02-01,3.369296040674549e-05,Fold1_2017,1.5643497515992263e-07,-15.670625407493628,-10.298221632434068
2017-02-02,2.9646497834332257e-05,Fold1_2017,4.339473472678826e-07,-14.650342629865088,-10.426166556382816
2017-02-03,2.6651468843632936e-05,Fold1_2017,4.718842768006539e-05,-9.96136187170318,-10.532666292787468
2017-02-06,3.2166601495766664e-05,Fold1_2017,3.202331987110345e-06,-12.651631267593022,-10.344581864327838
2017-02-07,2.9944021183652864e-05,Fold1_2017,1.9430470030676598e-09,-20.05900847586704,-10.416180879920075
2017-02-08,2.697782383033666e-05,Fold1_2017,1.7139060309155893e-06,-13.276735563728247,-10.520495369061294
2017-02-09,2.469244966176633e-05,Fold1_2017,3.499296577784209e-05,-10.26036349444954,-10.609013042770385
2017-02-10,2.8450048379683218e-05,Fold1_2017,1.550780921538184e-05,-11.074166840566717,-10.467360696877273
2017-02-13,2.7704752793417596e-05,Fold1_2017,2.9462401386696795e-05,-10.432395636786225,-10.49390657849951
2017-02-14,2.9554931420790114e-05,Fold1_2017,1.590072461255932e-05,-11.049145876659573,-10.429259944083457
2017-02-15,2.8524158601052552e-05,Fold1_2017,2.7108557367178228e-05,-10.515661109916898,-10.464759159546793
2017-02-16,2.967367656139546e-05,Fold1_2017,7.253562288596741e-07,-14.136602952613421,-10.425250216225631
2017-02-17,2.7203791243331977e-05,Fold1_2017,2.480830949212442e-06,-12.906916993741198,-10.512154210429333
2017-02-21,2.482675776368969e-05,Fold1_2017,3.525616367421923e-05,-10.252870187985307,-10.603588544348753
2017-02-22,2.840490487895787e-05,Fold1_2017,7.897092734101099e-07,-14.051600967558665,-10.468948720703693
2017-02-23,2.6273816886075047e-05,Fold1_2017,4.583198870940884e-07,-14.595698453193457,-10.546937670337794
2017-02-24,2.40150049516482e-05,Fold1_2017,1.6081022735322827e-06,-13.34045578628712,-10.636831716657701
2017-02-27,2.2334391799296745e-05,Fold1_2017,2.4384756974621114e-06,-12.92413742802923,-10.709382834366115
2017-02-28,2.1112916013051175e-05,Fold1_2017,7.304095046516525e-06,-11.827075401815895,-10.765625571439472
2017-03-01,2.2952839452246013e-05,Fold1_2017,0.00019322324417475037,-8.55166433195919,-10.682068905701417
2017-03-02,5.759074503573779e-05,Fold1_2017,3.991118233242772e-05,-10.128854014375573,-9.76214867963516
2017-03-03,5.7789330021668886e-05,Fold1_2017,3.957537058166688e-07,-14.742473774194593,-9.758706401028164
2017-03-06,4.684324603452475e-05,Fold1_2017,8.892126275822007e-06,-11.630344360903553,-9.968703721155038
2017-03-07,4.2166850026866165e-05,Fold1_2017,8.948073119577145e-06,-11.624072342758565,-10.073876190011035
2017-03-08,3.878637854203751e-05,Fold1_2017,3.45334356724418e-06,-12.57616764631774,-10.157441441478209
2017-03-09,3.475961146553821e-05,Fold1_2017,1.6060937039438483e-06,-13.341705597974995,-10.267054435260789
2017-03-10,3.0284362148983927e-05,Fold1_2017,1.2236653614225253e-05,-11.311074715790628,-10.404879079368355
2017-03-13,2.8404351487335007e-05,Fold1_2017,2.54686651274978e-07,-15.183231865934046,-10.468968203149275
2017-03-14,2.56000964715553e-05,Fold1_2017,1.4698929370731649e-05,-11.127735898754974,-10.572914438065729
2017-03-15,2.8252025818390113e-05,Fold1_2017,7.424151177221423e-05,-9.508187106382582,-10.4743453925574
2017-03-16,3.806479272096143e-05,Fold1_2017,3.87653492119354e-06,-12.460568864894196,-10.17622077861797
2017-03-17,3.432525183974097e-05,Fold1_2017,3.0894528289850157e-06,-12.687516560733156,-10.279629269418262
2017-03-20,3.136696532960408e-05,Fold1_2017,1.2047792832644412e-06,-13.629214175214257,-10.369755278419937
2017-03-21,2.856166997119649e-05,Fold1_2017,0.00016699141671504302,-8.697568143784295,-10.463444949821504
2017-03-22,6.5413505171051e-05,Fold1_2017,5.5243586718003814e-06,-12.106343394800165,-9.63478181973313
2017-03-23,5.2882552886364586e-05,Fold1_2017,1.139889896409578e-06,-13.684578882319082,-9.847437086612528
2017-03-24,4.428169264175175e-05,Fold1_2017,5.283860882094081e-07,-14.453438592787512,-10.024939224979276
2017-03-27,3.781700857488129e-05,Fold1_2017,1.053681332294263e-06,-13.763220494836233,-10.182751594242964
2017-03-28,3.3304119734445935e-05,Fold1_2017,5.256894740677336e-05,-9.853384966031237,-10.30982945288091
2017-03-29,3.762433420255764e-05,Fold1_2017,8.72893823492355e-07,-13.951451911078056,-10.18785953066489
2017-03-30,3.2446078832068485e-05,Fold1_2017,1.0107473522229572e-05,-11.502235455051085,-10.335930959339972
2017-03-31,2.972210477730378e-05,Fold1_2017,5.43101149288864e-06,-12.123385162749445,-10.423619520390055
2017-04-03,2.874216883130253e-05,Fold1_2017,3.0296435528642127e-06,-12.707065584681786,-10.457145216301827
2017-04-04,2.72931068934557e-05,Fold1_2017,4.058043311764738e-07,-14.717394736431581,-10.508876382400738
2017-04-05,2.4805169520123606e-05,Fold1_2017,8.862967132182025e-06,-11.633628958645215,-10.604458478123604
2017-04-06,2.6024795156021234e-05,Fold1_2017,7.879976477246145e-06,-11.75118563921999,-10.556460814540472
2017-04-07,2.4625624642458352e-05,Fold1_2017,1.0400370828298937e-06,-13.776254188879468,-10.611723005036636
2017-04-10,2.3505408534966327e-05,Fold1_2017,3.541853816852511e-07,-14.853445383806644,-10.658280012870607
2017-04-11,2.1911399579739828e-05,Fold1_2017,1.4177635740397942e-06,-13.466429875744524,-10.728503527814674
2017-04-12,2.1572347099944994e-05,Fold1_2017,1.928284578216344e-05,-10.85629467686479,-10.744098290319048
2017-04-13,2.6261645920789933e-05,Fold1_2017,4.2458685671699756e-05,-10.066979056673688,-10.547401013186704
2017-04-17,3.5237203755002984e-05,Fold1_2017,7.780933848235305e-05,-9.46124910207633,-10.253408108654012
2017-04-18,4.3887330322427074e-05,Fold1_2017,8.934213814971245e-06,-11.625622402595049,-10.033884882670828
2017-04-19,3.982274060102353e-05,Fold1_2017,3.3861347354527755e-06,-12.595821483121567,-10.131072436959633
2017-04-20,3.53395025634821e-05,Fold1_2017,6.570976701392777e-05,-9.630262982732253,-10.250509166908005
2017-04-21,4.1541624502136345e-05,Fold1_2017,1.0187935631684489e-05,-11.494306318919193,-10.088814633344604
2017-04-24,3.8484489490003685e-05,Fold1_2017,0.00011963222858178736,-9.031088283000807,-10.165255268234128
2017-04-25,5.397290513702925e-05,Fold1_2017,3.366151625667148e-05,-10.299155323969241,-9.827028394043708
2017-04-26,4.919511461651056e-05,Fold1_2017,3.9551614426441867e-07,-14.74307423068706,-9.919716235808615
2017-04-27,4.116902085628871e-05,Fold1_2017,7.031161458084195e-07,-14.167743744260939,-10.097824505407015
2017-04-28,3.4897349414474224e-05,Fold1_2017,4.759129165372561e-06,-12.255445854909198,-10.263099679649423
2017-05-01,3.220727964555559e-05,Fold1_2017,6.332938219175812e-06,-11.969746255857983,-10.343318055016297
2017-05-02,2.889496034777763e-05,Fold1_2017,1.422656668209068e-07,-15.765569634180878,-10.451843360482112
2017-05-03,2.5919338268689945e-05,Fold1_2017,1.4770675289744788e-06,-13.425451835098308,-10.560521216563423
2017-05-04,2.4567149736188066e-05,Fold1_2017,1.3767225669736737e-06,-13.495804834933942,-10.614100384013538
2017-05-05,2.2662277761437603e-05,Fold1_2017,1.543925849876225e-05,-11.07859703921243,-10.694808788376502
2017-05-08,2.32486504574116e-05,Fold1_2017,2.7750471202257907e-08,-17.400013016636585,-10.669263472458088
2017-05-09,2.1848039811327993e-05,Fold1_2017,8.436659518386097e-07,-13.985509212357062,-10.731399351598998
2017-05-10,2.1236596219899282e-05,Fold1_2017,3.2179169957338423e-06,-12.646776303470114,-10.759784627732879
2017-05-11,2.0253021013893e-05,Fold1_2017,4.179346351795649e-06,-12.385355698823986,-10.807206589667572
2017-05-12,2.1152694169835346e-05,Fold1_2017,2.797727006082847e-06,-12.786703253999644,-10.763743276668064
2017-05-15,2.1328393220957328e-05,Fold1_2017,3.034042931344422e-05,-10.403029434063438,-10.755471357856292
2017-05-16,2.4834000123289633e-05,Fold1_2017,8.385051846340969e-07,-13.991645072477342,-10.603296871005075
2017-05-17,2.3308849333943322e-05,Fold1_2017,0.0003205232306266464,-8.04555580177584,-10.666677469758227
2017-05-18,9.701650767249595e-05,Fold1_2017,1.6160504202647096e-05,-11.032940304699201,-9.240629411749557
2017-05-19,7.688941193446735e-05,Fold1_2017,4.2031934952678264e-05,-10.077080872588946,-9.473142377090056
2017-05-22,6.733579666324471e-05,Fold1_2017,2.565087696906643e-05,-10.570932797104803,-9.605818565792767
2017-05-23,5.749528102135611e-05,Fold1_2017,4.885100656230198e-06,-12.229320667516982,-9.763807682722637
2017-05-24,4.7052474492067554e-05,Fold1_2017,5.429829364159906e-06,-12.123602849160463,-9.96424710049825
2017-05-25,3.952251265645119e-05,Fold1_2017,2.2733719748624704e-05,-10.691661284187338,-10.138640107742045
2017-05-26,3.676869347008375e-05,Fold1_2017,4.2708731587453625e-08,-16.9688624507908,-10.21086379577943
2017-05-30,3.178381416250426e-05,Fold1_2017,7.554838135041207e-07,-14.095907480341861,-10.356553386357307
2017-05-31,2.8520586179157986e-05,Fold1_2017,6.17876953402193e-08,-16.5995615968339,-10.464884409362986
2017-06-01,2.5743892031031636e-05,Fold1_2017,6.274068718846806e-05,-9.676500402305587,-10.567313161669917
2017-06-02,3.413882435697025e-05,Fold1_2017,1.1040434061522593e-05,-11.413946200721323,-10.285075277132028
2017-06-05,3.089056804000813e-05,Fold1_2017,5.435157904431003e-07,-14.42520707755401,-10.385059662079906
2017-06-06,2.779934510274138e-05,Fold1_2017,1.0253850128170246e-05,-11.487857300647725,-10.49049809500051
2017-06-07,2.8501098782263934e-05,Fold1_2017,3.4174053985345705e-06,-12.58662895021365,-10.4655679176692
2017-06-08,2.5691897123587713e-05,Fold1_2017,2.4225306445083036e-07,-15.233282936303718,-10.569334902796436
2017-06-09,2.3428980778182756e-05,Fold1_2017,2.3067497134367265e-06,-12.979671074715899,-10.661536807108519
2017-06-12,2.2936147516537433e-05,Fold1_2017,4.216130151143337e-08,-16.981763062425248,-10.6827963977446
2017-06-13,2.1560277724523534e-05,Fold1_2017,2.3795092116145825e-05,-10.646031212159112,-10.744657930535036
2017-06-14,2.3840756901211726e-05,Fold1_2017,1.6093218370173365e-06,-13.339697686949538,-10.64411396705922
2017-06-15,2.293848970804739e-05,Fold1_2017,3.7103560363876644e-06,-12.504382719268127,-10.68269428504557
2017-06-16,2.295369915326357e-05,Fold1_2017,4.7734727574497356e-08,-16.857606662551614,-10.682031451297588
2017-06-19,2.1333727947039982e-05,Fold1_2017,6.873128650398619e-05,-9.585306054775387,-10.75522126592629
2017-06-20,3.209657443852031e-05,Fold1_2017,4.578840011940693e-05,-9.991479771425064,-10.346761248833682
2017-06-21,4.047176669749752e-05,Fold1_2017,6.085722826024862e-08,-16.61473523639592,-10.114905945532232
2017-06-22,3.429122916893287e-05,Fold1_2017,2.053112989868128e-07,-15.398738477968303,-10.280620945852151
2017-06-23,2.9959223149456076e-05,Fold1_2017,1.4241278059083319e-06,-13.46195099766178,-10.415673329242352
2017-06-26,2.6472950264430363e-05,Fold1_2017,4.328915235614343e-07,-14.652778663282845,-10.539387091025269
2017-06-27,2.3880008530246264e-05,Fold1_2017,6.542681173059662e-05,-9.634578418214291,-10.642468912226944
2017-06-28,3.892439343036551e-05,Fold1_2017,7.939905832192371e-05,-9.441024049706908,-10.153889423400555
2017-06-29,4.683414154918344e-05,Fold1_2017,7.793049901506123e-05,-9.459693166753697,-9.96889810072955
2017-06-30,5.8648044499747364e-05,Fold1_2017,3.469499737452554e-06,-12.571500142279803,-9.743956325283431
2017-07-03,4.7429711342135995e-05,Fold1_2017,2.870889349382865e-06,-12.760888698361214,-9.956261704069775
2017-07-05,3.934941302717366e-05,Fold1_2017,5.332460492128572e-06,-12.141697795511883,-10.143029499929431
2017-07-06,3.3793232884057856e-05,Fold1_2017,8.438705684938322e-05,-9.38009652298755,-10.295249986050937
2017-07-07,5.034697929229478e-05,Fold1_2017,4.1781140826219974e-05,-10.083065496650484,-9.896571934794167
2017-07-10,4.799975071243732e-05,Fold1_2017,1.1525487182986737e-06,-13.67353479112637,-9.944314740560758
2017-07-11,3.968119590815252e-05,Fold1_2017,5.521729254981341e-07,-14.409404568898424,-10.13463313718744
2017-07-12,3.414131010589609e-05,Fold1_2017,5.6052791418081844e-05,-9.789216607401062,-10.28500246682061
2017-07-13,3.879128019580944e-05,Fold1_2017,2.818201205484851e-06,-12.779411746935569,-10.157315073813646
2017-07-14,3.31249461093969e-05,Fold1_2017,2.165374139001402e-05,-10.74033230597435,-10.315223900545343
2017-07-17,3.1843436533609994e-05,Fold1_2017,1.4976552562134754e-08,-18.016780021381766,-10.354679271480286
2017-07-18,2.8083279639407644e-05,Fold1_2017,2.801299137741371e-07,-15.088012363616787,-10.480336189351616
2017-07-19,2.5126518960703153e-05,Fold1_2017,2.9155099819747795e-05,-10.442880709535158,-10.591586737265045
2017-07-20,2.7301886181858626e-05,Fold1_2017,1.9828195878000353e-07,-15.433575784984635,-10.508554767249455
2017-07-21,2.4551145435772887e-05,Fold1_2017,7.936075742054915e-07,-14.04667673691155,-10.614752047550535
2017-07-24,2.3125643072761504e-05,Fold1_2017,5.899846805337746e-08,-16.645754358574784,-10.674568466400586
2017-07-25,2.1651756336576122e-05,Fold1_2017,5.894190820412815e-06,-12.04154329880589,-10.74042398271488
2017-07-26,2.0811193743840755e-05,Fold1_2017,1.6388697272026288e-09,-20.229259023441514,-10.780019555251997
2017-07-27,1.9760292156564126e-05,Fold1_2017,8.649655809596574e-07,-13.96057612160429,-10.831836080502633
2017-07-28,1.950449667712497e-05,Fold1_2017,1.3774251977454336e-06,-13.495294600300925,-10.844865520151474
2017-07-31,1.9482915824652284e-05,Fold1_2017,3.2193724677272735e-07,-14.948909196193691,-10.845972587960903
2017-08-01,1.8960139696922695e-05,Fold1_2017,4.9564230553003155e-06,-12.214826235592684,-10.873171693183387
2017-08-02,1.8525825054730393e-05,Fold1_2017,2.3532707080218633e-07,-15.262289499797522,-10.89634485040652
2017-08-03,1.7747728874240648e-05,Fold1_2017,3.77044556711082e-06,-12.488317375925403,-10.939253000976251
2017-08-04,1.886731227533295e-05,Fold1_2017,3.31457616479222e-06,-12.61718079625844,-10.878079642468107
2017-08-07,1.8126853571362435e-05,Fold1_2017,3.4505253880487256e-06,-12.576984052124466,-10.918116096446143
2017-08-08,1.7546774275027547e-05,Fold1_2017,6.0707610315875005e-06,-12.01202658487244,-10.950640426938788
2017-08-09,1.9340731620271213e-05,Fold1_2017,1.664157151851493e-09,-20.213947056788335,-10.853297239271432
2017-08-10,1.832597460536971e-05,Fold1_2017,0.0002020793407290615,-8.506850161792883,-10.907191127138152
2017-08-11,6.719629649967523e-05,Fold1_2017,2.177039512770365e-06,-13.03754462577535,-9.607892423565847
2017-08-14,5.325369162991027e-05,Fold1_2017,9.730525337048055e-05,-9.237657578755181,-9.84044342939441
2017-08-15,6.100094168877439e-05,Fold1_2017,1.4840413050722621e-08,-18.02591176598788,-9.70462125638923
2017-08-16,4.90822659906295e-05,Fold1_2017,3.0380823909554045e-06,-12.704284034028284,-9.922012769859105
2017-08-17,4.045966008334699e-05,Fold1_2017,0.00024691569990458893,-8.306463575523848,-10.115205127561325
2017-08-18,9.267582321326451e-05,Fold1_2017,2.4476209337487594e-06,-12.920394052629133,-9.286402926169362
2017-08-21,7.33112345744616e-05,Fold1_2017,6.124404035607694e-07,-14.30581419957046,-9.520796692405954
2017-08-22,5.8159641574699065e-05,Fold1_2017,0.00010821914466501429,-9.13135226944924,-9.75231888750389
2017-08-23,6.652196261923638e-05,Fold1_2017,1.290228778686196e-05,-11.258105914502156,-9.617978399877007
2017-08-24,5.7336914349164384e-05,Fold1_2017,5.445158242740632e-06,-12.120783739973978,-9.766565912191
2017-08-25,4.8576574417053355e-05,Fold1_2017,5.4451582427406e-06,-12.120783739973984,-9.932369151140527
2017-08-28,4.0510800361112424e-05,Fold1_2017,1.6482272808972592e-09,-20.223565501802465,-10.11394194382037
2017-08-29,3.417570193296069e-05,Fold1_2017,1.309773339573499e-06,-13.545656458947796,-10.283995636195456
2017-08-30,2.936449035614031e-05,Fold1_2017,2.2338433957046013e-05,-10.709201867181173,-10.435724424626853
2017-08-31,2.9095693005350108e-05,Fold1_2017,3.5976256077029016e-05,-10.232651390525064,-10.444920401429897
2017-09-01,3.1356390083202315e-05,Fold1_2017,1.996927028307651e-06,-13.123901044855382,-10.370092481250762
2017-09-05,2.736973008463876e-05,Fold1_2017,5.195550023083207e-05,-9.865122970550264,-10.506072896683413
2017-09-06,3.816618693094143e-05,Fold1_2017,1.1615894382508988e-05,-11.36313619233803,-10.17356059321207
2017-09-07,3.3757580023558936e-05,Fold1_2017,1.4797158832821785e-08,-18.02883064536037,-10.296305572572397
2017-09-08,2.9295133145731328e-05,Fold1_2017,1.3817801085919487e-06,-13.492137956282674,-10.438089159979342
2017-09-11,2.664931582325665e-05,Fold1_2017,0.00011256262839901677,-9.092000794337874,-10.532747080355266
2017-09-12,4.4132915741878896e-05,Fold1_2017,1.1324114960930475e-05,-11.388576038794191,-10.028304665216261
2017-09-13,3.808829174850781e-05,Fold1_2017,2.3035208505467726e-07,-15.28365689392463,-10.17560362624769
2017-09-14,3.236861872164011e-05,Fold1_2017,1.0245195434600731e-07,-16.09387188634772,-10.338321162495426
2017-09-15,2.8403542734540214e-05,Fold1_2017,1.8100289286808412e-06,-13.222167730117665,-10.46899667640307
2017-09-18,2.522249720022925e-05,Fold1_2017,4.5136828628201375e-06,-12.308397138390559,-10.587774215666787
2017-09-19,2.313362390082536e-05,Fold1_2017,1.0014782131151024e-06,-13.814033436330682,-10.674223418644099
2017-09-20,2.1205665961918828e-05,Fold1_2017,1.2943251983824092e-07,-15.860106173947583,-10.761242149639866
2017-09-21,1.9781849212800387e-05,Fold1_2017,7.197948942378128e-06,-11.841714441639327,-10.830745747120304
2017-09-22,2.138553489904576e-05,Fold1_2017,4.017496885104098e-08,-17.030021700655034,-10.752795803783359
2017-09-25,1.991300131253853e-05,Fold1_2017,4.188728289422121e-06,-12.383113380976752,-10.824137707274087
2017-09-26,2.0526224199755962e-05,Fold1_2017,3.629350053136003e-07,-14.82904206743556,-10.793807260080149
2017-09-27,1.914198348214207e-05,Fold1_2017,1.5106676197337321e-05,-11.100373779581075,-10.863626547102745
2017-09-28,2.0178449632710143e-05,Fold1_2017,1.4375719480503795e-06,-13.45255501470975,-10.810895372912343
2017-09-29,1.885264845401963e-05,Fold1_2017,1.2312244798476744e-05,-11.304916278708145,-10.878857152400169
2017-10-02,1.941637637442109e-05,Fold1_2017,1.8743628913733103e-05,-10.884656654557556,-10.849393704971929
2017-10-03,2.093531205798749e-05,Fold1_2017,4.570068600459275e-06,-12.295982342129408,-10.774073252562346
2017-10-04,1.970000475350612e-05,Fold1_2017,1.4059804620095876e-06,-13.474775660824852,-10.834891680925633
2017-10-05,1.8399611942192907e-05,Fold1_2017,3.4900156795477116e-05,-10.263019236058904,-10.903180983669944
2017-10-06,2.30991391230196e-05,Fold1_2017,1.2983032315345914e-06,-13.554452352532548,-10.675715208532722
2017-10-09,2.1803532101412978e-05,Fold1_2017,2.7306596249654584e-06,-12.810967357086557,-10.733438578292944
2017-10-10,2.133358255576945e-05,Fold1_2017,6.942106763188867e-06,-11.877905261330225,-10.755228081039256
2017-10-11,2.0278200526434932e-05,Fold1_2017,2.464353412893117e-06,-12.913581092020909,-10.805964114616279
2017-10-12,1.8869553518868746e-05,Fold1_2017,2.2234655240723356e-06,-13.016443532367797,-10.877960859760996
2017-10-13,1.8909786432417226e-05,Fold1_2017,1.4798309236163453e-06,-13.423582717513995,-10.875830969254181
2017-10-16,1.770034964943952e-05,Fold1_2017,1.7762284276380559e-06,-13.241018302499459,-10.94192616437398
2017-10-17,1.676750112606934e-05,Fold1_2017,4.967827494733952e-07,-14.515113030212225,-10.996068001814665
2017-10-18,1.5964035328312756e-05,Fold1_2017,9.5665900060272e-07,-13.859818830200222,-11.04517215778144
2017-10-19,1.5297799704225166e-05,Fold1_2017,7.49768710825229e-08,-16.406086156537068,-11.08780155008892
2017-10-20,1.4808469221272503e-05,Fold1_2017,2.6493976794956025e-05,-10.538593141562933,-11.12031129618318
2017-10-23,1.8668449959766558e-05,Fold1_2017,1.51883782760977e-05,-11.094980009656672,-10.888675626901351
2017-10-24,2.2446526906300558e-05,Fold1_2017,3.082756302364835e-06,-12.689686457800866,-10.704374659249375
2017-10-25,2.0340013103261547e-05,Fold1_2017,2.4626581652104063e-05,-10.61168414344168,-10.802920523132586
2017-10-26,2.6110647637693273e-05,Fold1_2017,1.6688794562182675e-06,-13.303358141046763,-10.553167371359658
2017-10-27,2.296658722396703e-05,Fold1_2017,6.630502749476015e-05,-9.621244834163805,-10.681470127662278
2017-10-30,3.229474600079654e-05,Fold1_2017,1.392855599454037e-05,-11.18156943710068,-10.340606003480683
2017-10-31,3.216472966532835e-05,Fold1_2017,2.4240886213886195e-06,-12.930054930446703,-10.344640057758786
2017-11-01,2.7600148509502503e-05,Fold1_2017,1.7456278644253127e-06,-13.25839625933156,-10.49768940447657
2017-11-02,2.4145654798479215e-05,Fold1_2017,1.5082522689062028e-07,-15.707144108290398,-10.631406119583044
2017-11-03,2.1540811546871893e-05,Fold1_2017,1.1110884066572565e-05,-11.407585383529648,-10.745561210675017
2017-11-06,2.0869205569693385e-05,Fold1_2017,2.3912851234029444e-06,-12.943679627997492,-10.777235903258838
2017-11-07,1.909030705381019e-05,Fold1_2017,4.839828246292137e-07,-14.54121641716271,-10.866329835819032
2017-11-08,1.8153088218079635e-05,Fold1_2017,2.8877741227132166e-06,-12.75502455234936,-10.916669861970789
2017-11-09,1.7031498206694866e-05,Fold1_2017,1.320746216473089e-05,-11.23472857259265,-10.980446092602849
2017-11-10,2.0548567722741208e-05,Fold1_2017,9.621299107888764e-08,-16.156701445992073,-10.792719316641202
2017-11-13,1.896369595125212e-05,Fold1_2017,8.646272871342092e-07,-13.960967304796593,-10.872984145996819
2017-11-14,1.7445519364630814e-05,Fold1_2017,5.408167524179136e-06,-12.12760024259926,-10.956427712222078
2017-11-15,1.853049128441323e-05,Fold1_2017,2.5179012944349962e-05,-10.589499730102514,-10.896093005098162
2017-11-16,2.4716081831520037e-05,Fold1_2017,7.166168989055456e-05,-9.543554264303635,-10.60805643989871
2017-11-17,3.467480533396311e-05,Fold1_2017,8.662924387620334e-06,-11.656458203292408,-10.269497205796062
2017-11-20,3.237509357454767e-05,Fold1_2017,2.9073110945537574e-06,-12.748281926442937,-10.338121147615231
2017-11-21,2.7726840743518243e-05,Fold1_2017,4.252976407275533e-05,-10.065306396027655,-10.493109634018564
2017-11-22,3.1118025144385715e-05,Fold1_2017,7.838297847745074e-07,-14.05907395142507,-10.377723320038353
2017-11-24,2.7289867767442022e-05,Fold1_2017,5.324685772388236e-06,-12.14315685799008,-10.508995068714102
2017-11-27,2.424262817609172e-05,Fold1_2017,2.496612941382883e-07,-15.203160661134088,-10.627397979534427
2017-11-28,2.186810148934717e-05,Fold1_2017,0.0001018833052766481,-9.191682465538207,-10.730481535944158
2017-11-29,3.82260772735224e-05,Fold1_2017,3.705970956523741e-07,-14.808150360005584,-10.171992624112717
2017-11-30,3.24394916595671e-05,Fold1_2017,7.598468992903754e-05,-9.484978686273516,-10.33613399901348
2017-12-01,4.0955601166798034e-05,Fold1_2017,4.316470133225187e-06,-12.353072588505896,-10.103021976388824
2017-12-04,3.5892550334198854e-05,Fold1_2017,1.4650189971591858e-06,-13.433642348235164,-10.234980795585752
2017-12-05,3.1196935383863285e-05,Fold1_2017,1.2984545286500489e-05,-11.251750731830029,-10.375190692849394
2017-12-06,3.0986128991595296e-05,Fold1_2017,3.612306962466689e-08,-17.136334127936948,-10.381970905499617
2017-12-07,2.6702748547842474e-05,Fold1_2017,9.909406354308832e-06,-11.522026115119115,-10.53074405598946
2017-12-08,2.4512939703112085e-05,Fold1_2017,2.9574622857685982e-05,-10.428593900245849,-10.61630942868889
2017-12-11,2.622701328145738e-05,Fold1_2017,9.053526881889097e-06,-11.612356165463956,-10.548720637078215
2017-12-12,2.3996462215718464e-05,Fold1_2017,3.1078775006026136e-06,-12.681570540456157,-10.637604146160305
2017-12-13,2.14850563786181e-05,Fold1_2017,1.266638082918454e-08,-18.184314532259762,-10.74815291664869
2017-12-14,1.9600220428163558e-05,Fold1_2017,1.67634354139199e-05,-10.99631050695105,-10.839969745456166
2017-12-15,2.3292419636729157e-05,Fold1_2017,6.876959473040149e-05,-9.584748847766056,-10.667382587805774
2017-12-18,3.266766357386719e-05,Fold1_2017,3.9959668760718625e-05,-10.127639893489583,-10.3291248508601
2017-12-19,3.420212359187658e-05,Fold1_2017,1.4802637696734797e-05,-11.120705170321642,-10.2832228224937
2017-12-20,3.3725733470438675e-05,Fold1_2017,2.7530607067098486e-07,-15.105382373929512,-10.297249407539459
2017-12-21,2.9035731610724462e-05,Fold1_2017,4.233243359966211e-06,-12.372542106944987,-10.446983361912528
2017-12-22,2.542538680964768e-05,Fold1_2017,6.829263777485854e-08,-16.4994638686415,-10.579762402393257
2017-12-26,2.266146250024666e-05,Fold1_2017,1.4325836180136187e-06,-13.456031017974805,-10.69484476339473
2017-12-27,2.1196995131839696e-05,Fold1_2017,2.3662792606205418e-07,-15.256776861673817,-10.761651125396403
2017-12-28,1.9189547185254337e-05,Fold1_2017,4.223006694826806e-06,-12.374963196688883,-10.861144844614188
2017-12-29,1.793125492585208e-05,Fold1_2017,1.4269681365961284e-05,-11.157373455669372,-10.928965282509095
2018-01-02,2.1356262656299725e-05,Fold2_2018,5.08594733010576e-05,-9.886444153882012,-10.754165528455546
2018-01-03,2.7807214480644267e-05,Fold2_2018,3.9761656291354826e-05,-10.132607519816306,-10.490215057243297
2018-01-04,3.0508546219823153e-05,Fold2_2018,1.7689529535950512e-05,-10.942537645061408,-10.397503709672069
2018-01-05,2.853882995502693e-05,Fold2_2018,4.411395954471627e-05,-10.02873428263654,-10.464244943426365
2018-01-08,3.1810543211418896e-05,Fold2_2018,3.3393204465853046e-06,-12.609743230782474,-10.355712775598983
2018-01-09,2.7324188364150942e-05,Fold2_2018,5.109224726006665e-06,-12.18446288228299,-10.507738227393101
2018-01-10,2.4181853673291136e-05,Fold2_2018,2.34422855482711e-06,-12.963554184677381,-10.629908054289531
2018-01-11,2.2665584262280803e-05,Fold2_2018,5.2852306806716895e-05,-9.848009198412939,-10.694662895731165
2018-01-12,2.8997221200676015e-05,Fold2_2018,4.2219436584376266e-05,-10.072629860389744,-10.448310553235238
2018-01-16,3.17336722583627e-05,Fold2_2018,1.172388715164733e-05,-11.353882160575862,-10.35813222448151
2018-01-17,3.105933307660849e-05,Fold2_2018,8.998698441953007e-05,-9.315845515652914,-10.37961121257315
2018-01-18,4.235048820461037e-05,Fold2_2018,2.8285965049820834e-06,-12.77572990396069,-10.06953060907881
2018-01-19,3.6422994943845435e-05,Fold2_2018,2.0601470936126777e-05,-10.790148080051582,-10.220310253551967
2018-01-22,3.342689781058191e-05,Fold2_2018,6.557960653133226e-05,-9.63224578639297,-10.306149658410618
2018-01-23,3.9348177529267264e-05,Fold2_2018,4.497520822091504e-06,-12.311984241428938,-10.143060898550349
2018-01-24,3.311692785065135e-05,Fold2_2018,1.5106526511815106e-07,-15.70555387418585,-10.315465990882025
2018-01-25,2.8512488126209463e-05,Fold2_2018,1.7934476514397688e-07,-15.533955821328432,-10.465168386795433
2018-01-26,2.4744340711039923e-05,Fold2_2018,0.00013250535749756925,-8.928887479411507,-10.606913753235634
2018-01-29,4.560623812155239e-05,Fold2_2018,4.4241801981416496e-05,-10.025840469630882,-9.995466049889089
2018-01-30,4.96077686071892e-05,Fold2_2018,0.00010629676546962956,-9.149275701398894,-9.911363111352886
2018-01-31,6.726408691701319e-05,Fold2_2018,2.466076260661248e-07,-15.215467321851975,-9.606884090533333
2018-02-01,5.3616506735115365e-05,Fold2_2018,1.2899813584420742e-06,-13.560882790515205,-9.833653575821886
2018-02-02,4.438965662123962e-05,Fold2_2018,0.00048446920490663806,-7.632456689217726,-10.022504074646344
2018-02-05,0.0001485108432541762,Fold2_2018,0.0018251820941277308,-6.3060755193209,-8.814852583840603
2018-02-06,0.000544977773204471,Fold2_2018,0.00038067116331649847,-7.873574643920963,-7.514765547243746
2018-02-07,0.0004852080558862725,Fold2_2018,2.959018561513281e-05,-10.428067818671094,-7.630932777804114
2018-02-08,0.0003705447196623126,Fold2_2018,0.0014615718884107135,-6.528242786520915,-7.900536419668944
2018-02-09,0.0006278167497981877,Fold2_2018,0.00022230823748044116,-8.411445681988175,-7.3732622337623015
2018-02-12,0.0005119625029462775,Fold2_2018,0.00021250661848916939,-8.456537424253439,-7.577259172039737
2018-02-13,0.0004246447188311805,Fold2_2018,6.171845654625351e-06,-11.995512631127742,-7.764257694337006
2018-02-14,0.0003178843008860443,Fold2_2018,0.0001797144349131463,-8.624141439559208,-8.053823075079318
2018-02-15,0.0002739183260247873,Fold2_2018,0.0001607687139990936,-8.735543784831826,-8.202680576212444
2018-02-16,0.0002373222733729525,Fold2_2018,8.588054160786334e-08,-16.270308557390006,-8.346091537262927
2018-02-20,0.00017786747963648755,Fold2_2018,3.94511447411589e-05,-10.14044749357352,-8.634471781371508
2018-02-21,0.00014566784700467006,Fold2_2018,2.4865465677606546e-05,-10.602030637736203,-8.834181548562734
2018-02-22,0.00011780175096102983,Fold2_2018,1.6779375838460884e-06,-13.297945147365493,-9.0465074230115
2018-02-23,8.858154083470489e-05,Fold2_2018,0.00025006596085638393,-8.293785831477047,-9.33158706478302
2018-02-26,0.00012153387276822785,Fold2_2018,0.00013329299752116937,-8.922960863883612,-9.015317545822016
2018-02-27,0.00011895217462773795,Fold2_2018,0.00015788469143267997,-8.753645592430725,-9.036789039518291
2018-02-28,0.00013245618884014177,Fold2_2018,0.00010366737796999127,-9.174323073029829,-8.92925861747793
2018-03-01,0.00012912778581235996,Fold2_2018,0.00021453470235820009,-8.447039050125877,-8.95470805621811
2018-03-02,0.000153410132150179,Fold2_2018,2.6434654741469166e-05,-10.540834729021537,-8.782395620689678
2018-03-05,0.00012124238953748449,Fold2_2018,0.00013206063175422349,-8.932249409366921,-9.017718796817752
2018-03-06,0.00011853680782688804,Fold2_2018,6.4089882577620425e-06,-11.957809137592085,-9.040287031046912
2018-03-07,9.190688822008427e-05,Fold2_2018,1.3428478189971926e-07,-15.823303054061743,-9.294734577982945
2018-03-08,7.174864981827511e-05,Fold2_2018,2.330191982457848e-05,-10.666974804882319,-9.542341521365364
2018-03-09,5.986497723895456e-05,Fold2_2018,0.0002976634038366641,-8.119547227170953,-9.72341891100176
2018-03-12,0.00010780261030859348,Fold2_2018,1.577497053263528e-06,-13.359671110511533,-9.135208685417108
2018-03-13,8.476856986520595e-05,Fold2_2018,4.203634180816632e-05,-10.076976032674011,-9.375585722251804
2018-03-14,7.85925201350816e-05,Fold2_2018,2.6470924216624868e-05,-10.539463626708624,-9.45123402673327
2018-03-15,7.001235434641958e-05,Fold2_2018,1.1885435008893462e-06,-13.64278194931043,-9.566838840824422
2018-03-16,5.642756454424811e-05,Fold2_2018,1.1748525938964229e-06,-13.654367870240957,-9.782552785797316
2018-03-19,4.536445299264012e-05,Fold2_2018,0.0001855808375252677,-8.592019989034727,-10.00078173333139
2018-03-20,8.344151538717813e-05,Fold2_2018,2.887569736602373e-06,-12.755095331203712,-9.391364586037128
2018-03-21,6.600944791285077e-05,Fold2_2018,3.69004756574901e-06,-12.509871209548033,-9.62571267598815
2018-03-22,5.4532623368015334e-05,Fold2_2018,0.0006408348122260559,-7.352738837490271,-9.816711441472409
2018-03-23,0.00019324772795617498,Fold2_2018,0.00046420997908579685,-7.675173566970693,-8.551537627584356
2018-03-26,0.0002607949130552038,Fold2_2018,0.000728564995500577,-7.224433718051243,-8.25177623325843
2018-03-27,0.00035329510103667653,Fold2_2018,0.00029440669963145237,-8.130548414468173,-7.948206869993992
2018-03-28,0.0003405672377566614,Fold2_2018,8.756842367563348e-06,-11.64567517832123,-7.98489798415476
2018-03-29,0.00025991815830100776,Fold2_2018,0.00016119624539760827,-8.732888019741111,-8.255143752266392
2018-04-02,0.00022845927417341927,Fold2_2018,0.0004761415747447767,-7.649795322020774,-8.384152594703618
2018-04-03,0.00029019294796069734,Fold2_2018,0.00016219207914973198,-8.726729251324128,-8.14496451842731
2018-04-04,0.00025139695567322586,Fold2_2018,0.0001132605483825835,-9.085819655487551,-8.288477371375379
2018-04-05,0.00021220338013440868,Fold2_2018,6.179449084493722e-05,-9.6916963423782,-8.457965402908387
2018-04-06,0.0001723626466508959,Fold2_2018,0.0005079609884021799,-7.585105907818537,-8.665909889968459
2018-04-09,0.0002558850769655479,Fold2_2018,2.416891628583492e-05,-10.630443201414424,-8.270782132381939
2018-04-10,0.00019824557759126642,Fold2_2018,0.0002488655456399909,-8.298597784689273,-8.526004004930074
2018-04-11,0.00020129924284048397,Fold2_2018,2.762741752879318e-05,-10.496701889600836,-8.510717986674415
2018-04-12,0.0001622714433381603,Fold2_2018,6.7133255322383e-05,-9.608831028378642,-8.72624004878202
2018-04-13,0.0001364801256339206,Fold2_2018,8.627787729208044e-06,-11.660522432288918,-8.89933155369143
2018-04-16,0.00010829647160759497,Fold2_2018,6.704406458273253e-05,-9.610160474410952,-9.130637984288663
2018-04-17,9.6014341307039e-05,Fold2_2018,0.00011324317195183562,-9.085973087234777,-9.251012989038816
2018-04-18,9.644533472143335e-05,Fold2_2018,5.476416839515861e-07,-14.417644625261206,-9.246534189700144
2018-04-19,7.511185208742263e-05,Fold2_2018,3.094656973966022e-05,-10.38324839729718,-9.496532194236952
2018-04-20,6.870652448941428e-05,Fold2_2018,7.251417722569785e-05,-9.531728467279992,-9.585666392511573
2018-04-23,7.453551466414553e-05,Fold2_2018,2.254127702382498e-08,-17.60791767404681,-9.504234839266115
2018-04-24,5.9192491623670015e-05,Fold2_2018,0.0001838369033205885,-8.601461588432436,-9.734715854799255
2018-04-25,9.393723992312475e-05,Fold2_2018,6.094470640172988e-06,-12.008128650292104,-9.272883659071017
2018-04-26,7.436901647222219e-05,Fold2_2018,0.00010230003116902155,-9.187600580324222,-9.50647114812847
2018-04-27,7.783094379490169e-05,Fold2_2018,8.797798136400667e-07,-13.943594172554999,-9.46097147070261
2018-04-30,6.175092400331967e-05,Fold2_2018,5.959922692868789e-05,-9.727867954972265,-9.692401618951628
2018-05-01,6.586623942325685e-05,Fold2_2018,3.1518113155845803e-06,-12.667533249567354,-9.62788454782867
2018-05-02,5.2961336107367e-05,Fold2_2018,4.543038922475786e-05,-9.999329310658503,-9.845948418040333
2018-05-03,5.5745358085412134e-05,Fold2_2018,4.867982402966935e-06,-12.232830997683871,-9.794716414132541
2018-05-04,4.7250330609300776e-05,Fold2_2018,0.00016547958781026504,-8.706662707247594,-9.960050907026762
2018-05-07,7.005862369266342e-05,Fold2_2018,1.1406056412614518e-05,-11.38136607937029,-9.566178185082963
2018-05-08,5.7397658960045526e-05,Fold2_2018,0.0,,-9.765507040138667
2018-05-09,4.6704740649817544e-05,Fold2_2018,9.2532877135045e-05,-9.287946548108664,-9.971664885597443
2018-05-10,5.490550153374765e-05,Fold2_2018,8.662141626170232e-05,-9.353963472026278,-9.809897004383007
2018-05-11,5.989366660675044e-05,Fold2_2018,9.282446694531096e-06,-11.58738539348844,-9.722939791208427
2018-05-14,4.942330897411814e-05,Fold2_2018,2.2691285191652647e-07,-15.298699805440187,-9.915088403471294
2018-05-15,4.0581205858571254e-05,Fold2_2018,4.775836947668612e-05,-9.949356229398092,-10.112205508419853
2018-05-16,4.694741309847368e-05,Fold2_2018,1.7605798751029177e-05,-10.947282235694674,-9.966482452902055
2018-05-17,4.1036722719209224e-05,Fold2_2018,7.133847897787028e-07,-14.153244884996454,-10.101043216060157
2018-05-18,3.4877160969140366e-05,Fold2_2018,6.266079048167315e-06,-11.980359750102531,-10.263678356469546
2018-05-21,3.202772092591528e-05,Fold2_2018,5.610632809718185e-05,-9.788261951490828,-10.348908751232736
2018-05-22,3.675080788639978e-05,Fold2_2018,7.751879137954859e-06,-11.767575274576446,-10.211350349243663
2018-05-23,3.388275010964234e-05,Fold2_2018,7.548870442309986e-06,-11.794112616186144,-10.292604519407329
2018-05-24,2.95679427988147e-05,Fold2_2018,4.2056593857394544e-06,-12.379079466906605,-10.42881979707077
2018-05-25,2.7405834133038702e-05,Fold2_2018,5.690558562334127e-06,-12.076702149031638,-10.504754642672012
2018-05-29,2.6201970654615924e-05,Fold2_2018,0.00013380705289182073,-8.919111699463416,-10.549675934200756
2018-05-30,5.6083723425656386e-05,Fold2_2018,0.00017572786386595477,-8.64657398760472,-9.788664922547968
2018-05-31,7.876911313006066e-05,Fold2_2018,3.775580639075813e-05,-10.184371282421331,-9.4489896032935
2018-06-01,7.322666019107217e-05,Fold2_2018,9.544991397629097e-05,-9.256908909036602,-9.521950993044916
2018-06-04,7.549674603452043e-05,Fold2_2018,2.2469194476502344e-05,-10.703365321252418,-9.491421001518603
2018-06-05,6.327895073442036e-05,Fold2_2018,5.289516045482124e-07,-14.452368894059088,-9.667957815956816
2018-06-06,5.096713584746612e-05,Fold2_2018,6.931833060518349e-05,-9.576801175847947,-9.884329528099462
2018-06-07,5.3528458034060936e-05,Fold2_2018,1.1772486913664841e-08,-18.257500645413508,-9.835297119614433
2018-06-08,4.3853370484039824e-05,Fold2_2018,8.715967149406311e-06,-11.650353909887821,-10.034658978153788
2018-06-11,3.7230887925245165e-05,Fold2_2018,1.766451460805524e-06,-13.246537848132697,-10.198371820639494
2018-06-12,3.134699796366881e-05,Fold2_2018,1.6683784738425794e-06,-13.303658376982941,-10.370392054205151
2018-06-13,2.6872789396782526e-05,Fold2_2018,1.0216642061965884e-05,-11.491492592543516,-10.524396329903016
2018-06-14,2.7153884816729436e-05,Fold2_2018,6.323742857025939e-06,-11.971199300888097,-10.513990434647967
2018-06-15,2.42681815142209e-05,Fold2_2018,1.6292252265655e-06,-13.327405977271958,-10.626344468341529
2018-06-18,2.2546485499225062e-05,Fold2_2018,4.239137643678167e-06,-12.37115069533109,-10.699931357854938
2018-06-19,2.21232101761138e-05,Fold2_2018,1.4746861881923918e-05,-11.124480251581609,-10.718883266337395
2018-06-20,2.4790182198506514e-05,Fold2_2018,2.9046761778640746e-06,-12.749188644488486,-10.605062862266632
2018-06-21,2.2054737892198132e-05,Fold2_2018,3.954374071031652e-05,-10.138103138972907,-10.721983108758282
2018-06-22,3.1055915019327065e-05,Fold2_2018,3.31812573187578e-06,-12.61611047303942,-10.379721267910275
2018-06-25,2.682743929530305e-05,Fold2_2018,0.000187864111823729,-8.57979166593527,-10.52608533992644
2018-06-26,6.975791335922551e-05,Fold2_2018,4.891294308795765e-06,-12.228053604675033,-9.570479690519264
2018-06-27,5.591898756761939e-05,Fold2_2018,6.920402896587352e-05,-9.578451474985293,-9.791606565216576
2018-06-28,6.364100107164308e-05,Fold2_2018,3.250613911716997e-05,-10.334081590554247,-9.662252624391456
2018-06-29,5.6163539632847445e-05,Fold2_2018,2.069074867923835e-06,-13.088408974295456,-9.78724277258246
2018-07-02,4.5620099193649144e-05,Fold2_2018,4.561424516742718e-06,-12.297875589200306,-9.995162166764732
2018-07-03,3.800934061457762e-05,Fold2_2018,1.2512107010770565e-05,-11.288813821546793,-10.177678622796368
2018-07-05,3.609698085676357e-05,Fold2_2018,6.601113474374477e-05,-9.625687121928927,-10.229301328899487
2018-07-06,4.179585004376815e-05,Fold2_2018,7.093946043519777e-05,-9.553683714579527,-10.082713504611839
2018-07-09,4.697935327788699e-05,Fold2_2018,8.035278837525743e-05,-9.429083763517202,-9.965802344731047
2018-07-10,5.2681358315777005e-05,Fold2_2018,1.2903661266223629e-05,-11.257999467778562,-9.851248897143375
2018-07-11,4.449726896940591e-05,Fold2_2018,5.389679192841422e-05,-9.828439600774,-10.02008274214941
2018-07-12,5.131357599644579e-05,Fold2_2018,8.145275948704506e-05,-9.415487343968387,-9.87755520149142
2018-07-13,5.614050914486014e-05,Fold2_2018,6.199178308939754e-07,-14.293678898506426,-9.787652917872158
2018-07-16,4.553682743997999e-05,Fold2_2018,8.00424520389446e-07,-14.038123599536858,-9.996989165105006
2018-07-17,3.828257711201823e-05,Fold2_2018,1.6297005568974013e-05,-11.024529174452741,-10.170515670970088
2018-07-18,3.4260798497062735e-05,Fold2_2018,4.416551428270738e-06,-12.330151386252833,-10.281508758362007
2018-07-19,2.9417910323228043e-05,Fold2_2018,1.4278937065284096e-05,-11.156725039027467,-10.433906874435763
2018-07-20,3.0149689922539463e-05,Fold2_2018,1.307538491473748e-06,-13.547364202454993,-10.409335919336852
2018-07-23,2.689512792635313e-05,Fold2_2018,3.450396263752311e-06,-12.577021474458162,-10.52356540573976
2018-07-24,2.375387956069664e-05,Fold2_2018,2.519367714174585e-05,-10.58891750200292,-10.6477646908997
2018-07-25,2.4884329434310205e-05,Fold2_2018,7.202301493989875e-05,-9.538524838082978,-10.60127229259869
2018-07-26,3.4455175765807854e-05,Fold2_2018,5.5791429837367995e-06,-12.09647538051071,-10.275851331853127
2018-07-27,3.1523083244528624e-05,Fold2_2018,4.6227059019904886e-05,-9.981945238256293,-10.364790479086937
2018-07-30,3.970824685681738e-05,Fold2_2018,2.7435822427384595e-05,-10.503661010596847,-10.133951662453025
2018-07-31,4.119851564368405e-05,Fold2_2018,2.418652570720089e-05,-10.629714868824808,-10.09710833032374
2018-08-01,3.779234461342e-05,Fold2_2018,2.795979686080763e-06,-12.787327998969332,-10.183403999303874
2018-08-02,3.314855570045095e-05,Fold2_2018,2.9517205889530125e-05,-10.430537214150414,-10.31451141089539
2018-08-03,3.2697348376452024e-05,Fold2_2018,1.8277934611204385e-05,-10.909815984579664,-10.328216572754126
2018-08-06,3.038355434832453e-05,Fold2_2018,1.3402476260412184e-05,-11.220071072526855,-10.401609071316138
2018-08-07,2.7828379569264923e-05,Fold2_2018,1.0869169401017157e-05,-11.429580271800646,-10.489454210163181
2018-08-08,2.5493739491336e-05,Fold2_2018,1.7654723648061286e-07,-15.549677367593914,-10.57707764608613
2018-08-09,2.287112588717023e-05,Fold2_2018,1.869475349318943e-06,-13.18985272832415,-10.68563532126944
2018-08-10,2.1614081599787362e-05,Fold2_2018,4.519602364497249e-05,-10.004501447452252,-10.74216552976946
2018-08-13,3.201740655163148e-05,Fold2_2018,1.406616367125694e-05,-11.171738384197266,-10.349230848315814
2018-08-14,3.197372376575881e-05,Fold2_2018,4.045794622731547e-05,-10.115247488083588,-10.350596124798393
2018-08-15,3.37976295539695e-05,Fold2_2018,5.6181506329075045e-05,-9.786922924097341,-10.295119889473996
2018-08-16,4.374276938827922e-05,Fold2_2018,6.494141261375049e-05,-9.6420250389276,-10.037184229944474
2018-08-17,4.723300704385759e-05,Fold2_2018,1.2348921135734587e-05,-11.301941856136569,-9.960417607993676
2018-08-20,4.0243157281235454e-05,Fold2_2018,4.570189849629978e-06,-12.295955811332414,-10.120570573987408
2018-08-21,3.391407045131299e-05,Fold2_2018,5.4886075673487365e-06,-12.112835965332266,-10.291680572129577
2018-08-22,2.929289841318886e-05,Fold2_2018,3.5322283911362657e-07,-14.85616670690508,-10.438165446295303
2018-08-23,2.5837714072317803e-05,Fold2_2018,1.7645006976537e-06,-13.24764279844794,-10.56367534765669
2018-08-24,2.3809518316697242e-05,Fold2_2018,3.600752275872816e-05,-10.23178267581819,-10.645425127964248
2018-08-27,2.683804233969224e-05,Fold2_2018,6.184071300802087e-05,-9.690948623867667,-10.525690186684388
2018-08-28,3.3872605320264274e-05,Fold2_2018,2.336233668799429e-07,-15.269555561543141,-10.292903972915896
2018-08-29,2.8831969816573554e-05,Fold2_2018,2.8793571839681185e-05,-10.455358395746273,-10.454025723411343
2018-08-30,2.9246427002106546e-05,Fold2_2018,1.6453990843905737e-05,-11.014942505683855,-10.439753145521923
2018-08-31,3.056698481347742e-05,Fold2_2018,1.1632787494831339e-09,-20.572023310716045,-10.395590059131521
2018-09-04,2.6483923063367614e-05,Fold2_2018,2.970441153964391e-06,-12.7268000794918,-10.538972685929016
2018-09-05,2.4711368196455317e-05,Fold2_2018,7.264743882582723e-06,-11.832477515165278,-10.60824716934465
2018-09-06,2.464793674846841e-05,Fold2_2018,9.08640582344071e-06,-11.608731126927086,-10.610817362866465
2018-09-07,2.509072382681053e-05,Fold2_2018,3.783733612088626e-06,-12.484799307749396,-10.593012348786827
2018-09-10,2.387816373710359e-05,Fold2_2018,3.0174714223514477e-06,-12.711091354657038,-10.642546167827652
2018-09-11,2.1423519116276852e-05,Fold2_2018,1.0836773637719519e-05,-11.432565241151554,-10.751021215296273
2018-09-12,2.0654066845810146e-05,Fold2_2018,5.8686559852646476e-08,-16.651055099656464,-10.78759831626198
2018-09-13,1.888602108850298e-05,Fold2_2018,3.477349220822694e-05,-10.266655179592922,-10.877088534503086
2018-09-14,2.2889124975728334e-05,Fold2_2018,2.9619478370359686e-08,-17.334833638985675,-10.684848652090539
2018-09-17,2.0593016979432902e-05,Fold2_2018,2.818394293797565e-05,-10.476758141552152,-10.790558521216909
2018-09-18,2.6968513631166302e-05,Fold2_2018,2.92862516473634e-05,-10.43839237911516,-10.52084053426438
2018-09-19,2.7944419859922364e-05,Fold2_2018,1.1343632542067294e-06,-13.689439073965113,-10.485293025525296
2018-09-20,2.430542533686685e-05,Fold2_2018,6.514607990682213e-05,-9.638878426475065,-10.624810967646027
2018-09-21,3.2519275810396947e-05,Fold2_2018,8.35318883767757e-07,-13.995452288271698,-10.333677542585608
2018-09-24,2.8437059326041535e-05,Fold2_2018,1.107350560840847e-05,-11.410955184915473,-10.467817357600284
2018-09-25,2.8449298749427955e-05,Fold2_2018,8.619982117898853e-07,-13.964012640774563,-10.467387046221972
2018-09-26,2.5397478627445912e-05,Fold2_2018,8.977612701329819e-06,-11.620776557170606,-10.58086065550303
2018-09-27,2.5567916344739618e-05,Fold2_2018,7.782857566452928e-06,-11.763586990751561,-10.574172260259212
2018-09-28,2.3302666232038506e-05,Fold2_2018,1.0782437578808004e-08,-18.345347176543825,-10.666942773379704
2018-10-01,2.0933576082159255e-05,Fold2_2018,1.2027255092334488e-05,-11.328335225888619,-10.774156176943974
2018-10-02,2.0427157017769205e-05,Fold2_2018,3.4002716704468697e-07,-14.894240319455676,-10.79864531604908
2018-10-03,1.9059596282503007e-05,Fold2_2018,3.012487423847012e-07,-15.015329526806854,-10.86793984136323
2018-10-04,1.756387498295215e-05,Fold2_2018,6.156597279843817e-05,-9.695401229683906,-10.949666323090627
2018-10-05,3.259536598176181e-05,Fold2_2018,3.15015479865956e-05,-10.36547387090853,-10.331340427494286
2018-10-08,3.666654779819513e-05,Fold2_2018,0.0,,-10.213645722712627
2018-10-09,3.0998063860703e-05,Fold2_2018,2.132937672283662e-06,-13.058010339584758,-10.381585811535947
2018-10-10,2.7740390348253214e-05,Fold2_2018,0.0010352603371848893,-6.8731023503820845,-10.492621071502
2018-10-11,0.0002574125393812749,Fold2_2018,0.0004960758614694086,-7.608781696423567,-8.264830548443843
2018-10-12,0.00031508962113975606,Fold2_2018,0.0001902440218992548,-8.567202984059115,-8.062653448049597
2018-10-15,0.0002751215572465662,Fold2_2018,3.172674979874319e-05,-10.358350390684084,-8.198297531611422
2018-10-16,0.0002178733129403906,Fold2_2018,0.0004678446916709014,-7.667374172526874,-8.43159679739955
2018-10-17,0.00026055733884266965,Fold2_2018,3.1859808599113505e-08,-17.261920540043334,-8.252687610271241
2018-10-18,0.00019808916700613752,Fold2_2018,0.00021159007590204786,-8.460859759353857,-8.526793290226813
2018-10-19,0.00020327851426693778,Fold2_2018,2.947047960310545e-07,-15.037291673052682,-8.50093352778005
2018-10-22,0.00015578565161080332,Fold2_2018,2.0241458648549137e-05,-10.807777648525692,-8.767029523692864
2018-10-23,0.00012598763593183127,Fold2_2018,2.6046908670745243e-05,-10.55561146587591,-8.979326783352766
2018-10-24,0.00010511162964454701,Fold2_2018,0.0009466003025831398,-6.96263362083959,-9.160487633067419
2018-10-25,0.00029856922890379066,Fold2_2018,0.0003161773623300123,-8.059207228636007,-8.116508729395747
2018-10-26,0.0002900902416026452,Fold2_2018,0.0003148461485254818,-8.063426455832683,-8.145318505449412
2018-10-29,0.0002966698471563739,Fold2_2018,3.0865282512446884e-05,-10.385878548995008,-8.122890663211843
2018-10-30,0.00023517169602851618,Fold2_2018,0.0002163830920353591,-8.438460146967962,-8.355194689196056
2018-10-31,0.00022168534444391946,Fold2_2018,0.00011286528848472292,-9.089315587716202,-8.414251548876997
2018-11-01,0.0001906047511042956,Fold2_2018,0.00011205589390314996,-9.09651275844787,-8.565308639959907
2018-11-02,0.00016702321385811647,Fold2_2018,3.528946722511525e-05,-10.25192601744078,-8.697377750069416
2018-11-05,0.00013877504291040721,Fold2_2018,3.0270592871993276e-05,-10.405333848997799,-8.882656332179614
2018-11-06,0.00011196784873599259,Fold2_2018,3.978564422600825e-05,-10.132004408579983,-9.097298792737393
2018-11-07,9.350993705846926e-05,Fold2_2018,0.0004487313318523724,-7.709086219356078,-9.277442848616607
2018-11-08,0.00016309633945465297,Fold2_2018,3.2991522931967507e-06,-12.621845003340846,-8.721169492153527
2018-11-09,0.00012797663101978113,Fold2_2018,9.635923507040703e-05,-9.247427318497275,-8.963662880870578
2018-11-12,0.0001242694504946453,Fold2_2018,0.00035578357142155106,-7.941187957431089,-8.993058362022685
2018-11-13,0.00018014328734816814,Fold2_2018,3.5075334419579756e-06,-12.560597490601,-8.62175798292336
2018-11-14,0.0001411267479043962,Fold2_2018,4.706001855040559e-05,-9.96408678047887,-8.865852150066125
2018-11-15,0.00012269629462586016,Fold2_2018,0.00010779990396632924,-9.135233790340152,-9.005798405351642
2018-11-16,0.00011535305385590208,Fold2_2018,6.7435684477096905e-06,-11.906921329865332,-9.0675130990014
2018-11-19,9.113783388167976e-05,Fold2_2018,0.00029100607627909476,-8.142166410326606,-9.303137539344487
2018-11-20,0.0001402619195646183,Fold2_2018,0.000348936001970263,-7.960622028020552,-8.871999029189725
2018-11-21,0.000190512825323504,Fold2_2018,1.1573983178458642e-05,-11.366750808204158,-8.565791041130884
2018-11-23,0.00014909994758972465,Fold2_2018,4.490756032947203e-05,-10.010904395887922,-8.810893687704544
2018-11-26,0.000128455841935236,Fold2_2018,0.0002564974529018898,-8.268391823609813,-8.95992535521497
2018-11-27,0.00014926050055925539,Fold2_2018,1.1281681584162034e-05,-11.392330246395066,-8.809817452660496
2018-11-28,0.00011794164590857501,Fold2_2018,0.0005181985385846748,-7.565152110016476,-9.045320582015535
2018-11-29,0.00019396483484997472,Fold2_2018,4.784766331382705e-06,-12.250073367818587,-8.547833678991113
2018-11-30,0.00015275194237586283,Fold2_2018,3.6928876355681324e-05,-10.206516755891387,-8.78669524394849
2018-12-03,0.00012521623352896045,Fold2_2018,0.00017304012666272456,-8.661987044334506,-8.985468446929064
2018-12-04,0.00013018359327106115,Fold2_2018,0.0010849767580955517,-6.82619671332924,-8.946564847872954
2018-12-06,0.00034334880405574125,Fold2_2018,2.305293764699532e-06,-12.980302442911997,-7.976763706067362
2018-12-07,0.00026587380875861506,Fold2_2018,0.0005527213220818072,-7.5006566218308,-8.232488764910459
2018-12-10,0.000332006022002232,Fold2_2018,3.591540288045158e-06,-12.536929397884794,-8.010357450651348
2018-12-11,0.0002567066205265518,Fold2_2018,5.163681255703881e-08,-16.779030997175106,-8.267576679509935
2018-12-12,0.00019939613146881298,Fold2_2018,2.5227403478192145e-05,-10.587579714670259,-8.520217101483246
2018-12-13,0.00015902505657156555,Fold2_2018,1.1488139661104081e-07,-15.979365574590862,-8.746448779659394
2018-12-14,0.00012448146505504492,Fold2_2018,0.00034735671137335714,-7.965158319367141,-8.991353728202384
2018-12-17,0.0001783826161654894,Fold2_2018,0.00039256490648235503,-7.842808667579373,-8.631579785584801
2018-12-18,0.0002288255813341254,Fold2_2018,1.2034136403942652e-06,-13.630348339344671,-8.382550498178247
2018-12-19,0.00017935258602340583,Fold2_2018,0.00022768242095765742,-8.387558790520192,-8.626156935225112
2018-12-20,0.00019346703775326287,Fold2_2018,0.0002693523221225471,-8.219490287666254,-8.550403407533583
2018-12-21,0.00021351629078703293,Fold2_2018,0.0004285845182697215,-7.755022597206407,-8.45179742475441
2018-12-24,0.00026396769254951257,Fold2_2018,0.0007170829219645396,-7.240319072776239,-8.23968383901299
2018-12-26,0.00036670169403591694,Fold2_2018,0.0024295032295761207,-6.020068474802007,-7.91096186321968
2018-12-27,0.0007917522672138767,Fold2_2018,5.8489815335138206e-05,-9.746657915718322,-7.141262009001943
2018-12-28,0.0006161234827495442,Fold2_2018,1.6659599329552644e-06,-13.305109064355605,-7.392063155510977
2018-12-31,0.00047503230683133683,Fold2_2018,7.605320137511283e-05,-9.484077444482736,-7.6521277418607445
2019-01-02,0.0003799201385334379,Fold3_2019,1.080837147633855e-06,-13.737774680393429,-7.87554948908503
2019-01-03,0.00029360929576287487,Fold3_2019,0.0005833265050542325,-7.446763485404651,-8.133260600407429
2019-01-04,0.00036158834052641325,Fold3_2019,0.001085505792106034,-6.825709232772523,-7.9250041740855375
2019-01-07,0.0004997591365287738,Fold3_2019,6.168100745174427e-05,-9.69353449531885,-7.601384302552235
2019-01-08,0.0003970356040728769,Fold3_2019,8.744997001910669e-05,-9.344443699334407,-7.83148459849513
2019-01-09,0.000323106870835804,Fold3_2019,2.1740754356185612e-05,-10.736321977876628,-8.037527420006153
2019-01-10,0.00025370176568407696,Fold3_2019,1.240064157626697e-05,-11.297762346670222,-8.279351131650987
2019-01-11,0.00019819679059358418,Fold3_2019,1.4916312939946539e-07,-15.718225301703917,-8.526250128966472
2019-01-14,0.00015339207207284175,Fold3_2019,3.745075611458686e-05,-10.192483658229243,-8.782513351769245
2019-01-15,0.0001298755974172397,Fold3_2019,0.0001298612221847973,-8.949044199371182,-8.948933508615214
2019-01-16,0.00012633218136899745,Fold3_2019,5.840354928331218e-06,-12.050718987571708,-8.976595760042738
2019-01-17,9.900124507673284e-05,Fold3_2019,5.712680249571558e-05,-9.770237155712206,-9.220378131376114
2019-01-18,8.78396172962468e-05,Fold3_2019,0.00017482893118954529,-8.651702598200474,-9.339997937040335
2019-01-22,0.00010352639805501358,Fold3_2019,0.00018503585477727108,-8.594960942057734,-9.17568392410788
2019-01-23,0.00012686200816430093,Fold3_2019,4.3693998869826716e-06,-12.34088488392006,-8.972410612116345
2019-01-24,0.00010045856720105181,Fold3_2019,2.823358860804129e-07,-15.080168389396212,-9.205765182126607
2019-01-25,7.976836490981803e-05,Fold3_2019,7.099466291304006e-05,-9.552905853987255,-9.436383561809066
2019-01-28,7.615712604055075e-05,Fold3_2019,5.820622610507498e-05,-9.751518231198164,-9.482711904005274
2019-01-29,7.657036048238082e-05,Fold3_2019,1.7632797766359892e-06,-13.248334973641581,-9.477300494970203
2019-01-30,6.2547155524924e-05,Fold3_2019,0.00024670032705410063,-8.30733620871399,-9.679589797306422
2019-01-31,9.73617781729869e-05,Fold3_2019,7.64602626799859e-05,-9.478739394180252,-9.237076845555043
2019-02-01,9.070518881796779e-05,Fold3_2019,2.3176220956773767e-07,-15.27755394966928,-9.307895993902157
2019-02-04,7.26832903064139e-05,Fold3_2019,4.915662551118324e-05,-9.920498918600849,-9.529399044321579
2019-02-05,6.664016772590375e-05,Fold3_2019,1.7494536488260188e-05,-10.953621926450428,-9.61620304321354
2019-02-06,5.639343503669227e-05,Fold3_2019,1.7390926697705213e-06,-13.26214703489721,-9.783157806293922
2019-02-07,4.7202056210334665e-05,Fold3_2019,9.175187032882081e-05,-9.2964226861821,-9.961073102543361
2019-02-08,6.201473348071199e-05,Fold3_2019,1.4906409261569586e-06,-13.41630437871247,-9.688138564364653
2019-02-11,5.06900882283847e-05,Fold3_2019,3.0706990395607677e-07,-14.996190415096306,-9.8897801649334
2019-02-12,4.1938953665914275e-05,Fold3_2019,0.00016326281167659143,-8.720149314010522,-10.079295481158551
2019-02-13,6.455170145717129e-05,Fold3_2019,1.0509374363256866e-05,-11.463242902605884,-9.648044082271197
2019-02-14,5.384596509069931e-05,Fold3_2019,4.930604899762271e-06,-12.220048879715883,-9.829383085846992
2019-02-15,4.641590649314593e-05,Fold3_2019,0.00011746195918647319,-9.04939602840341,-9.97786834512651
2019-02-19,5.906226979231204e-05,Fold3_2019,2.990540881205579e-06,-12.720056290197245,-9.736918250414213
2019-02-20,4.865354393323744e-05,Fold3_2019,4.054512165944063e-06,-12.415680181963499,-9.930785906492302
2019-02-21,4.073920133804735e-05,Fold3_2019,1.2691136145405467e-05,-11.274606749480805,-10.108319751234863
2019-02-22,3.838270355368939e-05,Fold3_2019,3.820696514922658e-05,-10.172492725223135,-10.167903628133226
2019-02-25,3.827691208172368e-05,Fold3_2019,1.8499005649012494e-06,-13.200378669020582,-10.170663661254887
2019-02-26,3.250181330958526e-05,Fold3_2019,5.120939658845846e-07,-14.484757701627615,-10.334214676043933
2019-02-27,2.8495172302111148e-05,Fold3_2019,1.8473265867545453e-07,-15.504356145255892,-10.46577587794665
2019-02-28,2.520918533016765e-05,Fold3_2019,3.4753184698736094e-06,-12.569824437139964,-10.588302132630998
2019-03-01,2.38666033775508e-05,Fold3_2019,3.874421397396206e-05,-10.158529130114761,-10.643030424447897
2019-03-04,2.7215058207242106e-05,Fold3_2019,1.3279064210433314e-05,-11.229321882480667,-10.511740127287743
2019-03-05,2.8088903239079484e-05,Fold3_2019,1.8524860041042485e-06,-13.198982034944116,-10.480135962142972
2019-03-06,2.5582129069891697e-05,Fold3_2019,3.691546229635139e-05,-10.206880062265913,-10.573616533459651
2019-03-07,3.251376188217519e-05,Fold3_2019,7.056878457425816e-05,-9.558922656080465,-10.333847115726602
2019-03-08,4.559875655806258e-05,Fold3_2019,4.006727142737552e-06,-12.427535823777948,-9.995630110279265
2019-03-11,3.968902818444456e-05,Fold3_2019,0.00020727494523887867,-8.481464408157523,-10.134435776617856
2019-03-12,7.138736989025287e-05,Fold3_2019,1.4167932240300553e-05,-11.16452944008266,-9.5473895965594
2019-03-13,5.949415776001099e-05,Fold3_2019,4.352656055586382e-05,-10.042139218711212,-9.729632439140914
2019-03-14,5.547426306964059e-05,Fold3_2019,4.0943884383251393e-07,-14.708478288316485,-9.799591373242132
2019-03-15,4.6144723246004926e-05,Fold3_2019,2.428484799216616e-05,-10.625657941516353,-9.983727942750797
2019-03-18,4.18605890864323e-05,Fold3_2019,1.3099218001923182e-05,-11.242958024048637,-10.08116576826875
2019-03-19,3.674020320448753e-05,Fold3_2019,6.158841662484324e-08,-16.602792025893507,-10.211638947313778
2019-03-20,3.1337854386264755e-05,Fold3_2019,9.088907138509231e-06,-11.60845588378937,-10.370683785847682
2019-03-21,3.0191233614512293e-05,Fold3_2019,0.0001261463649965161,-8.978067698222876,-10.407958953387322
2019-03-22,4.8100957824569316e-05,Fold3_2019,0.00037768121963848697,-7.881460052440822,-9.942208467858114
2019-03-25,0.0001255148704273298,Fold3_2019,5.65604735780174e-07,-14.385370349378992,-8.983086316950962
2019-03-26,9.96311672777089e-05,Fold3_2019,5.515067605790471e-05,-9.805441553810347,-9.214035517849384
2019-03-27,8.8473749501707e-05,Fold3_2019,2.748535905256357e-05,-10.50185709315453,-9.332804665749478
2019-03-28,7.875252925781456e-05,Fold3_2019,1.4313097233211796e-05,-11.154335549435741,-9.449200163214739
2019-03-29,6.538941735718383e-05,Fold3_2019,3.95095356439154e-05,-10.138968506484872,-9.635150126704776
2019-04-01,5.934529314779146e-05,Fold3_2019,0.00013899823752404987,-8.881049304597065,-9.732137746746185
2019-04-02,7.301830120768607e-05,Fold3_2019,2.3948664519704505e-07,-15.244768182831594,-9.524800446761095
2019-04-03,5.9310551469419093e-05,Fold3_2019,2.472540530734182e-06,-12.910264380971492,-9.732723334071904
2019-04-04,4.880971345646315e-05,Fold3_2019,7.021445696280788e-06,-11.866541421488073,-9.927581218673248
2019-04-05,4.12163141428777e-05,Fold3_2019,2.331458287022069e-05,-10.66643151891183,-10.096676405644251
2019-04-08,3.788979823319596e-05,Fold3_2019,5.807655838521597e-07,-14.358918631644451,-10.180828658015349
2019-04-09,3.212554387633005e-05,Fold3_2019,2.6397348039032617e-05,-10.542247005924697,-10.345859084889709
2019-04-10,3.519451624286089e-05,Fold3_2019,1.1593261831680961e-05,-11.365086505205344,-10.25462027605161
2019-04-11,3.139375695990355e-05,Fold3_2019,7.692987669363608e-08,-16.38037152231533,-10.368901507750975
2019-04-12,2.7424742605071545e-05,Fold3_2019,4.5464550263338364e-05,-9.998577650766736,-10.504064937259182
2019-04-15,3.1148609198947365e-05,Fold3_2019,4.289782387952527e-07,-14.661859644723963,-10.376740962236498
2019-04-16,2.7469453686658307e-05,Fold3_2019,4.289782387952667e-07,-14.66185964472393,-10.502435945690154
2019-04-17,2.4137886795613324e-05,Fold3_2019,6.000884400820822e-06,-12.023603699461749,-10.631727885662185
2019-04-18,2.3847035901462352e-05,Fold3_2019,3.869145510836073e-06,-12.462476873535675,-10.643850629214548
2019-04-22,2.1555931801076798e-05,Fold3_2019,7.430967886609773e-07,-14.11243953333589,-10.744859521700366
2019-04-23,1.9520487877921208e-05,Fold3_2019,8.013364556031338e-05,-9.431814747635578,-10.844045983545703
2019-04-24,3.1455347943948043e-05,Fold3_2019,4.9374128037684845e-06,-12.21866908788923,-10.366941543361495
2019-04-25,2.9184389715768815e-05,Fold3_2019,3.8015527885357856e-07,-14.782686039129844,-10.441876590413953
2019-04-26,2.5915347847365144e-05,Fold3_2019,2.158761680300006e-05,-10.743390703828636,-10.560675183786211
2019-04-29,2.5821425900084045e-05,Fold3_2019,2.453866977710715e-06,-12.917845419456622,-10.564305949435278
2019-04-30,2.294210237498112e-05,Fold3_2019,2.6019590691462944e-07,-15.16183100152736,-10.682536803776165
2019-05-01,2.0640954403010906e-05,Fold3_2019,5.691830373040698e-05,-9.77389358612823,-10.788233377964014
2019-05-02,3.34444193700445e-05,Fold3_2019,4.672761731651929e-06,-12.273760283850677,-10.305625620284788
2019-05-03,3.061567601148124e-05,Fold3_2019,9.487117955033344e-05,-9.262990591303447,-10.393998392223713
2019-05-06,4.260278193575915e-05,Fold3_2019,1.7005565654411668e-05,-10.98196987605296,-10.063591003164822
2019-05-07,4.0903196921974927e-05,Fold3_2019,0.0002836020110470216,-8.16793867219244,-10.104302333618726
2019-05-08,9.952535906382814e-05,Fold3_2019,1.9324960558676217e-06,-13.156698097435108,-9.215098081309188
2019-05-09,8.018840648887804e-05,Fold3_2019,9.18439650957142e-06,-11.59800454536744,-9.431131611036534
2019-05-10,6.772127105117617e-05,Fold3_2019,2.5110780203884404e-05,-10.592213313836453,-9.600110231661418
2019-05-13,5.86109843648571e-05,Fold3_2019,0.0006477886224873591,-7.341946114691935,-9.744588432447939
2019-05-14,0.00019156696452925475,Fold3_2019,8.105917650984386e-05,-9.420331095835653,-8.56027312624298
2019-05-15,0.00016364215565650518,Fold3_2019,3.4107259136940575e-05,-10.286000318413945,-8.717828491826157
2019-05-16,0.00013377480071087824,Fold3_2019,8.498671022635642e-05,-9.373015663976096,-8.919352763501687
2019-05-17,0.0001202470667618522,Fold3_2019,4.2069666004580315e-05,-10.076183599433522,-9.025962042108743
2019-05-20,0.00010669496507998948,Fold3_2019,4.401046268392015e-05,-10.03108316404225,-9.145536588398903
2019-05-21,9.670870374610295e-05,Fold3_2019,8.055444170744701e-05,-9.426577307621383,-9.243807151839832
2019-05-22,9.090313595548861e-05,Fold3_2019,9.459677869142927e-06,-11.568472227367906,-9.305716058415646
2019-05-23,7.618202928010072e-05,Fold3_2019,0.0001511558948408526,-8.797198837559803,-9.482384959304559
2019-05-24,9.72276547481048e-05,Fold3_2019,5.135314054184576e-06,-12.179369556924305,-9.238455373094885
2019-05-28,7.835152933501181e-05,Fold3_2019,8.731142198298065e-05,-9.34602926767493,-9.454305070080096
2019-05-29,8.467824232865179e-05,Fold3_2019,4.5340895248805836e-05,-10.001301167848114,-9.376651868542085
2019-05-30,8.005080434540263e-05,Fold3_2019,7.438517536692265e-06,-11.808838984794285,-9.432849070534521
2019-05-31,6.54490652489751e-05,Fold3_2019,0.00018406408609466303,-8.600226567002828,-9.634238347620588
2019-06-03,9.58348804250889e-05,Fold3_2019,6.481243133689246e-06,-11.94659822438063,-9.25288384295914
2019-06-04,7.935214363719272e-05,Fold3_2019,0.00046115074557036826,-7.681785571520613,-9.441615096395282
2019-06-05,0.00015071337465275364,Fold3_2019,7.438825097085436e-05,-9.506212545653849,-8.800130706085724
2019-06-06,0.00013158747111856518,Fold3_2019,4.201136309624093e-05,-10.077570426362435,-8.935838747871493
2019-06-07,0.00011103299666366646,Fold3_2019,9.914776486598913e-05,-9.218899246207794,-9.105683133586853
2019-06-10,0.00010551544203792191,Fold3_2019,2.096240877470904e-05,-10.77277978265702,-9.156653245731505
2019-06-11,8.731409426730304e-05,Fold3_2019,5.856372069117401e-08,-16.653150432918707,-9.345998661788919
2019-06-12,7.070968830865246e-05,Fold3_2019,3.1224888624514984e-06,-12.676880161822055,-9.556927960381422
2019-06-13,5.897662682056957e-05,Fold3_2019,1.6955776783590273e-05,-10.984901969010272,-9.738369348132474
2019-06-14,5.0572411421193185e-05,Fold3_2019,1.2219813978742173e-06,-13.615036920019593,-9.892104359192317
2019-06-17,4.2700446936648255e-05,Fold3_2019,1.4455470015168005e-07,-15.74960785326256,-10.061301170884045
2019-06-18,3.5815761322241816e-05,Fold3_2019,0.00010849733125422491,-9.12878498202152,-10.237122501045977
2019-06-19,4.935843872456013e-05,Fold3_2019,5.083787467449722e-06,-12.18945400971039,-9.916401809245023
2019-06-20,4.150164730494667e-05,Fold3_2019,9.041905979070527e-05,-9.311055474396676,-10.089777437420311
2019-06-21,5.008062451105207e-05,Fold3_2019,2.1154244381680916e-06,-13.066255085614655,-9.901876360981573
2019-06-24,4.2834324901700606e-05,Fold3_2019,1.5005475639499933e-06,-13.409680473834632,-10.058170793109008
2019-06-25,3.70197328425529e-05,Fold3_2019,9.715444883590826e-05,-9.239208589716249,-10.204059467415657
2019-06-26,5.48338237216536e-05,Fold3_2019,9.955367299265028e-07,-13.819983818164484,-9.811203333214907
2019-06-27,4.614535910846441e-05,Fold3_2019,1.2527879118863515e-05,-11.28755406763981,-9.983714163102036
2019-06-28,4.015138782582348e-05,Fold3_2019,2.6348121791079835e-05,-10.5441135647933,-10.122853552145894
2019-07-01,3.769456781004952e-05,Fold3_2019,8.167648163143994e-05,-9.412744460066962,-10.18599456381137
2019-07-02,4.54360823023604e-05,Fold3_2019,6.7632967344747835e-06,-11.904000104173306,-9.999204004205763
2019-07-03,3.877390129019415e-05,Fold3_2019,6.341631767057064e-05,-9.665789353129322,-10.15776318482359
2019-07-05,4.2964207224545294e-05,Fold3_2019,1.2959678260910047e-06,-13.556252785889415,-10.055143179026594
2019-07-08,3.711339552605974e-05,Fold3_2019,3.0360515913260986e-05,-10.402367612390814,-10.201532588126861
2019-07-09,3.990097611606094e-05,Fold3_2019,1.5516645104318777e-06,-13.376182325529317,-10.12910977030602
2019-07-10,3.395073814084766e-05,Fold3_2019,2.2721277565952544e-05,-10.692208734796422,-10.290599962197465
2019-07-11,3.227899034241301e-05,Fold3_2019,5.482664075855535e-06,-12.113919429905545,-10.341093993167775
2019-07-12,2.841438915003911e-05,Fold3_2019,1.9951580281805004e-05,-10.822202205644965,-10.468614880893417
2019-07-15,2.752288990801865e-05,Fold3_2019,1.1080235107270363e-07,-16.015517843790626,-10.500492539219882
2019-07-16,2.435346112159417e-05,Fold3_2019,1.0438003110447657e-05,-11.47005726675041,-10.622836578019466
2019-07-17,2.5249580687258093e-05,Fold3_2019,4.662696094094885e-05,-9.973331623169974,-10.586701008826019
2019-07-18,3.441280249768275e-05,Fold3_2019,1.3356091691326397e-05,-11.223537970727754,-10.27708189719106
2019-07-19,3.1172092901376424e-05,Fold3_2019,3.103012478012947e-05,-10.380552058238159,-10.375987321704569
2019-07-22,3.5408844354256e-05,Fold3_2019,6.020547108646239e-06,-12.020332420938125,-10.248548928513783
2019-07-23,3.0916011591888196e-05,Fold3_2019,5.0754707257305044e-05,-9.888506190505225,-10.384236333771854
2019-07-24,3.4649233010425556e-05,Fold3_2019,2.1984758770786238e-05,-10.725161127837174,-10.270234967914606
2019-07-25,3.2684701346615706e-05,Fold3_2019,2.2931539435223e-05,-10.682997327053933,-10.328603438263777
2019-07-26,3.4703964099512216e-05,Fold3_2019,4.459275080783247e-05,-10.017939250089954,-10.268656638357232
2019-07-29,3.649640763578141e-05,Fold3_2019,3.322500766503098e-06,-12.61479281565833,-10.218296723156982
2019-07-30,3.2730710244535466e-05,Fold3_2019,6.041591597771606e-06,-12.016843071165262,-10.32719676957861
2019-07-31,3.0568443244719285e-05,Fold3_2019,0.00012100935713922201,-9.01964268362837,-10.39554234763956
2019-08-01,5.460456687472861e-05,Fold3_2019,7.649384040474024e-05,-9.478300337958594,-9.815393036316948
2019-08-02,6.374683927110302e-05,Fold3_2019,5.7125182401960567e-05,-9.77026551572287,-9.660590955216
2019-08-05,6.650623356844816e-05,Fold3_2019,0.0009323495285623934,-6.9778027829387534,-9.618214876824185
2019-08-06,0.00025694040534095155,Fold3_2019,0.00019391373489042262,-8.548097163307258,-8.266666385791604
2019-08-07,0.00023564230636413338,Fold3_2019,3.487669317424083e-07,-14.868861955190319,-8.35319555369898
2019-08-08,0.00018375817859890648,Fold3_2019,0.00037753784987204736,-7.881839729739635,-8.601889911480038
2019-08-09,0.00021526107280330962,Fold3_2019,4.672236918408964e-05,-9.971287510454134,-8.443658974384572
2019-08-12,0.0001807164131936209,Fold3_2019,0.00015001107302420685,-8.804801446431213,-8.618581533314341
2019-08-13,0.00017744529108870021,Fold3_2019,0.00023815171853674237,-8.342602614548849,-8.6368482157767
2019-08-14,0.00018302035054866152,Fold3_2019,0.0009008019927439856,-7.012225088387705,-8.605913206121748
2019-08-15,0.00034201644208185924,Fold3_2019,6.9608353029039195e-06,-11.875211076034098,-7.980651745794549
2019-08-16,0.0002660586307795148,Fold3_2019,0.0002145259695966303,-8.447079756544069,-8.231793857006373
2019-08-19,0.00024683140293337653,Fold3_2019,0.00014342432629902056,-8.849703004722716,-8.306805033616651
2019-08-20,0.00021825575762515794,Fold3_2019,5.916425558740671e-05,-9.735192989182622,-8.429842982721247
2019-08-21,0.0001860544367055894,Fold3_2019,6.56510667070074e-05,-9.631156708954366,-8.58947125661056
2019-08-22,0.00015678957035927224,Fold3_2019,9.476504750077992e-08,-16.171865192920134,-8.760605967826091
2019-08-23,0.00012363318885486016,Fold3_2019,0.0006772151497323871,-7.297521536820871,-8.99819153074205
2019-08-26,0.00024749890424366353,Fold3_2019,0.00012094879165709354,-9.020143311391433,-8.30410440326366
2019-08-27,0.00021496747585549288,Fold3_2019,1.5455159128683175e-05,-11.077567686174179,-8.445023816370572
2019-08-28,0.0001736825648644301,Fold3_2019,4.923525365262662e-05,-9.918900653401542,-8.65828126474401
2019-08-29,0.00014473103733896622,Fold3_2019,0.00016109266650592613,-8.73353079019596,-8.840633452932403
2019-08-30,0.00014322266083031685,Fold3_2019,1.9729790784216847e-07,-15.438551027916443,-8.851110069935544
2019-09-03,0.00011383927056665382,Fold3_2019,3.439121102133627e-05,-10.277709519794769,-9.080723011734356
2019-09-04,0.00010008737907151004,Fold3_2019,0.00012738050238300365,-8.968331869058007,-9.209466962793952
2019-09-05,0.00010239646459334546,Fold3_2019,0.00016316763912420026,-8.720732424776411,-9.186658371410495
2019-09-06,0.00011085379384126275,Fold3_2019,5.952047491005143e-07,-14.334360374459841,-9.1072983974875
2019-09-09,8.862638817368799e-05,Fold3_2019,2.53118369605265e-07,-15.189408593580719,-9.331080909779782
2019-09-10,7.136559975365214e-05,Fold3_2019,5.4833031496688955e-08,-16.7189730600439,-9.547694600887139
2019-09-11,5.815068968536763e-05,Fold3_2019,5.020779462996723e-05,-9.899340271806674,-9.752472818616493
2019-09-12,5.5690139540875596e-05,Fold3_2019,1.195586706024172e-05,-11.334288432687561,-9.795707454693801
2019-09-13,4.717285019844669e-05,Fold3_2019,4.411734257730981e-07,-14.633827783083019,-9.961692038528184
2019-09-16,3.9727205036306206e-05,Fold3_2019,9.57025218737852e-06,-11.556851000978432,-10.133474339560111
2019-09-17,3.687023353925473e-05,Fold3_2019,6.394620199565629e-06,-11.960053514913614,-10.208106011611491
2019-09-18,3.187436597186554e-05,Fold3_2019,3.578316004650285e-07,-14.843203350976172,-10.353708445762242
2019-09-19,2.7481831230812636e-05,Fold3_2019,4.4235967668043e-09,-19.23631272362455,-10.501985454154523
2019-09-20,2.4285643492858807e-05,Fold3_2019,2.2432174940788402e-05,-10.7050142484269,-10.625625184973506
2019-09-23,2.842689222776542e-05,Fold3_2019,5.5143238932672646e-08,-16.713331692911357,-10.468174951404675
2019-09-24,2.5164935140191562e-05,Fold3_2019,6.205406012628993e-05,-9.68750461531507,-10.590058995120891
2019-09-25,3.8376726747599274e-05,Fold3_2019,3.477799272824953e-05,-10.266525764094949,-10.168059356389122
2019-09-26,3.777664190238612e-05,Fold3_2019,4.348542070204163e-06,-12.345669925316002,-10.183819585432095
2019-09-27,3.393688346500746e-05,Fold3_2019,2.9179629956085387e-05,-10.442039696372753,-10.291008127212082
2019-09-30,3.729819083145861e-05,Fold3_2019,2.140989978870893e-05,-10.751657135957059,-10.196565735668875
2019-10-01,3.4656083263098336e-05,Fold3_2019,0.0001431920472158265,-8.85132384118225,-10.270037284589186
2019-10-02,6.38092338293067e-05,Fold3_2019,0.0003176268703842914,-8.054633227685507,-9.659612647219156
2019-10-03,0.00012574936765982506,Fold3_2019,6.657908411892062e-05,-9.61712008201113,-8.981219777547167
2019-10-04,0.00011019446826105601,Fold3_2019,0.00018065687123412278,-8.618911064923914,-9.113263859773479
2019-10-07,0.00012066341211459979,Fold3_2019,1.8696471047886652e-05,-10.88717576592922,-9.022505606596317
2019-10-08,0.00010083762139627246,Fold3_2019,0.0002448145414281561,-8.315009607831481,-9.201999043821678
2019-10-09,0.00013791123229965144,Fold3_2019,8.93360022622602e-05,-9.323105990497732,-8.888900323982808
2019-10-10,0.00012381735173145854,Fold3_2019,4.543221807265878e-05,-9.99928905542138,-8.996703048153455
2019-10-11,0.00010479048641504558,Fold3_2019,0.00010637839065060283,-9.148508097072463,-9.163547568680338
2019-10-14,0.00010184585241922083,Fold3_2019,1.2425382685250364e-06,-13.59835427983219,-9.192050138563244
2019-10-15,8.168087802016245e-05,Fold3_2019,9.706270708695859e-05,-9.240153323515251,-9.412690634653366
2019-10-16,8.241426564812354e-05,Fold3_2019,2.583885381656868e-06,-12.866216329971653,-9.403752009235946
2019-10-17,6.734852480534048e-05,Fold3_2019,8.671902045732508e-06,-11.655422408795204,-9.605629558757725
2019-10-18,5.539587769306622e-05,Fold3_2019,1.924498267622295e-05,-10.85826017139925,-9.80100537685204
2019-10-21,5.1296019602453725e-05,Fold3_2019,4.564769380527381e-05,-9.994557471251479,-9.8778973993933
2019-10-22,4.9568626979462154e-05,Fold3_2019,1.0708164840802364e-05,-11.444504038251855,-9.912152444934284
2019-10-23,4.463938556336375e-05,Fold3_2019,8.440422002385524e-06,-11.682478250323737,-10.016894004247511
2019-10-24,3.8069939217175405e-05,Fold3_2019,2.6668127186475014e-06,-12.83462653695953,-10.17608558417804
2019-10-25,3.2293492251708285e-05,Fold3_2019,1.6699377596798285e-05,-11.000139108888893,-10.340644826310422
2019-10-28,2.995637763761471e-05,Fold3_2019,3.1591306162202886e-05,-10.362628596673533,-10.415768313246723
2019-10-29,3.078420352903362e-05,Fold3_2019,8.801795245597812e-08,-16.245725038092864,-10.38850887198277
2019-10-30,2.696047355793969e-05,Fold3_2019,9.379388115128995e-06,-11.57699603000258,-10.521138706868957
2019-10-31,2.4729729447438816e-05,Fold3_2019,7.113428026329294e-06,-11.853526288804836,-10.60750441674802
2019-11-01,2.4776049174041512e-05,Fold3_2019,8.503347101219543e-05,-9.372465602369557,-10.605633130550366
2019-11-04,3.685093385807864e-05,Fold3_2019,1.607531597570514e-05,-11.038225631691308,-10.208629597504075
2019-11-05,3.3318802545328494e-05,Fold3_2019,1.223565086752898e-06,-13.613741758296015,-10.30938867932677
2019-11-06,2.946767298499363e-05,Fold3_2019,5.182166260240428e-08,-16.77545757814334,-10.432216726497476
2019-11-07,2.5774674597669373e-05,Fold3_2019,1.2325054629753676e-05,-11.303876405610968,-10.56611815286764
2019-11-08,2.4291844455032703e-05,Fold3_2019,6.065934788427294e-06,-12.012821899097363,-10.625369883084934
2019-11-11,2.2220562519700116e-05,Fold3_2019,3.6543652739908594e-06,-12.519588139489938,-10.714492458155135
2019-11-12,2.1832912059228828e-05,Fold3_2019,4.435014774647898e-06,-12.32597961083333,-10.73209199917448
2019-11-13,2.011770160894771e-05,Fold3_2019,1.045647962025178e-07,-16.073458898344683,-10.813910453405681
2019-11-14,1.8551335014303946e-05,Fold3_2019,2.1165149161619373e-06,-13.065739729449701,-10.894968803074343
2019-11-15,1.731753267167043e-05,Fold3_2019,5.198933736324644e-05,-9.864471911115416,-10.963791120424005
2019-11-18,2.4950018655769553e-05,Fold3_2019,5.439560130160826e-07,-14.424397451786007,-10.598635988040792
2019-11-19,2.2164396400242932e-05,Fold3_2019,8.322837428702327e-08,-16.30167751015554,-10.717023322249814
2019-11-20,2.0342206870989905e-05,Fold3_2019,1.388097891462806e-05,-11.184991078382033,-10.802812674164075
2019-11-21,2.328162693066064e-05,Fold3_2019,2.592907611823446e-06,-12.862730681883058,-10.667846052205247
2019-11-22,2.223545732872954e-05,Fold3_2019,4.934915070785797e-06,-12.21917509479413,-10.713822366246884
2019-11-25,2.044346329762918e-05,Fold3_2019,5.960349844251039e-05,-9.727796286915833,-10.79784736971994
2019-11-26,2.8665793850566294e-05,Fold3_2019,5.120610079030793e-06,-12.182236969950676,-10.459805997915666
2019-11-27,2.536835550430464e-05,Fold3_2019,1.978290778189744e-05,-10.830692236411394,-10.582008006938663
2019-11-29,2.5124375615719296e-05,Fold3_2019,1.3804392049474863e-05,-11.190523751981804,-10.591672043009478
2019-12-02,2.6875155039543774e-05,Fold3_2019,7.27782465474062e-05,-9.528093458576587,-10.524308302619831
2019-12-03,4.261314995022178e-05,Fold3_2019,4.528567198677562e-05,-10.002519867188708,-10.063347668044631
2019-12-04,4.80230557871291e-05,Fold3_2019,3.7837980275406804e-05,-10.182197190590768,-9.94382933347886
2019-12-05,4.55441869068379e-05,Fold3_2019,3.2279098954756688e-06,-12.643675721367575,-9.996827562449905
2019-12-06,3.798258344553084e-05,Fold3_2019,8.267388005112137e-05,-9.4006068455913,-10.178382833684129
2019-12-09,4.6275900596921874e-05,Fold3_2019,9.917475940305513e-06,-11.521212110544683,-9.98088923784813
2019-12-10,4.1875488214376154e-05,Fold3_2019,1.2448568293509877e-06,-13.59649003116544,-10.080809909036233
2019-12-11,3.592541989810873e-05,Fold3_2019,8.03556730791066e-06,-11.731632956673451,-10.23406543788075
2019-12-12,3.132537060362012e-05,Fold3_2019,7.365524083298863e-05,-9.516115258958795,-10.371082226330495
2019-12-13,3.945578216327251e-05,Fold3_2019,3.58501973775666e-07,-14.841331671271499,-10.140329952001421
2019-12-16,3.325502889135115e-05,Fold3_2019,4.68765515859302e-05,-9.967992973721664,-10.311304557446094
2019-12-17,3.5904122613505e-05,Fold3_2019,4.790183195708684e-08,-16.854112087810215,-10.234658433032413
2019-12-18,3.0642919592548366e-05,Fold3_2019,3.9960155762927355e-09,-19.337968078196546,-10.393108930668332
2019-12-19,2.668668811188748e-05,Fold3_2019,1.6728200224778096e-05,-10.998414626470424,-10.531345689475193
2019-12-20,2.5618466094887317e-05,Fold3_2019,1.9137229241933982e-05,-10.86387494511797,-10.572197134681987
2019-12-23,2.519181504931714e-05,Fold3_2019,2.3310281859625867e-06,-12.969201106193717,-10.588991415835993
2019-12-24,2.242294045429086e-05,Fold3_2019,9.532960882486357e-10,-20.771095569816605,-10.705425995740297
2019-12-26,2.0396326602618305e-05,Fold3_2019,2.819058942013884e-05,-10.476522344218996,-10.800155741827485
2019-12-27,2.2765611705965076e-05,Fold3_2019,6.15029299926101e-08,-16.604181021112527,-10.690259419081029
2019-12-30,2.077897265545716e-05,Fold3_2019,3.056386928740067e-05,-10.395691988873066,-10.781569012617503
2019-12-31,2.7873593210523406e-05,Fold3_2019,5.887412119331527e-06,-12.042694025385961,-10.487830797241447
2020-01-02,2.4856120901342842e-05,Fold4_2020_COVID,8.664829089358633e-05,-9.35365326624893,-10.602406521814595
2020-01-03,3.694847792430365e-05,Fold4_2020_COVID,5.7779151222715526e-05,-9.758882552845167,-10.205986104265504
2020-01-06,4.6756352055382084e-05,Fold4_2020_COVID,1.4499739128988108e-05,-11.141379899803855,-9.97056043861706
2020-01-07,4.044661806197166e-05,Fold4_2020_COVID,7.928020687808076e-06,-11.745107151478832,-10.115527525817363
2020-01-08,3.690593688146432e-05,Fold4_2020_COVID,2.825277329005519e-05,-10.474318935630665,-10.207138128762782
2020-01-09,3.531573314367874e-05,Fold4_2020_COVID,4.566903547003485e-05,-9.994090050542942,-10.251181995197717
2020-01-10,3.7190603448358714e-05,Fold4_2020_COVID,8.304519878046322e-06,-11.698710627762644,-10.199454424067012
2020-01-13,3.455369063731877e-05,Fold4_2020_COVID,4.6973535772943927e-05,-9.965926183497674,-10.272996193272578
2020-01-14,3.683744787809179e-05,Fold4_2020_COVID,2.327771592137588e-06,-12.970599146251471,-10.208995624815834
2020-01-15,3.2496245093919507e-05,Fold4_2020_COVID,5.094304726185178e-06,-12.187387362586614,-10.334386010875038
2020-01-16,2.8286023977973456e-05,Fold4_2020_COVID,6.862957333400912e-05,-9.586787017965152,-10.473142727668755
2020-01-17,3.604273019448851e-05,Fold4_2020_COVID,9.657810822679676e-06,-11.547743558333707,-10.230805373529314
2020-01-21,3.159335312822898e-05,Fold4_2020_COVID,3.843102047955407e-06,-12.46923069249124,-10.362563803540205
2020-01-22,2.9016833734731117e-05,Fold4_2020_COVID,1.4579813211033129e-08,-18.043627921762564,-10.447634422776021
2020-01-23,2.5420245788050778e-05,Fold4_2020_COVID,1.3141617491830552e-06,-13.542311548686886,-10.579964623168248
2020-01-24,2.2531278058219646e-05,Fold4_2020_COVID,7.979426540118709e-05,-9.43605891823123,-10.70060607817743
2020-01-27,4.079866869302177e-05,Fold4_2020_COVID,0.0002611350905890675,-8.250472696080427,-10.106861107159526
2020-01-28,9.621362492849129e-05,Fold4_2020_COVID,0.00010867756355586089,-9.127125192171771,-9.248939579048077
2020-01-29,9.538451541291326e-05,Fold4_2020_COVID,6.827302322603796e-07,-14.197166030127265,-9.257594304917703
2020-01-30,7.60704438901663e-05,Fold4_2020_COVID,1.0496738208047961e-05,-11.4644459959141,-9.483850753686612
2020-01-31,6.207027967384515e-05,Fold4_2020_COVID,0.000335794470955159,-7.999011278747755,-9.687243271767565
2020-02-03,0.00012899866098951677,Fold4_2020_COVID,5.477979931194643e-05,-9.812189057663865,-8.955708533582701
2020-02-04,0.00010984418963299041,Fold4_2020_COVID,0.0002288004021340032,-8.38266054088149,-9.116447654178542
2020-02-05,0.0001294239878657566,Fold4_2020_COVID,0.00013183270660148538,-8.933976813407009,-8.952416815444426
2020-02-06,0.0001249854825603333,Fold4_2020_COVID,1.128369419074418e-05,-11.392151866331064,-8.987312966924023
2020-02-07,9.914802707161494e-05,Fold4_2020_COVID,2.8556133635155248e-05,-10.463638806577507,-9.21889660161687
2020-02-10,8.679340441124232e-05,Fold4_2020_COVID,5.5317022943095265e-05,-9.802429867816542,-9.351979925230651
2020-02-11,7.798466313433517e-05,Fold4_2020_COVID,2.998620628084851e-06,-12.717358165670674,-9.458998377091087
2020-02-12,6.248354305632809e-05,Fold4_2020_COVID,4.124135190284392e-05,-10.096069118003541,-9.680607346993122
2020-02-13,5.695623458284877e-05,Fold4_2020_COVID,1.1390210170391119e-06,-13.68534142148412,-9.77322739938611
2020-02-14,4.724373931114537e-05,Fold4_2020_COVID,2.56238081321554e-06,-12.874573726497347,-9.960190414155022
2020-02-18,3.906778430808805e-05,Fold4_2020_COVID,6.65882794030607e-06,-11.919567073838172,-10.150212361329881
2020-02-19,3.5482981485835405e-05,Fold4_2020_COVID,2.2751385921791085e-05,-10.690884494783672,-10.246457371194513
2020-02-20,3.324536995928593e-05,Fold4_2020_COVID,1.694734804004494e-05,-10.985399194193073,-10.311595049903286
2020-02-21,3.395108569515028e-05,Fold4_2020_COVID,0.00010715623080406023,-9.14122268744081,-10.2905897252323
2020-02-24,5.610680418038147e-05,Fold4_2020_COVID,0.0011375712802251864,-6.7788597451682415,-9.788253466152437
2020-02-25,0.00030643938875387245,Fold4_2020_COVID,0.0009468441833974442,-6.9623760153830165,-8.090490574985857
2020-02-26,0.00045942578750947984,Fold4_2020_COVID,1.3578984519663574e-05,-11.206987216268622,-7.685533136264476
2020-02-27,0.00035178382844061146,Fold4_2020_COVID,0.0021115289796898055,-6.160342958991205,-7.9524936947656695
2020-02-28,0.0007622990559211808,Fold4_2020_COVID,1.7727371828250957e-05,-10.940400681902931,-7.179171617431812
2020-03-02,0.0005789357554503325,Fold4_2020_COVID,0.0017973379772715176,-6.321448610250079,-7.454319044318995
2020-03-03,0.0008260419511170826,Fold4_2020_COVID,0.0008439308322826381,-7.0774400189983435,-7.098864997455637
2020-03-04,0.0008260602870442889,Fold4_2020_COVID,0.0016952906529174158,-6.37990107620272,-7.098842800370271
2020-03-05,0.000991000942870199,Fold4_2020_COVID,0.0011429019052065852,-6.774184720068861,-6.916795072201642
2020-03-06,0.0010206428769791494,Fold4_2020_COVID,0.0002778606931483571,-8.188390673650984,-6.887322578675467
2020-03-09,0.0008362923399430398,Fold4_2020_COVID,0.0036087934734205444,-5.62438178038964,-7.086532317079414
2020-03-10,0.001485086999588036,Fold4_2020_COVID,0.002545257265119155,-5.973523547597719,-6.512281922862373
2020-03-11,0.0016814165856448226,Fold4_2020_COVID,0.0024977023283624133,-5.992384038365567,-6.388118635124252
2020-03-12,0.0018621119247031353,Fold4_2020_COVID,0.0036087934734205444,-5.62438178038964,-6.2860439919965545
2020-03-13,0.002264375516615657,Fold4_2020_COVID,0.003944062616333454,-5.535543966015481,-6.090456268165621
2020-03-16,0.002591514680964867,Fold4_2020_COVID,0.0036087934734205444,-5.62438178038964,-5.95551275530527
2020-03-17,0.0028121250883109817,Fold4_2020_COVID,0.0027651941236872357,-5.8906444389904475,-5.8738148222709645
2020-03-18,0.0027252635876088634,Fold4_2020_COVID,0.0026998090703268846,-5.914574223166002,-5.905190126147168
2020-03-19,0.0026921282583948648,Fold4_2020_COVID,4.506186773652359e-06,-12.31005926682382,-5.91742322405717
2020-03-20,0.0020023812071628794,Fold4_2020_COVID,0.0019404511917605596,-6.2448347598753715,-6.213418203047123
2020-03-23,0.0019706827168394776,Fold4_2020_COVID,0.0006708404361310585,-7.3069792493742645,-6.229375239497859
2020-03-24,0.0016373172423786344,Fold4_2020_COVID,0.003944062616333454,-5.535543966015481,-6.414696204391175
2020-03-25,0.002128279244096357,Fold4_2020_COVID,0.00022080092333942225,-8.418249061779216,-6.152441492382328
2020-03-26,0.0016318878506226741,Fold4_2020_COVID,0.003220417029340142,-5.738244415594368,-6.418017743782683
2020-03-27,0.0019548122373467445,Fold4_2020_COVID,0.0009143619038987181,-6.997284108754552,-6.237461132435043
2020-03-30,0.0016882278014709513,Fold4_2020_COVID,0.0010214114761778717,-6.88656980808067,-6.384075938435721
2020-03-31,0.0014871466081070091,Fold4_2020_COVID,0.000225526159294825,-8.39707440000767,-6.510896023151596
2020-04-01,0.001169374034775049,Fold4_2020_COVID,0.002120514955181306,-6.156096316407059,-6.7512866863557806
2020-04-02,0.0013969867870450205,Fold4_2020_COVID,0.0005204382196176557,-7.560839371252428,-6.573437656844367
2020-04-03,0.001156780855561885,Fold4_2020_COVID,0.00021198026624447017,-8.459017371377323,-6.7621142561764165
2020-04-06,0.000920795927554315,Fold4_2020_COVID,0.003944062616333454,-5.535543966015481,-6.99027212329193
2020-04-07,0.0015917886530570032,Fold4_2020_COVID,1.0386775676145787e-06,-13.777562223542969,-6.442896955990213
2020-04-08,0.001193352070452073,Fold4_2020_COVID,0.0010901176434957318,-6.82146965875249,-6.730989065864755
2020-04-09,0.0011361987639793617,Fold4_2020_COVID,0.00022810395437159652,-8.385709092692695,-6.780067005696652
2020-04-13,0.0008992557650658194,Fold4_2020_COVID,8.413294922250117e-05,-9.383112281476922,-7.013943064437927
2020-04-14,0.000698048755656087,Fold4_2020_COVID,0.0008448439316630566,-7.076358643922292,-7.267221607131182
2020-04-15,0.000710715347939353,Fold4_2020_COVID,0.00046125630887646586,-7.681556684922121,-7.2492385628399765
2020-04-16,0.0006520412988368037,Fold4_2020_COVID,2.3164365850987895e-05,-10.672895414778472,-7.3354026562693875
2020-04-17,0.0004929126847515185,Fold4_2020_COVID,0.0007106125091961575,-7.249383270822528,-7.615178509644907
2020-04-20,0.0005270988204880406,Fold4_2020_COVID,0.0003159714875055682,-8.05985857786104,-7.5481225118441095
2020-04-21,0.0004791314604833957,Fold4_2020_COVID,0.0009507233211572562,-6.958287472388686,-7.643535550433991
2020-04-22,0.0005973483967754058,Fold4_2020_COVID,0.00048189347384473504,-7.637787476960559,-7.423010035599503
2020-04-23,0.000553292989376785,Fold4_2020_COVID,5.1792051256803925e-09,-19.078614243090623,-7.49962287870476
2020-04-24,0.0004179340626931298,Fold4_2020_COVID,0.0001916173570179848,-8.560010106666306,-7.780186882635808
2020-04-27,0.00035461494764341497,Fold4_2020_COVID,0.00020492928641626564,-8.492845582643739,-7.944478011677873
2020-04-28,0.000310044221620905,Fold4_2020_COVID,2.1241041383978854e-05,-10.759575333414901,-8.078795620268666
2020-04-29,0.00024173634457064986,Fold4_2020_COVID,0.0006677829547155906,-7.311547355315382,-8.327662910973304
2020-04-30,0.00032902050726085335,Fold4_2020_COVID,8.750759459144714e-05,-9.343784973036378,-8.01939047704161
2020-05-01,0.00027451566570483975,Fold4_2020_COVID,0.0007198330226607794,-7.236491285821284,-8.200502228680131
2020-05-04,0.0003871386935597715,Fold4_2020_COVID,7.5856577073048676e-06,-11.78925123734689,-7.856727547846329
2020-05-05,0.0002950435661959105,Fold4_2020_COVID,8.458363193928272e-05,-9.377769785965976,-8.128387530508334
2020-05-06,0.00024053878433474846,Fold4_2020_COVID,4.6261051262445375e-05,-9.981210176333905,-8.33262921599518
2020-05-07,0.00019754196396325915,Fold4_2020_COVID,0.00014386959074775733,-8.846603288516881,-8.529559520429538
2020-05-08,0.0001795742090308487,Fold4_2020_COVID,0.00026931201286329925,-8.219639951405638,-8.624922014686094
2020-05-11,0.00019312029433958368,Fold4_2020_COVID,4.202558320528053e-08,-16.984987280168475,-8.552197276488295
2020-05-12,0.000148359632326811,Fold4_2020_COVID,0.0004053280870723857,-7.810813727268029,-8.815871283596083
2020-05-13,0.00021652950586123382,Fold4_2020_COVID,0.00031841601159408525,-8.052151817588562,-8.437783734074605
2020-05-14,0.000246711086770021,Fold4_2020_COVID,0.00014151847938863207,-8.863080253021854,-8.30729259514681
2020-05-15,0.00021643474409462668,Fold4_2020_COVID,2.1038180152403884e-05,-10.769171668493254,-8.43822146891359
2020-05-18,0.00016930982663053074,Fold4_2020_COVID,0.0009002779000504492,-7.012807064468195,-8.683780227801206
2020-05-19,0.00032303713513325005,Fold4_2020_COVID,0.00010658470458654177,-9.146570540706152,-8.037743271897313
2020-05-20,0.00027589132326685014,Fold4_2020_COVID,0.00028376374756099035,-8.167368540788152,-8.195503526069013
2020-05-21,0.00026894548745282857,Fold4_2020_COVID,4.799539665825175e-05,-9.944405454608454,-8.221001847772737
2020-05-22,0.00022030982465644024,Fold4_2020_COVID,3.599165689848313e-06,-12.534808492180957,-8.42047570843481
2020-05-26,0.0001696665751675794,Fold4_2020_COVID,0.000149953436577735,-8.805185734874254,-8.681675369369358
2020-05-27,0.00016017285301588808,Fold4_2020_COVID,0.00021812868598221848,-8.430425366664545,-8.739256994519108
2020-05-28,0.0001674021071245648,Fold4_2020_COVID,3.4105015709240615e-06,-12.588651189237739,-8.695111812625127
2020-05-29,0.0001312891996040072,Fold4_2020_COVID,1.9767496580307858e-05,-10.831471555997027,-8.938108037434072
2020-06-01,0.00010484690558831617,Fold4_2020_COVID,1.6270614726249665e-05,-11.026149854641323,-9.163009313800389
2020-06-02,8.411968873338139e-05,Fold4_2020_COVID,6.79958510063938e-05,-9.59606386926149,-9.383269907405506
2020-06-03,7.858859168388304e-05,Fold4_2020_COVID,0.00017478611428069725,-8.651947535651633,-9.451284013034472
2020-06-04,9.665777726295591e-05,Fold4_2020_COVID,6.919459841021786e-06,-11.881172849037165,-9.244333887229116
2020-06-05,7.899723357416902e-05,Fold4_2020_COVID,0.0006404320481056046,-7.35336753420629,-9.446097724158893
2020-06-08,0.00019639492095103073,Fold4_2020_COVID,0.00014436229782583974,-8.843184460985805,-8.535383023116436
2020-06-09,0.0001793637356979208,Fold4_2020_COVID,5.6022193297147196e-05,-9.789762636861118,-8.626094770925114
2020-06-10,0.0001549761569739429,Fold4_2020_COVID,3.131092394018772e-05,-10.37154351363345,-8.772239278852018
2020-06-11,0.00013015166776397664,Fold4_2020_COVID,0.003525682547399207,-5.647681230994005,-8.946810112437712
2020-06-12,0.0009297959641324505,Fold4_2020_COVID,0.00014171962435293036,-8.861659928599005,-6.9805453892931935
2020-06-15,0.0007339939640352224,Fold4_2020_COVID,8.635048328812713e-05,-9.357096156535748,-7.217009752768826
2020-06-16,0.0005759291663951693,Fold4_2020_COVID,0.0003634608672557444,-7.919838922203445,-7.459525879838815
2020-06-17,0.0005151626421849089,Fold4_2020_COVID,1.7326523795318964e-05,-10.963272063202231,-7.571027897090256
2020-06-18,0.00040070622197170184,Fold4_2020_COVID,1.4814532527947706e-07,-15.725072117393779,-7.822282012687047
2020-06-19,0.00030769998619256114,Fold4_2020_COVID,3.2846987510852953e-05,-10.323650521626798,-8.086385320509333
2020-06-22,0.00024664029490050875,Fold4_2020_COVID,4.0889533652841326e-05,-10.104636428572267,-8.30757957871523
2020-06-23,0.00019646186740597231,Fold4_2020_COVID,2.1098239340268586e-05,-10.76632096455303,-8.535042204489528
2020-06-24,0.00015419424049672743,Fold4_2020_COVID,0.0006676975772752606,-7.311675215570025,-8.77729744839689
2020-06-25,0.00028340819193780183,Fold4_2020_COVID,0.00011371873673177479,-9.08178237982764,-8.168622325205202
2020-06-26,0.00024019560228889266,Fold4_2020_COVID,0.0005778370942628664,-7.456218572853206,-8.334056957025158
2020-06-29,0.0003257198466016703,Fold4_2020_COVID,0.00021287805318854073,-8.454791076448736,-8.029472912316976
2020-06-30,0.00029311761232999467,Fold4_2020_COVID,0.00016200591096129585,-8.727877735982133,-8.134936622219946
2020-07-01,0.000257631786498259,Fold4_2020_COVID,4.872692828114645e-05,-9.929278738573895,-8.263979176555209
2020-07-02,0.00020766492838080337,Fold4_2020_COVID,3.0162287448567655e-05,-10.408918173915113,-8.479584698437893
2020-07-06,0.00016586186308969347,Fold4_2020_COVID,0.00023468856058521937,-8.357251196877947,-8.704355266098881
2020-07-07,0.0001756633069412214,Fold4_2020_COVID,0.00010748393285769086,-9.138169183356005,-8.646941423845712
2020-07-08,0.00016559082311114559,Fold4_2020_COVID,5.805268089798515e-05,-9.75415966832026,-8.705990733544136
2020-07-09,0.00013918445299234813,Fold4_2020_COVID,3.25932833024586e-05,-10.331404324486378,-8.879710504574916
2020-07-10,0.00011897614102049478,Fold4_2020_COVID,0.00010320082322349035,-9.178833727976821,-9.036587580580774
2020-07-13,0.00011260120876550685,Fold4_2020_COVID,7.562986370376884e-05,-9.489659330243024,-9.09165810727628
2020-07-14,0.00010961697331112759,Fold4_2020_COVID,0.00016578834935332412,-8.704798587012395,-9.118518329463415
2020-07-15,0.00011822606719842243,Fold4_2020_COVID,8.363484242717556e-05,-9.389050349255696,-9.042911942632848
2020-07-16,0.00010809787327820874,Fold4_2020_COVID,1.0885076570308821e-05,-11.428117828823055,-9.132473507164732
2020-07-17,8.95078120124371e-05,Fold4_2020_COVID,8.381953072617405e-06,-11.689429607067211,-9.32118465143742
2020-07-20,7.20530156512408e-05,Fold4_2020_COVID,6.478758189788024e-05,-9.644396610349226,-9.538108381415585
2020-07-21,6.909859250238733e-05,Fold4_2020_COVID,4.517440890661528e-06,-12.307564899089918,-9.579976196393943
2020-07-22,5.590310558274082e-05,Fold4_2020_COVID,3.221531153746653e-05,-10.343068704848752,-9.791890623304525
2020-07-23,5.0487879004355996e-05,Fold4_2020_COVID,0.00014408912174460322,-8.845078548824327,-9.893777270208025
2020-07-24,7.879429428890853e-05,Fold4_2020_COVID,4.1744033345635374e-05,-10.083954030757567,-9.44866997122315
2020-07-27,7.529101659886835e-05,Fold4_2020_COVID,5.279160445636454e-05,-9.84915838640318,-9.494149731751266
2020-07-28,6.92856187754205e-05,Fold4_2020_COVID,4.048143574796707e-05,-10.114667065531851,-9.57727319458214
2020-07-29,6.769327640826632e-05,Fold4_2020_COVID,0.0001494221730626235,-8.808734882204051,-9.600523697479293
2020-07-30,8.262791422234103e-05,Fold4_2020_COVID,1.2776346515441916e-05,-11.267915025046017,-9.40116298994735
2020-07-31,7.065221293907657e-05,Fold4_2020_COVID,6.195677873842005e-05,-9.689073533140567,-9.55774112676127
2020-08-03,6.747524696044924e-05,Fold4_2020_COVID,4.799898409642958e-05,-9.944330711938075,-9.603749739038015
2020-08-04,6.236442813144042e-05,Fold4_2020_COVID,1.4860371619169871e-05,-11.116812510967849,-9.682515507132157
2020-08-05,5.248278435380093e-05,Fold4_2020_COVID,3.833914056780236e-05,-10.169039236669946,-9.855025359213714
2020-08-06,4.906528439760336e-05,Fold4_2020_COVID,4.4385514619513916e-05,-10.022597389064572,-9.922358811978922
2020-08-07,4.756567693547625e-05,Fold4_2020_COVID,5.152247537683441e-07,-14.478662616399877,-9.953399129609032
2020-08-10,3.933450006850547e-05,Fold4_2020_COVID,8.90680778651792e-06,-11.628694653794781,-10.143408559848035
2020-08-11,3.3885367580059054e-05,Fold4_2020_COVID,6.870651045853749e-05,-9.585666596726213,-10.292527271565504
2020-08-12,4.7689462220236766e-05,Fold4_2020_COVID,0.00019170988020727816,-8.559527369296744,-9.950800102290657
2020-08-13,7.576925564323729e-05,Fold4_2020_COVID,3.2737665450614073e-06,-12.62956938728116,-9.487817945967395
2020-08-14,6.257744550250067e-05,Fold4_2020_COVID,8.782264934807302e-10,-20.85311659032073,-9.679105640267444
2020-08-17,5.1060818754926605e-05,Fold4_2020_COVID,1.0059302833926597e-05,-11.507012696496618,-9.882493111126216
2020-08-18,4.3116945034632945e-05,Fold4_2020_COVID,4.657165436917245e-06,-12.277103570240866,-10.051594481864257
2020-08-19,3.627424291547452e-05,Fold4_2020_COVID,1.740856013603752e-05,-10.958548510876106,-10.224402630108592
2020-08-20,3.649342128143486e-05,Fold4_2020_COVID,9.665042522762256e-06,-11.546995045648655,-10.218378552485603
2020-08-21,3.188838245882452e-05,Fold4_2020_COVID,1.253916939664494e-05,-11.286653261265426,-10.353268800749136
2020-08-24,2.8789658719684324e-05,Fold4_2020_COVID,0.00010164260402046578,-9.194047779804432,-10.455494307537428
2020-08-25,4.3064824220749465e-05,Fold4_2020_COVID,1.2202726669720136e-05,-11.313851133678869,-10.052804037450974
2020-08-26,3.731168203049999e-05,Fold4_2020_COVID,9.952086103068799e-05,-9.215143277175141,-10.1962040891824
2020-08-27,4.9094352224637465e-05,Fold4_2020_COVID,4.771144241106974e-06,-12.25292439899966,-9.92176655575459
2020-08-28,4.0869505942605815e-05,Fold4_2020_COVID,4.145206287731706e-05,-10.090972909772928,-10.105126348970922
2020-08-31,4.069370570420934e-05,Fold4_2020_COVID,1.3168703530862605e-05,-11.237667488143368,-10.109437128477651
2020-09-01,3.876351979019973e-05,Fold4_2020_COVID,8.787485818825017e-05,-9.33959682162422,-10.158030965204
2020-09-02,4.788218805270115e-05,Fold4_2020_COVID,0.00020622386833108087,-8.4865482397773,-9.946766979640685
2020-09-03,7.860794962765868e-05,Fold4_2020_COVID,0.0012264380072337247,-6.703641239991799,-9.451037723342447
2020-09-04,0.00035387632825061764,Fold4_2020_COVID,6.721201878402182e-05,-9.60765847547439,-7.946563061093497
2020-09-08,0.0002905753399861093,Fold4_2020_COVID,0.0007674515770587523,-7.17243517227342,-8.143647669389212
2020-09-09,0.00041110547369520273,Fold4_2020_COVID,0.0003824000316783578,-7.869043293946137,-7.796660749395487
2020-09-10,0.00039374003501429215,Fold4_2020_COVID,0.00030682999042256986,-8.089216740893441,-7.839819676044892
2020-09-11,0.00037981664983216865,Fold4_2020_COVID,2.594821293261257e-07,-15.164578002507103,-7.875821922126299
2020-09-14,0.00029140852896883423,Fold4_2020_COVID,0.0001712180174892618,-8.672572857450401,-8.140784395692464
2020-09-15,0.0002575407366337566,Fold4_2020_COVID,2.5399501771672394e-05,-10.580780999420654,-8.264332649853422
2020-09-16,0.00020236876329509515,Fold4_2020_COVID,1.581313013140787e-05,-11.05466994206292,-8.505418964007275
2020-09-17,0.00016214737790108243,Fold4_2020_COVID,7.804598799363694e-05,-9.458212315352368,-8.7270048961645
2020-09-18,0.00014790804140328578,Fold4_2020_COVID,0.00013407338322258595,-8.91712327192178,-8.818919819182707
2020-09-21,0.0001510760967204031,Fold4_2020_COVID,0.0001252688299059135,-8.985048490728843,-8.797726896299658
2020-09-22,0.0001512343809010844,Fold4_2020_COVID,0.00010267795352981776,-9.183913132722692,-8.796679733155393
2020-09-23,0.00013684552805207453,Fold4_2020_COVID,0.0005505712071939998,-7.50455426013202,-8.896657800745716
2020-09-24,0.00024154643377296843,Fold4_2020_COVID,7.08560915560577e-06,-11.857444710309249,-8.32844883100177
2020-09-25,0.00018754547005290552,Fold4_2020_COVID,0.000257211610330936,-8.265611425364062,-8.581489235005037
2020-09-28,0.00019673344550139566,Fold4_2020_COVID,0.0002713499231197539,-8.212101340779927,-8.533660813970899
2020-09-29,0.00020673033305799215,Fold4_2020_COVID,2.9821125613153266e-05,-10.420293502420117,-8.484095352851133
2020-09-30,0.00016977994639061792,Fold4_2020_COVID,5.7058627492601e-05,-9.771431266225648,-8.681007392412436
2020-10-01,0.00014200273796664595,Fold4_2020_COVID,4.094976427252425e-05,-10.103164504152478,-8.859664219093645
2020-10-02,0.00011767943061316106,Fold4_2020_COVID,9.10108941105885e-05,-9.30453134311178,-9.047546320116167
2020-10-05,0.00011745932813402469,Fold4_2020_COVID,0.0003089802070991924,-8.082233337813289,-9.049418427841779
2020-10-06,0.00015413281475287825,Fold4_2020_COVID,0.0002049975296007632,-8.49251262962646,-8.777695893772448
2020-10-07,0.00017284694606502444,Fold4_2020_COVID,0.00029779464742236473,-8.119106411608719,-8.663104059875232
2020-10-08,0.0001941260635368545,Fold4_2020_COVID,7.785484278976855e-05,-9.460664454942483,-8.547002797891734
2020-10-09,0.00016470971827941676,Fold4_2020_COVID,7.904528423178602e-05,-9.445489651600132,-8.71132591657479
2020-10-12,0.0001425243850640485,Fold4_2020_COVID,0.00025470149714820875,-8.2754182979113,-8.855997449639002
2020-10-13,0.00016179787405203353,Fold4_2020_COVID,4.287188998877383e-05,-10.057294191814067,-8.729162692783229
2020-10-14,0.00013905186860438992,Fold4_2020_COVID,3.9729434131106015e-05,-10.133418231100864,-8.880663539011488
2020-10-15,0.00012087899337352317,Fold4_2020_COVID,1.5296646435725211e-06,-13.39046203379246,-9.020720567520208
2020-10-16,9.6215062829665e-05,Fold4_2020_COVID,3.649810381711911e-07,-14.823420434929293,-9.248924634278765
2020-10-19,7.67672953287801e-05,Fold4_2020_COVID,0.0002347054013117792,-8.357179441687492,-9.474731850580309
2020-10-20,0.0001209372690941068,Fold4_2020_COVID,1.5978573962566973e-05,-11.044261860496347,-9.02023858404137
2020-10-21,9.739871661775298e-05,Fold4_2020_COVID,3.5889554513329383e-06,-12.537649358432837,-9.236697523811701
2020-10-22,7.920209223595716e-05,Fold4_2020_COVID,2.9923262676596367e-05,-10.416874364125468,-9.44350784237215
2020-10-23,6.790889605843897e-05,Fold4_2020_COVID,1.1489800298341456e-05,-11.374050846729721,-9.597343514920652
2020-10-26,5.6044868223958454e-05,Fold4_2020_COVID,0.00034793002471359677,-7.963509176817978,-9.789357969748178
2020-10-27,0.0001309563092379833,Fold4_2020_COVID,1.192662148178229e-05,-11.336737557118326,-8.940646807659679
2020-10-28,0.00010756205464011722,Fold4_2020_COVID,0.0012094240930123196,-6.717610988864752,-9.137442624476465
2020-10-29,0.00036957367882654244,Fold4_2020_COVID,0.00010225964445424798,-9.187995445198498,-7.903160436028826
2020-10-30,0.00030405822571740463,Fold4_2020_COVID,0.0001098255503827897,-9.116617356662315,-8.09829134293281
2020-11-02,0.00026498279421232105,Fold4_2020_COVID,0.0001242354541875796,-8.993331968753477,-8.235845661586609
2020-11-03,0.00022896833961053912,Fold4_2020_COVID,0.00030632245517138657,-8.090872235773208,-8.381926818943946
2020-11-04,0.00023899058309084388,Fold4_2020_COVID,0.0004885432359044957,-7.6240825829169365,-8.339086408102554
2020-11-05,0.0002852779608410413,Fold4_2020_COVID,0.0003730725275127747,-7.8937377134882105,-8.162046551796186
2020-11-06,0.0002963964183763929,Fold4_2020_COVID,5.218398522014345e-08,-16.768490185678484,-8.123812748365713
2020-11-09,0.00023028584946195463,Fold4_2020_COVID,0.00015593121009971006,-8.76609560886588,-8.376189196959587
2020-11-10,0.00020876157757410428,Fold4_2020_COVID,2.1532234293696254e-06,-13.048544569132842,-8.474317734338403
2020-11-11,0.00016417428977848648,Fold4_2020_COVID,5.477573118694586e-05,-9.812263323654527,-8.714581951899419
2020-11-12,0.00013770717738970838,Fold4_2020_COVID,9.503332909939499e-05,-9.261282895265898,-8.89038103020599
2020-11-13,0.00013401346156310397,Fold4_2020_COVID,0.00018905493378882553,-8.573472930169272,-8.917570303632925
2020-11-16,0.00014177866067497072,Fold4_2020_COVID,0.00015388676284856578,-8.77929353219897,-8.86124344408385
2020-11-17,0.00014044835264978827,Fold4_2020_COVID,2.9081207764233967e-05,-10.445418373691187,-8.8706707335694
2020-11-18,0.00011956827574474607,Fold4_2020_COVID,0.0001466016917855972,-8.82779122843099,-9.031623004603885
2020-11-19,0.00013250127810424713,Fold4_2020_COVID,1.7651945546627972e-05,-10.944664551389062,-8.92891826651473
2020-11-20,0.00010681754554857899,Fold4_2020_COVID,4.721700211027753e-05,-9.960756516033529,-9.14438836076862
2020-11-23,9.842186202812249e-05,Fold4_2020_COVID,3.571947180725945e-05,-10.239814589096115,-9.226247603500749
2020-11-24,8.384884483352013e-05,Fold4_2020_COVID,0.0002555306570909394,-8.27216816690433,-9.386494846372898
2020-11-25,0.00011686389333577418,Fold4_2020_COVID,2.381213394433604e-06,-12.947900370605891,-9.054500605153233
2020-11-27,9.406119404948734e-05,Fold4_2020_COVID,7.735504986963939e-06,-11.769689790102092,-9.271564986976731
2020-11-30,7.58212976306405e-05,Fold4_2020_COVID,1.968436470755441e-05,-10.835685907010138,-9.487131333400532
2020-12-01,6.754249963958799e-05,Fold4_2020_COVID,0.00011832480469631605,-9.042077132743229,-9.60275353392581
2020-12-02,7.623786252382518e-05,Fold4_2020_COVID,4.416293424954771e-06,-12.330209805328527,-9.481652335162643
2020-12-03,6.172492542550464e-05,Fold4_2020_COVID,7.427522842220674e-08,-16.415488340244586,-9.692822730907036
2020-12-04,5.0608613612707385e-05,Fold4_2020_COVID,7.362687820104547e-05,-9.516500405947172,-9.891388766658105
2020-12-07,5.439439650017802e-05,Fold4_2020_COVID,4.230786151018017e-06,-12.373122730869806,-9.819249414919243
2020-12-08,4.669802498929336e-05,Fold4_2020_COVID,8.535920509744359e-06,-11.671227356362404,-9.971808685633553
2020-12-09,3.953698503659792e-05,Fold4_2020_COVID,8.116419684104857e-05,-9.41903633363577,-10.138273994100278
2020-12-10,5.514713247279717e-05,Fold4_2020_COVID,1.0697411257162271e-07,-16.05067897033933,-9.805505808670095
2020-12-11,4.5676462882584314e-05,Fold4_2020_COVID,1.3763418541633525e-06,-13.496081408783667,-9.993927428132428
2020-12-14,3.901981141133187e-05,Fold4_2020_COVID,2.013579563398512e-05,-10.813011449468366,-10.151441055909336
2020-12-15,3.938487799654277e-05,Fold4_2020_COVID,0.00018033081118057294,-8.620717553943377,-10.142128622527565
2020-12-16,6.685414341487021e-05,Fold4_2020_COVID,2.4583864331582506e-06,-12.916005344710996,-9.612997275561131
2020-12-17,5.439272622289706e-05,Fold4_2020_COVID,3.109776300829581e-05,-10.378374670359804,-9.819280122180162
2020-12-18,4.931392574645104e-05,Fold4_2020_COVID,1.6006845057376704e-05,-11.042494111125658,-9.91730404730058
2020-12-21,4.623616757984627e-05,Fold4_2020_COVID,1.2830387811488146e-05,-11.263694152865405,-9.981748218093665
2020-12-22,4.298901077506371e-05,Fold4_2020_COVID,2.8454479832692468e-06,-12.769790039418503,-10.054566038303205
2020-12-23,3.752292046100294e-05,Fold4_2020_COVID,8.074532911155482e-07,-14.029380627342372,-10.190558599408654
2020-12-24,3.1768580542094044e-05,Fold4_2020_COVID,1.5073250476257692e-05,-11.102588876728825,-10.357032789872243
2020-12-28,2.9145204125467898e-05,Fold4_2020_COVID,7.317353268736693e-05,-9.522676777690316,-10.443220182701001
2020-12-29,3.771036391020633e-05,Fold4_2020_COVID,3.646579776670921e-06,-12.521720877160742,-10.185575596509695
2020-12-30,3.373627016367191e-05,Fold4_2020_COVID,2.0327220212208128e-06,-13.106134765957217,-10.296937033380635
2020-12-31,2.8899675126860157e-05,Fold4_2020_COVID,2.5686331060370803e-05,-10.569551572908871,-10.451680204194187
2021-01-04,2.871273922290771e-05,Fold5_2021,0.00018789430994248715,-8.579630934374386,-10.458169658319587
2021-01-05,7.159661799402586e-05,Fold5_2021,4.711228958824485e-05,-9.962976665536582,-9.544462719833579
2021-01-06,6.548955857839636e-05,Fold5_2021,3.552716034582028e-05,-10.245213073843587,-9.633619839047205
2021-01-07,5.867012643914852e-05,Fold5_2021,0.000217508480764163,-8.433272716176564,-9.743579879938517
2021-01-08,8.904859162757236e-05,Fold5_2021,3.2279384602966025e-05,-10.341081779088553,-9.326328363877844
2021-01-11,7.615447899264855e-05,Fold5_2021,4.57461531833412e-05,-9.99240285320219,-9.482746662327227
2021-01-12,7.45375617261195e-05,Fold5_2021,4.4568359815956266e-08,-16.926241650845565,-9.504207375393715
2021-01-13,6.044466387438655e-05,Fold5_2021,7.231941167011738e-06,-11.837003069999891,-9.713782258176362
2021-01-14,5.0104671876747374e-05,Fold5_2021,1.2305156571430158e-05,-11.305492149990085,-9.90139630318818
2021-01-15,4.5856160715230555e-05,Fold5_2021,5.357492772713857e-05,-9.834429365609022,-9.990001001543806
2021-01-19,5.304796631548878e-05,Fold5_2021,6.11743772867871e-05,-9.701782127898019,-9.844314028879646
2021-01-20,5.3813578491990796e-05,Fold5_2021,0.00018889232970606878,-8.574333389331144,-9.829984734314145
2021-01-21,7.935489202297027e-05,Fold5_2021,8.302115635380078e-07,-14.001585272807265,-9.441580461689059
2021-01-22,6.402761448779871e-05,Fold5_2021,1.2571262547758372e-05,-11.284097099056899,-9.656196091291909
2021-01-25,5.668046404868029e-05,Fold5_2021,1.5490840739843093e-05,-11.075261628711237,-9.778080956007344
2021-01-26,4.846547823140611e-05,Fold5_2021,2.440289040727107e-06,-12.923394066360526,-9.934658802506103
2021-01-27,4.166862209102406e-05,Fold5_2021,0.000612267543218002,-7.39834120885855,-10.085762180246691
2021-01-28,0.00017698676968250145,Fold5_2021,7.3334381399058e-05,-9.520481008576812,-8.639435575740672
2021-01-29,0.00015175551550102473,Fold5_2021,0.00040895552375532965,-7.8019041517090155,-8.793239782714656
2021-02-01,0.0002175671602241263,Fold5_2021,0.0002725275317529587,-8.20777091500875,-8.433002972459422
2021-02-02,0.00022309344312042726,Fold5_2021,0.00019715472526367245,-8.53152173006749,-8.407919846825775
2021-02-03,0.00021184228512855446,Fold5_2021,6.179382330912946e-07,-14.296877330937916,-8.459668498224366
2021-02-04,0.0001661144903424648,Fold5_2021,0.00012772261341261392,-8.965649728280264,-8.702833306483843
2021-02-05,0.00015395768189793173,Fold5_2021,1.5432206231311366e-05,-11.079053918575637,-8.778832786183697
2021-02-08,0.00012346796079100252,Fold5_2021,5.1782067214080527e-05,-9.86846666141576,-8.999528862346695
2021-02-09,0.00010636892524526434,Fold5_2021,4.4366241008909357e-07,-14.628201901354629,-9.14859707967894
2021-02-10,8.540754332651871e-05,Fold5_2021,1.8971237193898072e-07,-15.477756743687262,-9.36807613172022
2021-02-11,6.899451044785671e-05,Fold5_2021,2.603092612792779e-06,-12.85881035333284,-9.581483615258692
2021-02-12,5.587809873230297e-05,Fold5_2021,2.4283081787062966e-05,-10.625730672847995,-9.792338048272045
2021-02-16,4.912233252056234e-05,Fold5_2021,7.508306680648872e-07,-14.102085685885426,-9.92119678908502
2021-02-17,4.125526134679301e-05,Fold5_2021,5.271808190077232e-08,-16.758307330176315,-10.09573190551607
2021-02-18,3.4538601236759645e-05,Fold5_2021,1.8192749865765606e-05,-10.914487402271426,-10.273432982974864
2021-02-19,3.560211222228701e-05,Fold5_2021,3.124067384038161e-06,-12.676374756424913,-10.243105589779654
2021-02-22,3.189604237798379e-05,Fold5_2021,5.962272091245996e-05,-9.727473833176711,-10.353028619256062
2021-02-23,4.416236840676365e-05,Fold5_2021,1.4736859120844635e-06,-13.427743872327435,-10.027637525034061
2021-02-24,3.689297380550165e-05,Fold5_2021,0.00012009658302434943,-9.027214280370924,-10.207489436823439
2021-02-25,5.2992781564833844e-05,Fold5_2021,0.0005949051902837919,-7.4271085091761115,-9.845354850577719
2021-02-26,0.00018575914771305557,Fold5_2021,2.668731602579723e-05,-10.531322160646134,-8.59105962813323
2021-03-01,0.00015335873284226452,Fold5_2021,0.0005736508007636073,-7.463489707810383,-8.782730721896229
2021-03-02,0.00023817547809951156,Fold5_2021,6.136872616820199e-05,-9.698610198366566,-8.342502853027957
2021-03-03,0.0002023305564209267,Fold5_2021,0.0001778043261928088,-8.634826903387408,-8.505607780110592
2021-03-04,0.00020348524320818728,Fold5_2021,0.00015504869334380354,-8.771771339774812,-8.499917070658443
2021-03-05,0.00019885459187832716,Fold5_2021,0.00033231039313242364,-8.009441106738853,-8.522936694405573
2021-03-08,0.00022145219350742064,Fold5_2021,2.491177150318684e-05,-10.60017011507322,-8.415303822440146
2021-03-09,0.00018021725402469186,Fold5_2021,0.0002009774921034316,-8.512317635760297,-8.621347468069093
2021-03-10,0.00017955501459053196,Fold5_2021,3.850372351522648e-05,-10.164755606665892,-8.625028909024246
2021-03-11,0.0001463383026700608,Fold5_2021,0.00010176723128921527,-9.192822398699784,-8.82958947511289
2021-03-12,0.00013329446283504481,Fold5_2021,1.812157382594521e-06,-13.220992498378736,-8.922949870764329
2021-03-15,0.00010489152206625307,Fold5_2021,3.5352715166935766e-05,-10.25013536045429,-9.162583865024894
2021-03-16,8.854269447406232e-05,Fold5_2021,1.5930586206301051e-06,-13.34985472882447,-9.332025698843433
2021-03-17,7.163084701104857e-05,Fold5_2021,1.1586234704744413e-05,-11.365692827878556,-9.543984752599107
2021-03-18,5.878471514062467e-05,Fold5_2021,0.00021480716985028782,-8.445769816695353,-9.741628683439679
2021-03-19,0.00010281113746942762,Fold5_2021,3.4295357394566927e-06,-12.583085658875538,-9.182616869669395
2021-03-22,8.354014718802697e-05,Fold5_2021,6.325117609818376e-05,-9.668396836091832,-9.390183237009953
2021-03-23,7.769708094255161e-05,Fold5_2021,6.243849816722058e-05,-9.681328515021095,-9.462692869603307
2021-03-24,7.997019670477574e-05,Fold5_2021,2.5976420558854055e-05,-10.55832133300937,-9.433856533891404
2021-03-25,7.242993341674257e-05,Fold5_2021,3.147180930605477e-05,-10.366418355497888,-9.532890899034797
2021-03-26,6.32123993635996e-05,Fold5_2021,0.00025557095008914955,-8.272010495718296,-9.669010083592667
2021-03-29,0.00010096778999595442,Fold5_2021,2.554015880330629e-07,-15.180428675540119,-9.200709002917064
2021-03-30,8.092292471789325e-05,Fold5_2021,7.056633490693876e-06,-11.861542462862669,-9.42201340299246
2021-03-31,6.801804277318178e-05,Fold5_2021,1.6363990783291367e-05,-11.02042732112807,-9.595737553083515
2021-04-01,5.7233309109084485e-05,Fold5_2021,0.00011536723727226024,-9.067390149985458,-9.768374501983246
2021-04-05,6.771791133215819e-05,Fold5_2021,0.00020309719942368136,-8.501825878622778,-9.600159843877906
2021-04-06,9.342183855133427e-05,Fold5_2021,3.4891707820628806e-07,-14.868431541237708,-9.278385422594415
2021-04-07,7.525537681478942e-05,Fold5_2021,1.3373642836074626e-06,-13.524809833524726,-9.494623204199678
2021-04-08,6.081079165428577e-05,Fold5_2021,2.2428489886084477e-05,-10.705178537330173,-9.707743290428494
2021-04-09,5.273582736910875e-05,Fold5_2021,5.2473148425308865e-05,-9.855208977771788,-9.85021549717495
2021-04-12,5.197875979909946e-05,Fold5_2021,1.3279160721404612e-07,-15.83448480059061,-9.864675388229497
2021-04-13,4.300406787758591e-05,Fold5_2021,8.757503370276528e-06,-11.64559969703025,-10.054215844940856
2021-04-14,3.6823013513381816e-05,Fold5_2021,1.1703719219058256e-05,-11.355603884703541,-10.209387541038515
2021-04-15,3.556507923164712e-05,Fold5_2021,0.00011417695128119821,-9.077761108772568,-10.24414632198296
2021-04-16,5.075054772618235e-05,Fold5_2021,1.1134028370858145e-05,-11.405504520078116,-9.888588147466482
2021-04-19,4.3173518069525154e-05,Fold5_2021,2.4257698937611165e-05,-10.62677650900417,-10.0502832583301
2021-04-20,4.3837710654440175e-05,Fold5_2021,5.400037638470288e-05,-9.8265195413372,-10.035016137161586
2021-04-21,5.183728949934514e-05,Fold5_2021,8.869094253084988e-05,-9.330352787381848,-9.867400793179472
2021-04-22,5.8221349765329164e-05,Fold5_2021,8.418418793923925e-05,-9.382503446046558,-9.751258436038363
2021-04-23,7.030885603202927e-05,Fold5_2021,0.00011630214583560539,-9.05931904774482,-9.562612792230764
2021-04-26,7.789343030795262e-05,Fold5_2021,4.348430544731665e-06,-12.34569557228017,-9.460168943586805
2021-04-27,6.300045202428611e-05,Fold5_2021,4.647477396916266e-08,-16.884356166843734,-9.672368656609812
2021-04-28,5.1711760135456187e-05,Fold5_2021,8.264839311027629e-08,-16.308670454970297,-9.869825333546077
2021-04-29,4.3093861631459726e-05,Fold5_2021,4.035542248018021e-05,-10.11778478615142,-10.05212999254134
2021-04-30,4.231261892423871e-05,Fold5_2021,4.345659507191145e-05,-10.04374793245668,-10.070425196678567
2021-05-03,4.80528038292336e-05,Fold5_2021,4.641680239980438e-06,-12.280434136590543,-9.943210071925042
2021-05-04,4.0218427927275294e-05,Fold5_2021,3.829318907287266e-05,-10.170238508586971,-10.121185261224174
2021-05-05,4.511205519827534e-05,Fold5_2021,9.757738679596276e-08,-16.14262006303657,-10.006361047877164
2021-05-06,3.778068114018207e-05,Fold5_2021,6.32640503752639e-05,-9.668193314705775,-10.18371266693268
2021-05-07,4.250877097090128e-05,Fold5_2021,5.2588316603489274e-05,-9.85301658069681,-10.065800127540543
2021-05-10,4.410829308188348e-05,Fold5_2021,9.903601269744835e-05,-9.220027009355302,-10.028862741447597
2021-05-11,6.292835131441498e-05,Fold5_2021,8.037065211024198e-05,-9.428861471921103,-9.673513759490776
2021-05-12,7.294099787486518e-05,Fold5_2021,0.00046113806810429346,-7.681813062835454,-9.525859691914157
2021-05-13,0.00017052948874588328,Fold5_2021,0.00014258797228960032,-8.855551399336614,-8.676602321674302
2021-05-14,0.00015996789191717104,Fold5_2021,0.00023221705797832765,-8.367838028959751,-8.740537438386154
2021-05-17,0.00017041017865000477,Fold5_2021,6.491927658431655e-06,-11.944951051560759,-8.677302211491524
2021-05-18,0.00013595780965506156,Fold5_2021,7.487234981112356e-05,-9.499725896998164,-8.903165943481918
2021-05-19,0.00012758935807274032,Fold5_2021,6.8919508171483655e-06,-11.885156375547448,-8.966693591215469
2021-05-20,0.00010351667697193996,Fold5_2021,0.00011450335853425614,-9.07490640322325,-9.17577782807525
2021-05-21,0.0001029697096136499,Fold5_2021,6.71424771275864e-07,-14.213863858121496,-9.181075694405934
2021-05-24,8.254189426005019e-05,Fold5_2021,0.00010287763949824789,-9.18197024196206,-9.402204584302375
2021-05-25,8.459395925713535e-05,Fold5_2021,4.932600791469003e-06,-12.219644165103524,-9.377647697481414
2021-05-26,7.005076085854631e-05,Fold5_2021,3.929243315290721e-06,-12.447063691259926,-9.566290423590761
2021-05-27,5.680133626561452e-05,Fold5_2021,2.7561087284376505e-07,-15.10427584704749,-9.775950706710823
2021-05-28,4.6450098797982556e-05,Fold5_2021,3.193156538480421e-06,-12.654500619914888,-9.977131965731822
2021-06-01,3.857910414085041e-05,Fold5_2021,7.765094163419113e-07,-14.068457067783532,-10.162799771574068
2021-06-02,3.3220150629517835e-05,Fold5_2021,2.4691112665944932e-06,-12.911652283167278,-10.312353919487244
2021-06-03,2.8383150352944693e-05,Fold5_2021,1.382358316434632e-05,-11.189134499399264,-10.469714886299204
2021-06-04,2.9760510604864643e-05,Fold5_2021,8.288727875691556e-05,-9.398028960470068,-10.422328190725043
2021-06-07,4.047887674882749e-05,Fold5_2021,9.421796116741872e-07,-13.875069909978293,-10.114730281669772
2021-06-08,3.485948643623951e-05,Fold5_2021,4.545240660910973e-08,-16.906600067029277,-10.264185250159935
2021-06-09,2.9838021155307603e-05,Fold5_2021,2.229557545712706e-06,-13.013707402172416,-10.419727099998319
2021-06-10,2.7247324905114713e-05,Fold5_2021,2.1507429074241082e-05,-10.747112144178486,-10.51055521029352
2021-06-11,2.682765149235191e-05,Fold5_2021,2.7263009667035997e-06,-12.812564824803447,-10.526077430255773
2021-06-14,2.3638832931871122e-05,Fold5_2021,5.001425818555957e-06,-12.205787522470425,-10.6526197350092
2021-06-15,2.1433539775749813e-05,Fold5_2021,3.3698855493600543e-06,-12.600631775790939,-10.750553583596169
2021-06-16,2.1236375916643162e-05,Fold5_2021,3.1349702679483015e-05,-10.370305774838355,-10.759795001542152
2021-06-17,2.9073092885029296e-05,Fold5_2021,1.0995402549574202e-07,-16.023203508558165,-10.445697454659118
2021-06-18,2.5640664121910157e-05,Fold5_2021,0.00018447905327329138,-8.597974633323068,-10.571331024456683
2021-06-21,7.024260183031708e-05,Fold5_2021,0.0002020522100047414,-8.506984428589481,-9.563555567320076
2021-06-22,9.618462776560609e-05,Fold5_2021,2.84314089196339e-05,-10.468016076032502,-9.24924100759744
2021-06-23,8.028920891480706e-05,Fold5_2021,1.4551130329707274e-06,-13.440426974467677,-9.429875330664558
2021-06-24,6.522814824764258e-05,Fold5_2021,3.4791023509156264e-05,-10.266151149596602,-9.63761946060701
2021-06-25,5.811955896189742e-05,Fold5_2021,1.2571496234563639e-05,-11.28407851026103,-9.753008307696053
2021-06-28,4.88155105957841e-05,Fold5_2021,4.05589402669195e-06,-12.415339419558155,-9.927462455528087
2021-06-29,4.053079285751992e-05,Fold5_2021,2.8933154720806487e-07,-15.05569258421724,-10.113448555277055
2021-06-30,3.403796009492325e-05,Fold5_2021,7.07913604112919e-07,-14.160943778787821,-10.28803418276091
2021-07-01,2.903351660348163e-05,Fold5_2021,3.0487193444564117e-05,-10.398203849591637,-10.447059650389201
2021-07-02,2.981844569759618e-05,Fold5_2021,5.798214468541048e-05,-9.755375445065015,-10.420383372803153
2021-07-06,3.561925651128006e-05,Fold5_2021,3.3251487654316754e-06,-12.613996143374116,-10.242624153108919
2021-07-07,3.207086967259136e-05,Fold5_2021,1.2445330507967222e-05,-11.294165065007027,-10.347562426678927
2021-07-08,2.8968562117093376e-05,Fold5_2021,6.693412062287334e-05,-9.61180169659006,-10.449299380929007
2021-07-09,4.4135424988063374e-05,Fold5_2021,0.00011275154380256733,-9.090323887412987,-10.028247810263185
2021-07-12,5.743153335562359e-05,Fold5_2021,1.2782985383758999e-05,-11.267395538191465,-9.764917043886364
2021-07-13,4.825431511639566e-05,Fold5_2021,1.1661306256194842e-05,-11.359234354483512,-9.939025301713965
2021-07-14,4.424926391835965e-05,Fold5_2021,2.223168532679262e-06,-13.01657711268483,-10.025671821262033
2021-07-15,3.6889969906426257e-05,Fold5_2021,1.1704288259087224e-05,-11.355555265441128,-10.2075708621211
2021-07-16,3.562476971285136e-05,Fold5_2021,6.200834687142806e-05,-9.688241555022062,-10.242469383597015
2021-07-19,4.7856642345833686e-05,Fold5_2021,0.0002213543115260023,-8.41574592065641,-9.947300633694477
2021-07-20,9.620960153072549e-05,Fold5_2021,0.00020245900219367574,-8.504973150217966,-9.248981397261401
2021-07-21,0.00011585434715452345,Fold5_2021,6.50223315597697e-05,-9.64077978461471,-9.063176783797463
2021-07-22,0.00010214767894487364,Fold5_2021,4.3763482909986285e-06,-12.339295904832959,-9.18909095898646
2021-07-23,8.084882424724036e-05,Fold5_2021,0.00010475925691341032,-9.163845631578154,-9.422929514443432
2021-07-26,8.363670313834647e-05,Fold5_2021,6.011578774266111e-06,-12.021823152688814,-9.389028101464959
2021-07-27,6.710031485160076e-05,Fold5_2021,2.0867745926592024e-05,-10.777305848142191,-9.609321821723418
2021-07-28,6.11133227338824e-05,Fold5_2021,1.6818743529360908e-07,-15.598186793187066,-9.702780667538024
2021-07-29,5.00326302192327e-05,Fold5_2021,1.7131093664061576e-05,-10.974615402712274,-9.902835161005115
2021-07-30,4.3350867687296847e-05,Fold5_2021,2.3701403601217757e-05,-10.649976287896767,-10.046183839083438
2021-08-02,4.388690145256829e-05,Fold5_2021,4.4098245513533715e-06,-12.331675653570546,-10.033894654783897
2021-08-03,3.8681212586122504e-05,Fold5_2021,6.564973580123032e-05,-9.631176981576495,-10.16015653869469
2021-08-04,4.3869060026553657e-05,Fold5_2021,2.4313849021982136e-05,-10.62446445135961,-10.03430126935366
2021-08-05,4.442179836656897e-05,Fold5_2021,3.984929760018416e-05,-10.130405778976638,-10.021780254802675
2021-08-06,4.3226011303844656e-05,Fold5_2021,2.7262944892761076e-06,-12.81256720070958,-10.049068130396899
2021-08-09,3.612461508952636e-05,Fold5_2021,6.623568939170579e-07,-14.227461311601177,-10.228536066549651
2021-08-10,3.138760339276332e-05,Fold5_2021,1.5454332518909472e-06,-13.380206264989559,-10.369097539411497
2021-08-11,2.704148874382063e-05,Fold5_2021,6.1594760471854715e-06,-11.997518841311507,-10.51813825121114
2021-08-12,2.4201753369922142e-05,Fold5_2021,8.955269926319875e-06,-11.623268380379926,-10.629085474123679
2021-08-13,2.2434884806881482e-05,Fold5_2021,3.3047797817608854e-06,-12.62014071872302,-10.704893453076744
2021-08-16,2.033593149387037e-05,Fold5_2021,5.532489426853836e-06,-12.104872676120396,-10.803121212234968
2021-08-17,1.8987986919069125e-05,Fold5_2021,4.325536215789336e-05,-10.04838935174201,-10.871704046180584
2021-08-18,3.075853759464355e-05,Fold5_2021,0.00012111864725351945,-9.018739936984142,-10.389342956893824
2021-08-19,5.934988647665387e-05,Fold5_2021,2.393577844126856e-06,-12.942721305506362,-9.732060349687952
2021-08-20,4.811964547366483e-05,Fold5_2021,6.281484466673811e-05,-9.675319132379881,-9.941820034431386
2021-08-23,5.0495156674070375e-05,Fold5_2021,7.670381453409434e-05,-9.4755591176583,-9.893633133726524
2021-08-24,5.503099228464564e-05,Fold5_2021,2.516336815857004e-06,-12.892706358508306,-9.807614035351639
2021-08-25,4.4946003379737015e-05,Fold5_2021,4.3930839171262345e-06,-12.335479090688652,-10.010048713574974
2021-08-26,3.7549090603227844e-05,Fold5_2021,3.5054523853190766e-05,-10.258605884247661,-10.189861398336935
2021-08-27,4.253450397409702e-05,Fold5_2021,7.923281466756712e-05,-9.443120018342768,-10.065194953198475
2021-08-30,4.9471224015756304e-05,Fold5_2021,1.9255286862801743e-05,-10.857724892714286,-9.914119390444206
2021-08-31,4.325335482986823e-05,Fold5_2021,2.1981798927733473e-06,-13.027880861485942,-10.048435759274
2021-09-01,3.742552162627505e-05,Fold5_2021,2.821660839186409e-07,-15.080769989305221,-10.193157689845894
2021-09-02,3.1661359014752125e-05,Fold5_2021,9.43597645086752e-06,-11.570980892090938,-10.360413579140438
2021-09-03,2.8179651337736488e-05,Fold5_2021,5.884066223191017e-08,-16.64843268648538,-10.47691042425529
2021-09-07,2.4944813183702287e-05,Fold5_2021,1.2830821978536593e-05,-11.26366031447259,-10.598844645807308
2021-09-08,2.6931874897836995e-05,Fold5_2021,1.4863988916242639e-06,-13.419154214565086,-10.522200032404275
2021-09-09,2.476285064820658e-05,Fold5_2021,1.8397000916391424e-05,-10.903322900308625,-10.606165985587301
2021-09-10,2.8344116150751813e-05,Fold5_2021,6.266049194093214e-05,-9.67777942151458,-10.471091092513937
2021-09-13,4.268099793749868e-05,Fold5_2021,6.533660652016649e-06,-11.938543181852399,-10.061756749950776
2021-09-14,3.608737912394858e-05,Fold5_2021,2.9282677254754368e-05,-10.43851443675495,-10.229567362507714
2021-09-15,3.9825240341360114e-05,Fold5_2021,6.918604036309893e-05,-9.578711444547604,-10.13100966724952
2021-09-16,4.5468043397071526e-05,Fold5_2021,2.515963845170548e-06,-12.89285458919334,-9.99850082168721
2021-09-17,3.916994096839386e-05,Fold5_2021,9.582131354775153e-05,-9.253025418110756,-10.147600917349353
2021-09-20,5.9126360055221846e-05,Fold5_2021,0.00028273761650909494,-8.17099124053512,-9.735833708368594
2021-09-21,0.00012036687589460635,Fold5_2021,8.933740052667768e-07,-13.928260524862294,-9.024966180095653
2021-09-22,9.465353405862538e-05,Fold5_2021,9.42376591917744e-05,-9.269690677166446,-9.265287342827174
2021-09-23,9.191842490557962e-05,Fold5_2021,0.00014584997794731274,-8.832932012851701,-9.294609060062541
2021-09-24,0.00010050238523323325,Fold5_2021,2.7086705434483273e-06,-12.819052617816952,-9.205329097082771
2021-09-27,7.915382708992677e-05,Fold5_2021,8.207984617000062e-06,-11.710403143684783,-9.444117420438197
2021-09-28,6.6423391388044e-05,Fold5_2021,0.0004144271711009881,-7.7886133018398045,-9.619461283577474
2021-09-29,0.00015693884403644284,Fold5_2021,2.827261893148292e-06,-12.776201843590226,-8.759654356932172
2021-09-30,0.00012170791489779589,Fold5_2021,0.00015123005646010032,-8.796708327862408,-9.013886523949184
2021-10-01,0.00013526141496457056,Fold5_2021,0.00013957537222334608,-8.876905799937473,-8.908301244800406
2021-10-04,0.00013194184931821247,Fold5_2021,0.000168483164086954,-8.688674729561733,-8.933149267910247
2021-10-05,0.0001472648212321247,Fold5_2021,0.00010715057264729586,-9.141275491707164,-8.823278086968944
2021-10-06,0.0001342758797743853,Fold5_2021,1.7200991467481528e-05,-10.970543532347959,-8.915614070160068
2021-10-07,0.0001068794646325254,Fold5_2021,7.410864709372072e-05,-9.50997833754855,-9.143808857240455
2021-10-08,9.707703043361736e-05,Fold5_2021,3.3327376383173437e-06,-12.611716478113403,-9.240005766432217
2021-10-11,7.837773873507505e-05,Fold5_2021,5.279359092482633e-05,-9.849120758619193,-9.453970615633517
2021-10-12,7.795672710517283e-05,Fold5_2021,6.074980032952471e-06,-12.011331855499858,-9.45935666592535
2021-10-13,6.485133182640235e-05,Fold5_2021,1.289696018650863e-05,-11.25851891882186,-9.643413110382598
2021-10-14,5.373451882336175e-05,Fold5_2021,0.0002782495900624347,-8.18699204108038,-9.831454954333717
2021-10-15,9.945408074353276e-05,Fold5_2021,5.7562087018044716e-05,-9.762646418470995,-9.215814520388655
2021-10-18,8.824388323253527e-05,Fold5_2021,8.738152815342223e-06,-11.647811738993056,-9.335406176365675
2021-10-19,7.09099600222309e-05,Fold5_2021,5.906148765316281e-05,-9.73693149312112,-9.55409965443035
2021-10-20,6.693931569040066e-05,Fold5_2021,1.5368651915411495e-05,-11.083180713082047,-9.61172408496414
2021-10-21,5.583401346102474e-05,Fold5_2021,6.784972160120335e-06,-11.90080036783688,-9.793127314049967
2021-10-22,4.608140713616901e-05,Fold5_2021,1.0751457083360617e-06,-13.743054362931524,-9.985101005233654
2021-10-25,3.9067292660989136e-05,Fold5_2021,2.860565813475507e-05,-10.461906022826055,-10.150224945872395
2021-10-26,3.7056809436009856e-05,Fold5_2021,8.096333741087738e-07,-14.026684316302411,-10.203058432663964
2021-10-27,3.1285106790338416e-05,Fold5_2021,1.9713735006073358e-05,-10.834194956727098,-10.372368395052028
2021-10-28,3.370487730781549e-05,Fold5_2021,9.220686541116874e-05,-9.291475968013714,-10.297868003843053
2021-10-29,4.539960404330502e-05,Fold5_2021,4.109677707391019e-06,-12.402165949224063,-10.00000717446811
2021-11-01,3.787957285005285e-05,Fold5_2021,2.9533690514439033e-06,-12.732563987920164,-10.181098566107735
2021-11-02,3.207671807651841e-05,Fold5_2021,1.6281571515790143e-05,-11.025476671594705,-10.347380084547337
2021-11-03,2.960680216426024e-05,Fold5_2021,3.704810046189773e-05,-10.203293477120916,-10.427506420188259
2021-11-04,3.145972898972153e-05,Fold5_2021,2.2102864246962068e-05,-10.719803353903496,-10.366802274811121
2021-11-05,3.012568766603398e-05,Fold5_2021,1.1997458329668433e-05,-11.330815736471267,-10.410132339325724
2021-11-08,2.7409757207978107e-05,Fold5_2021,7.279682421976682e-07,-14.133008413056103,-10.504611505478737
2021-11-09,2.4027047621148113e-05,Fold5_2021,1.0961401193418541e-05,-11.421130438501192,-10.636330377971811
2021-11-10,2.573520426537541e-05,Fold5_2021,6.524382960656263e-05,-9.637379081649726,-10.567650687631472
2021-11-11,4.142157292161884e-05,Fold5_2021,1.0462274558703707e-07,-16.072904855924126,-10.091708727787426
2021-11-12,3.4728723218050724e-05,Fold5_2021,5.6525512027461464e-05,-9.780818481416475,-10.267943454969279
2021-11-15,3.904717080439441e-05,Fold5_2021,1.1732554555696567e-07,-15.958313325313258,-10.150740134894942
2021-11-16,3.295373717902131e-05,Fold5_2021,1.5602498271611956e-05,-11.068079510914572,-10.320405883750128
2021-11-17,3.0158424251349094e-05,Fold5_2021,5.914727891372011e-06,-12.038065064741382,-10.409046262497458
2021-11-18,2.8807324215226715e-05,Fold5_2021,1.1495122664731302e-05,-11.373587728668067,-10.454880890125745
2021-11-19,2.6353753615228805e-05,Fold5_2021,3.203178617799374e-06,-12.651366923110222,-10.543899840931406
2021-11-22,2.5014367180192777e-05,Fold5_2021,7.948158868018883e-06,-11.742570245047332,-10.596060210957816
2021-11-23,2.552650123438966e-05,Fold5_2021,1.7559573306608833e-06,-13.252496362214641,-10.575793381367243
2021-11-24,2.261644940062262e-05,Fold5_2021,7.109863909688147e-06,-11.854027455023147,-10.696833066855012
2021-11-26,2.098810369563121e-05,Fold5_2021,0.0005087634605285492,-7.583527363516103,-10.77155477144155
2021-11-29,0.0001438997908896293,Fold5_2021,0.00014864541002632334,-8.813946886720922,-8.846393397236502
2021-11-30,0.0001403652536979022,Fold5_2021,0.0003861030739334757,-7.859406193230113,-8.871262577785158
2021-12-01,0.00020690399056757323,Fold5_2021,0.0001247538063695559,-8.98916831181772,-8.483255685976964
2021-12-02,0.00019312663459747928,Fold5_2021,0.0002310518443495635,-8.372868438210421,-8.552164446412915
2021-12-03,0.0001948135277749239,Fold5_2021,7.637777133903562e-05,-9.479818855186014,-8.543467724737198
2021-12-06,0.0001717776664779024,Fold5_2021,0.00013861854387873978,-8.883784685939217,-8.669309554082753
2021-12-07,0.00015911149594002174,Fold5_2021,0.00041917491842428836,-7.777222258750577,-8.745905369165373
2021-12-08,0.00020964790721401876,Fold5_2021,6.993676739690343e-06,-11.87050414005234,-8.470081066681997
2021-12-09,0.00016180137209942757,Fold5_2021,4.589129270402589e-05,-9.989235160330713,-8.72914107315688
2021-12-10,0.00013911867515092386,Fold5_2021,8.778586519583667e-05,-9.340610058941165,-8.880183211030555
2021-12-13,0.00012403022772926263,Fold5_2021,7.917250111027908e-05,-9.443881527638165,-8.994985250056624
2021-12-14,0.00011923014185239526,Fold5_2021,4.7661663705349716e-05,-9.951383179111298,-9.034454967409498
2021-12-15,0.00010749166224969535,Fold5_2021,0.00024038080284483564,-8.333286213546566,-9.138097273872475
2021-12-16,0.00013208915376652618,Fold5_2021,7.845846341067569e-05,-9.452941201740236,-8.932033456040612
2021-12-17,0.00012512295674790966,Fold5_2021,0.00011449014641793924,-9.075021796158385,-8.986213650149256
2021-12-20,0.00012889415216094842,Fold5_2021,0.00011428409452540326,-9.076823152354818,-8.956519016302343
2021-12-21,0.00013167518882319698,Fold5_2021,0.00030987011728862425,-8.079357324768564,-8.93517235858638
2021-12-22,0.00016525908552986453,Fold5_2021,9.898481713441749e-05,-9.220544081869493,-8.707996100230298
2021-12-23,0.00014605922099844945,Fold5_2021,3.847603217206105e-05,-10.165475051515063,-8.83149839522177
2021-12-27,0.00011956594910390637,Fold5_2021,0.0001974805483274193,-8.529870467954927,-9.031642463473407
2021-12-28,0.00013208806505348749,Fold5_2021,6.681409326768419e-07,-14.218766708601155,-8.932041698333748
2021-12-29,0.00010373800888626878,Fold5_2021,1.6345442490225576e-06,-13.324146539247355,-9.173641982532821
2021-12-30,8.156376155143028e-05,Fold5_2021,7.664791911319557e-06,-11.778873193912522,-9.41412549326965
2021-12-31,6.805827234798138e-05,Fold5_2021,6.366651076613018e-06,-11.964436960282324,-9.595146273463165
2022-01-03,5.7436881322924915e-05,Fold6_2022_2023,3.33285865658943e-05,-10.309095073807736,-9.76482392921563
2022-01-04,5.172414436788671e-05,Fold6_2022_2023,1.1213327447633127e-07,-16.00357772239995,-9.869585876414645
2022-01-05,4.264741165367083e-05,Fold6_2022_2023,0.0003759276355422081,-7.886113891761265,-10.06254397394155
2022-01-06,0.00012991097199841593,Fold6_2022_2023,8.833112810235154e-07,-13.93958817182492,-8.948661172893823
2022-01-07,0.00010235832504609206,Fold6_2022_2023,1.56931449444048e-05,-11.062286568704579,-9.187030910170263
2022-01-10,8.635688277802207e-05,Fold6_2022_2023,1.5503350214049814e-06,-13.377039507546694,-9.357022048638168
2022-01-11,6.986595104221888e-05,Fold6_2022_2023,8.221328050398265e-05,-9.406193705643295,-9.568932136954286
2022-01-12,7.075045812780587e-05,Fold6_2022_2023,7.288602480238899e-06,-11.829198733992138,-9.556351546157215
2022-01-13,5.7548576136922206e-05,Fold6_2022_2023,0.00019249856155229388,-8.55542187671997,-9.762881164424396
2022-01-14,9.64829068728449e-05,Fold6_2022_2023,1.6727208741051064e-07,-15.603644084412318,-9.246144696160204
2022-01-18,7.655326248411189e-05,Fold6_2022_2023,0.0003192845565467211,-8.049427826006658,-9.477523817773163
2022-01-19,0.00014100893003604086,Fold6_2022_2023,0.00010894254734993965,-9.124689903227786,-8.86668733600265
2022-01-20,0.0001395826211459683,Fold6_2022_2023,0.00012387294128070764,-8.996254184780518,-8.876853865743962
2022-01-21,0.0001421478210541774,Fold6_2022_2023,0.0003930707175251366,-7.8415210194707266,-8.858643048481566
2022-01-24,0.00020898987709635543,Fold6_2022_2023,1.7959798217379112e-05,-10.927374730265857,-8.473224742118141
2022-01-25,0.00016370884706170416,Fold6_2022_2023,0.0001509041763478104,-8.798865516312283,-8.7174210306877
2022-01-26,0.00016705024536827788,Fold6_2022_2023,6.308987563064935e-06,-11.973535343878078,-8.697215920331232
2022-01-27,0.00013258851167865748,Fold6_2022_2023,2.4505179620621508e-05,-10.616626049671599,-8.928260122890032
2022-01-28,0.00011169412832643389,Fold6_2022_2023,0.0006018184196228969,-7.415554786687882,-9.099746419730641
2022-01-31,0.00021230489127029904,Fold6_2022_2023,0.0003186532388752403,-8.051407071889583,-8.457487150093717
2022-02-01,0.00022818970963432164,Fold6_2022_2023,4.534836581932745e-05,-10.001136416907363,-8.385333215180033
2022-02-02,0.00018354768659115532,Fold6_2022_2023,9.345584893679265e-05,-9.278021437077566,-8.603036051799277
2022-02-03,0.0001592604284670137,Fold6_2022_2023,0.0005657617616913381,-7.477337484110672,-8.744969780776836
2022-02-04,0.00026249359201297573,Fold6_2022_2023,2.2007735080884137e-05,-10.724116571815207,-8.245283887609698
2022-02-07,0.0002053595328664422,Fold6_2022_2023,1.0332335035461444e-05,-11.480232256285706,-8.490748296109652
2022-02-08,0.0001631408606081741,Fold6_2022_2023,6.714604929547365e-05,-9.608640470747059,-8.720896554831915
2022-02-09,0.0001386442075281299,Fold6_2022_2023,0.000211120036507625,-8.463083692845647,-8.883599564430229
2022-02-10,0.00014946497913952513,Fold6_2022_2023,0.0003286645815234024,-8.020472836299156,-8.808448445822433
2022-02-11,0.0001988453863093312,Fold6_2022_2023,0.0003966360996837713,-7.832491323116798,-8.522982988443804
2022-02-14,0.0002526620032274957,Fold6_2022_2023,1.0722705195936465e-05,-11.443147083789409,-8.283457918043604
2022-02-15,0.00019917206301588844,Fold6_2022_2023,0.00025594108432169165,-8.270563279339232,-8.521341468553327
2022-02-16,0.0002049379858204388,Fold6_2022_2023,1.2547229704424976e-06,-13.588595750430606,-8.492803132783681
2022-02-17,0.00015893935439869155,Fold6_2022_2023,0.00046625655154813015,-7.670774535527213,-8.746987847378877
2022-02-18,0.00023848651218228039,Fold6_2022_2023,4.2195514909591695e-05,-10.073196624333844,-8.341197801929884
2022-02-22,0.0001971463385908301,Fold6_2022_2023,0.00011641720278114137,-9.058330243370843,-8.53156426950556
2022-02-23,0.0001842525632465678,Fold6_2022_2023,0.00032033318508935266,-8.046148900442574,-8.599203115205611
2022-02-24,0.00022329285697679824,Fold6_2022_2023,0.00022311164445217542,-8.407838264018833,-8.407026388090179
2022-02-25,0.00021653475142500896,Fold6_2022_2023,0.00047629283027689553,-7.649477703227095,-8.437759508737662
2022-02-28,0.0002651366552067833,Fold6_2022_2023,6.562963719715504e-06,-11.93406827049109,-8.235265184869705
2022-03-01,0.00020767849068281324,Fold6_2022_2023,0.00023554619765628362,-8.353603495354442,-8.479519391988376
2022-03-02,0.0002210897346148272,Fold6_2022_2023,0.0003323041599310807,-8.009459864081178,-8.416941899876923
2022-03-03,0.0002378930678311753,Fold6_2022_2023,2.490934840708156e-05,-10.600267386917432,-8.343689280082957
2022-03-04,0.00019223257504709084,Fold6_2022_2023,6.655231058644561e-05,-9.617522294169957,-8.556804590632508
2022-03-07,0.00016823295689588532,Fold6_2022_2023,0.0008953440507201065,-7.018302499345222,-8.69016089088
2022-03-08,0.00034551761925222837,Fold6_2022_2023,5.792194341501198e-05,-9.756414257013736,-7.970466919668317
2022-03-09,0.0002829162310173625,Fold6_2022_2023,0.0007000099435103265,-7.264416018007007,-8.17035970761093
2022-03-10,0.0003641196596875169,Fold6_2022_2023,2.0483432280298742e-05,-10.795894180023444,-7.918028008943912
2022-03-11,0.00028736318043018176,Fold6_2022_2023,0.00016375042414681714,-8.717167093242697,-8.154763705156322
2022-03-14,0.0002647798798695384,Fold6_2022_2023,5.3804079646796484e-05,-9.830161263805369,-8.236611719154018
2022-03-15,0.00022050024304896785,Fold6_2022_2023,0.00047316019367427554,-7.656076550965925,-8.419611760815089
2022-03-16,0.00026754401359699466,Fold6_2022_2023,0.00048100697804441506,-7.639628780594897,-8.226226468351715
2022-03-17,0.0003051520696487801,Fold6_2022_2023,0.00015458758713097736,-8.774749715260922,-8.09470031659867
2022-03-18,0.0002650217305680933,Fold6_2022_2023,0.00011866166743287875,-9.039234245042396,-8.235698733196296
2022-03-21,0.00022705917992371335,Fold6_2022_2023,8.55108113593302e-08,-16.274623020350518,-8.390299869950637
2022-03-22,0.00017658553302241965,Fold6_2022_2023,0.00013533834584782248,-8.907732649432148,-8.641705192615344
2022-03-23,0.00016295078000231093,Fold6_2022_2023,0.00016801759765678296,-8.691441836089657,-8.722062365933578
2022-03-24,0.0001710565011636586,Fold6_2022_2023,0.00022385504768804114,-8.404511824109862,-8.673516639875267
2022-03-25,0.00017704841515540085,Fold6_2022_2023,2.373575596034007e-05,-10.648527956443333,-8.639087330842072
2022-03-28,0.00014149677441261085,Fold6_2022_2023,5.023655921002334e-05,-9.898767525211314,-8.863233636811401
2022-03-29,0.00011920910647520194,Fold6_2022_2023,0.0001511640316124854,-8.797145008679053,-9.034631409647053
2022-03-30,0.0001224544853911834,Fold6_2022_2023,3.836430882383436e-05,-10.168382988296896,-9.007771144847563
2022-03-31,0.00010809449247831727,Fold6_2022_2023,0.00024058678792563372,-8.332429668958762,-9.13250478301372
2022-04-01,0.0001463616272593875,Fold6_2022_2023,8.008456584303597e-06,-11.73501250155478,-8.829430099677566
2022-04-04,0.00011566975272035568,Fold6_2022_2023,7.276332902730882e-05,-9.52829845182461,-9.064771386462
2022-04-05,0.00010399786519566732,Fold6_2022_2023,0.000161591256211033,-8.730440520946143,-9.17114018599832
2022-04-06,0.00012426971171703571,Fold6_2022_2023,0.00010099602541540839,-9.200429394220027,-8.993056259960474
2022-04-07,0.0001251173980178889,Fold6_2022_2023,2.5264661198354447e-05,-10.58610392923098,-8.986258077276343
2022-04-08,0.00010233281441205671,Fold6_2022_2023,7.169698118218342e-06,-11.845647007695419,-9.187280169949998
2022-04-11,8.431029214617705e-05,Fold6_2022_2023,0.0002972212516431068,-8.121033741475546,-9.38100661089304
2022-04-12,0.00014103059655354294,Fold6_2022_2023,1.3778479206770156e-05,-11.192402660822534,-8.866533694292876
2022-04-13,0.00011593198781492456,Fold6_2022_2023,0.00012969538016142232,-8.950322086694749,-9.062506850746274
2022-04-14,0.00011559513718689538,Fold6_2022_2023,0.00015699910679891973,-8.759270441811005,-9.065416668468096
2022-04-18,0.00013187972921402266,Fold6_2022_2023,1.689586520418814e-07,-15.593611814432158,-8.933620193038385
2022-04-19,0.00010415929623195919,Fold6_2022_2023,0.0002564425468609102,-8.268605907289052,-9.169589136132455
2022-04-20,0.00013240074462690445,Fold6_2022_2023,5.502962435428218e-07,-14.412809079102757,-8.929677290406905
2022-04-21,0.00010519728778979047,Fold6_2022_2023,0.00022699965424309202,-8.390562063642216,-9.159673039458882
2022-04-22,0.00014035756160398703,Fold6_2022_2023,0.0007740993176142691,-7.163810375275414,-8.871317379842546
2022-04-25,0.00029460118179005563,Fold6_2022_2023,3.3416749234665927e-05,-10.306453309585937,-8.129888042436473
2022-04-26,0.000233443201879669,Fold6_2022_2023,0.0008636724422990276,-7.054316978752965,-8.362571757212628
2022-04-27,0.00038758518388685656,Fold6_2022_2023,7.88427911122119e-06,-11.750639767065387,-7.855574903944375
2022-04-28,0.00030008848144988707,Fold6_2022_2023,0.0006222866876096244,-7.382109658856993,-8.111433188627494
2022-04-29,0.00036057043606293804,Fold6_2022_2023,0.0014179694891660328,-6.558529367911849,-7.927823235961097
2022-05-02,0.0006147484445356038,Fold6_2022_2023,3.60177985150324e-05,-10.231497338489811,-7.394297407110126
2022-05-03,0.0004780974069529507,Fold6_2022_2023,2.091748025883427e-05,-10.774925372540254,-7.6456960659968916
2022-05-04,0.0003716405546117586,Fold6_2022_2023,0.0008999075345681258,-7.013218539286763,-7.897583421856256
2022-05-05,0.00047551905663049824,Fold6_2022_2023,0.00130970244995931,-6.637955305004332,-7.651103599746144
2022-05-06,0.0006778393563981246,Fold6_2022_2023,3.584325988521452e-05,-10.236355017375137,-7.296600235563887
2022-05-09,0.0005322332976515073,Fold6_2022_2023,0.00105892298715174,-6.850502937243575,-7.538428635328428
2022-05-10,0.0006631398867765981,Fold6_2022_2023,5.327213539913299e-06,-12.14268224449658,-7.31852459942053
2022-05-11,0.0005107228140489527,Fold6_2022_2023,0.0002564443409875858,-8.268598911100543,-7.579683553193793
2022-05-12,0.0004587629313464044,Fold6_2022_2023,1.0907258141138783e-06,-13.728667198817796,-7.686976970771729
2022-05-13,0.0003549798357853112,Fold6_2022_2023,0.0005582149461087778,-7.4907664616763014,-7.943449570706831
2022-05-16,0.00038958006189764884,Fold6_2022_2023,1.6529983785616912e-05,-11.01033462703824,-7.850441163332811
2022-05-17,0.000306918608446288,Fold6_2022_2023,0.00041458836759378014,-7.788224415293535,-8.088927964594816
2022-05-18,0.0003219885690971318,Fold6_2022_2023,0.0016930224392605908,-6.381239921778047,-8.040994512748343
2022-05-19,0.0006468706872473137,Fold6_2022_2023,3.7743226894274556e-05,-10.184704518386155,-7.343364148590058
2022-05-20,0.0005104293074131512,Fold6_2022_2023,1.9043086976608444e-07,-15.473976596606583,-7.580258407101875
2022-05-23,0.0003948564441110822,Fold6_2022_2023,0.0003436250109183464,-7.975959579704848,-7.836988291750968
2022-05-24,0.00037451997999075426,Fold6_2022_2023,5.871918767208078e-05,-9.742744007676034,-7.889865405319962
2022-05-25,0.0003070738854286148,Fold6_2022_2023,7.736931785328999e-05,-9.466920266124085,-8.088422170184668
2022-05-26,0.00025197168232009786,Fold6_2022_2023,0.0003914196382440483,-7.845730329902153,-8.286193848512672
2022-05-27,0.0002750223287384054,Fold6_2022_2023,0.0005881951033760651,-7.4384518566392055,-8.19865826818149
2022-05-31,0.00033426715870244026,Fold6_2022_2023,3.1660700565900306e-05,-10.360434375964047,-8.003570008363567
2022-06-01,0.0002695408000023014,Fold6_2022_2023,6.596009199696453e-05,-9.62646066553515,-8.218790787599538
2022-06-02,0.00022842900930266478,Fold6_2022_2023,0.0003558780062903373,-7.940922564799822,-8.38428507729025
2022-06-03,0.0002492294202412528,Fold6_2022_2023,0.00027383474739162513,-8.202985745230627,-8.29713671926634
2022-06-06,0.0002626613581216702,Fold6_2022_2023,9.243730850395586e-06,-11.591564982116699,-8.24464496717542
2022-06-07,0.0002058043282499368,Fold6_2022_2023,9.113428215794725e-05,-9.303176511007406,-8.48858470344468
2022-06-08,0.00017722914445461536,Fold6_2022_2023,0.00011949912784753624,-9.032201484966318,-8.638067061225836
2022-06-09,0.00017064137115557217,Fold6_2022_2023,0.0005793879949084517,-7.453538192711734,-8.675946448463256
2022-06-10,0.0002728742551547676,Fold6_2022_2023,0.000865787961756793,-7.051870527237866,-8.206499472718532
2022-06-13,0.00041783180641398807,Fold6_2022_2023,0.0014982911487871147,-6.503430054436386,-7.780431583414894
2022-06-14,0.0006772689740238714,Fold6_2022_2023,9.107890862723588e-06,-11.606369392407741,-7.297442061114115
2022-06-15,0.0005261484034587275,Fold6_2022_2023,0.00020038672040134255,-8.51526145641158,-7.549927249166306
2022-06-16,0.00044597599120010874,Fold6_2022_2023,0.0011327293546861286,-6.783125200417479,-7.715245438783062
2022-06-17,0.0006137417733320499,Fold6_2022_2023,4.636690157794565e-06,-12.281509774327143,-7.395936282885011
2022-06-21,0.0004749762283502001,Fold6_2022_2023,0.000618116959136268,-7.388832864147107,-7.652245800760481
2022-06-22,0.000495131323319139,Fold6_2022_2023,3.292863841737784e-06,-12.623752903211777,-7.610687530946684
2022-06-23,0.0003855185876124349,Fold6_2022_2023,9.516082057833068e-05,-9.259942249423247,-7.860921149229811
2022-06-24,0.00031641195469465233,Fold6_2022_2023,0.000979622293832806,-6.9283434750472175,-8.058465539299558
2022-06-27,0.00045066096859198523,Fold6_2022_2023,1.4647047142555692e-05,-11.131271803052298,-7.7047952337662435
2022-06-28,0.00035512269489604693,Fold6_2022_2023,0.0004261911205743278,-7.7606226724578296,-7.94304720877601
2022-06-29,0.000380199011621004,Fold6_2022_2023,6.642157966941819e-07,-14.224658745248062,-7.874815727542456
2022-06-30,0.00029648044882471964,Fold6_2022_2023,6.654184194294363e-05,-9.617679606017616,-8.123529281583526
2022-07-01,0.00024966298941373415,Fold6_2022_2023,0.00011069259545178773,-9.10875360890788,-8.295398591873562
2022-07-05,0.00021508457681282094,Fold6_2022_2023,3.5597215574961234e-06,-12.545828230345705,-8.444479226665695
2022-07-06,0.0001681931676457598,Fold6_2022_2023,1.1366476796996859e-05,-11.38484216655895,-8.690397431668057
2022-07-07,0.00013288617275780538,Fold6_2022_2023,0.00022100678996202236,-8.417317133108432,-8.926017640112303
2022-07-08,0.00014829135049512424,Fold6_2022_2023,6.773995608955745e-07,-14.205004544783241,-8.816331634896747
2022-07-11,0.00011740161636757212,Fold6_2022_2023,0.00013200072323824144,-8.932703156315327,-9.049909882627816
2022-07-12,0.00012799030891656727,Fold6_2022_2023,7.900262802077063e-05,-9.446029439964853,-8.963556008500243
2022-07-13,0.00012299356016271204,Fold6_2022_2023,2.7725865962308394e-05,-10.493144791227936,-9.003378560363215
2022-07-14,0.00010614467759560798,Fold6_2022_2023,5.911234293788644e-06,-12.038655899995257,-9.150707511480862
2022-07-15,8.703035784019892e-05,Fold6_2022_2023,0.0003581466914074208,-7.934567902954524,-9.349253559483394
2022-07-18,0.00014103800329257963,Fold6_2022_2023,6.874617699775145e-05,-9.58508943026917,-8.866481177004227
2022-07-19,0.00013055405917383753,Fold6_2022_2023,0.0007107970762090861,-7.249123575072814,-8.94372317043512
2022-07-20,0.00024877214155720164,Fold6_2022_2023,4.035920030972505e-05,-10.117691176606655,-8.298973174601608
2022-07-21,0.00020090144675566913,Fold6_2022_2023,0.00010265253539214646,-9.184160715416665,-8.512696084797144
2022-07-22,0.00017619201632648556,Fold6_2022_2023,8.68935750390282e-05,-9.35082646353526,-8.6439361557811
2022-07-25,0.000162202699091911,Fold6_2022_2023,1.4746386048128203e-06,-13.427097611879471,-8.726663775904083
2022-07-26,0.00012804024005289767,Fold6_2022_2023,0.00014164557127633985,-8.86218259743356,-8.96316596803699
2022-07-27,0.0001381637339654321,Fold6_2022_2023,0.0006571455305555078,-7.3276050563140345,-8.887071098105475
2022-07-28,0.00024285858413740114,Fold6_2022_2023,0.00015536003655502995,-8.76976531812887,-8.323031242309474
2022-07-29,0.00021924585820152335,Fold6_2022_2023,0.00020948879652797945,-8.470840297225454,-8.425316817647435
2022-08-01,0.00021203142124733332,Fold6_2022_2023,8.797019024734027e-06,-11.641097641057218,-8.45877608084397
2022-08-02,0.00017003516390169364,Fold6_2022_2023,4.3812795155310655e-05,-10.035584656409032,-8.679505295823246
2022-08-03,0.00014688729503055528,Fold6_2022_2023,0.00024143602267650402,-8.328906036421609,-8.825844965723075
2022-08-04,0.0001626227033148094,Fold6_2022_2023,4.567775915697326e-07,-14.599069235040492,-8.72407774381513
2022-08-05,0.0001290917040385771,Fold6_2022_2023,2.8611007366706745e-06,-12.764304134215338,-8.954987522140984
2022-08-08,0.00010408988921459161,Fold6_2022_2023,1.3492895519884591e-06,-13.515932361822493,-9.170255712760726
2022-08-09,8.411417881350198e-05,Fold6_2022_2023,1.5831412019208656e-05,-11.053514489110071,-9.383335410504992
2022-08-10,7.309947967563812e-05,Fold6_2022_2023,0.0004320738245353113,-7.746914094192183,-9.5236893092142
2022-08-11,0.0001450250445805424,Fold6_2022_2023,0.0,,-8.838604109213177
2022-08-12,0.00011531566357961324,Fold6_2022_2023,0.00028181353470069,-8.17426493019711,-9.067837289269002
2022-08-15,0.00014622026179481986,Fold6_2022_2023,1.6909592368919816e-05,-10.98762950126274,-8.830396430683392
2022-08-16,0.00011814982344768417,Fold6_2022_2023,3.829865226105966e-06,-12.472680944397142,-9.043557048638998
2022-08-17,9.453546619350474e-05,Fold6_2022_2023,5.0742915396255985e-05,-9.88873854789043,-9.2665354902384
2022-08-18,9.0354725731956e-05,Fold6_2022_2023,8.423168004332113e-06,-11.684524552928016,-9.311767237568302
2022-08-19,7.356139042135248e-05,Fold6_2022_2023,0.00018303703564072842,-8.605822045048606,-9.517390256539574
2022-08-22,0.00010550476632025206,Fold6_2022_2023,0.00044279139984378866,-7.722411779532072,-9.156754427677651
2022-08-23,0.0001898772916675001,Fold6_2022_2023,5.8657010880672385e-06,-12.046388545395514,-8.569132527772915
2022-08-24,0.00015242159070402703,Fold6_2022_2023,1.0214890074110403e-05,-11.491664090975263,-8.788860253459891
2022-08-25,0.00012209372636516237,Fold6_2022_2023,0.0001965269393696724,-8.534711040022893,-9.010721559288372
2022-08-26,0.00013411910100866086,Fold6_2022_2023,0.0011857827793139329,-6.737352149216822,-8.916782339276715
2022-08-29,0.0003800006277272529,Fold6_2022_2023,4.401439582854271e-05,-10.030993799635613,-7.875337653331384
2022-08-30,0.0003097626330534018,Fold6_2022_2023,0.00012184512788298885,-9.012759763239128,-8.07970425361066
2022-08-31,0.0002745714779034245,Fold6_2022_2023,5.8340579630111846e-05,-9.749212658193324,-8.200298937820286
2022-09-01,0.00023205026467376796,Fold6_2022_2023,9.813836099000007e-06,-11.531717321169666,-8.36855655168835
2022-09-02,0.00018397509829964396,Fold6_2022_2023,0.00011236548389450969,-9.093753750453317,-8.600710144841962
2022-09-06,0.00017467464382202026,Fold6_2022_2023,1.4289494774952601e-05,-11.15598592179428,-8.65258549261746
2022-09-07,0.00014329887222995011,Fold6_2022_2023,0.00031703118463310655,-8.056510414688493,-8.850578093154486
2022-09-08,0.00017520252607720844,Fold6_2022_2023,4.24455835577834e-05,-10.067287689305221,-8.649567961317018
2022-09-09,0.00014548833616207665,Fold6_2022_2023,0.0002376475901503224,-8.344721695286735,-8.835414638400543
2022-09-12,0.00016064956350488684,Fold6_2022_2023,0.00011428104511567674,-9.076849835424087,-8.736285189462514
2022-09-13,0.00014785354783681024,Fold6_2022_2023,0.0019763630652839853,-6.226496959042231,-8.819288315762888
2022-09-14,0.000564716749853621,Fold6_2022_2023,1.4505041453657236e-05,-11.141014282507555,-7.479186280217283
2022-09-15,0.00044305996971398846,Fold6_2022_2023,0.00013037618960191292,-8.945086520221587,-7.721805425266203
2022-09-16,0.00038097118652214877,Fold6_2022_2023,5.864505924642889e-05,-9.7440072277359,-7.8727868116234765
2022-09-19,0.00031567647122875906,Fold6_2022_2023,5.967826009632836e-05,-9.726542756375649,-8.06079269406986
2022-09-20,0.00025853053075472737,Fold6_2022_2023,0.00013329116988782037,-8.922974575375683,-8.260496763621532
2022-09-21,0.0002379491313945108,Fold6_2022_2023,0.00030967320453605525,-8.079992995438436,-8.343453640773598
2022-09-22,0.0002623476559210556,Fold6_2022_2023,7.115690674548253e-05,-9.550623165118154,-8.245840002801694
2022-09-23,0.00022630025104151242,Fold6_2022_2023,0.0002854992035287641,-8.161271318613732,-8.393647895994809
2022-09-26,0.0002477232611874291,Fold6_2022_2023,9.884063616168333e-05,-9.222001740586924,-8.30319831716826
2022-09-27,0.00022147531446728362,Fold6_2022_2023,6.533984128676818e-06,-11.938493673824645,-8.415199421790073
2022-09-28,0.00017808860049492556,Fold6_2022_2023,0.00037968025497296746,-7.87618109373004,-8.63322937592194
2022-09-29,0.00021493710774336567,Fold6_2022_2023,0.00044564343351351655,-7.715991402123016,-8.445165094753435
2022-09-30,0.000274848797362218,Fold6_2022_2023,0.00024287274985761124,-8.322972914920554,-8.199289439282175
2022-10-03,0.0002759611661469334,Fold6_2022_2023,0.0006790720062929619,-7.294783388468632,-8.195250404512814
2022-10-04,0.00035302294765290627,Fold6_2022_2023,0.0009312236005612196,-6.979011137062964,-7.948977495628559
2022-10-05,0.0004663699332173346,Fold6_2022_2023,5.433273471943748e-06,-12.122968756314025,-7.670531390663507
2022-10-06,0.00036841444342967483,Fold6_2022_2023,0.00010752689932845998,-9.137769515386683,-7.906302048516486
2022-10-07,0.00031777061322955653,Fold6_2022_2023,0.0008003317533582224,-7.130484224559407,-8.054180777521871
2022-10-10,0.00043511968093539865,Fold6_2022_2023,5.8746786865535785e-05,-9.742274098086103,-7.7398894361293955
2022-10-11,0.0003581729872941549,Fold6_2022_2023,4.036082935040364e-05,-10.117650813869286,-7.934494483537111
2022-10-12,0.0002937333352344905,Fold6_2022_2023,1.0916086988142721e-05,-11.4252729862838,-8.132838225231804
2022-10-13,0.00023576942353812296,Fold6_2022_2023,0.0006785384377844373,-7.295569429174676,-8.352656249438999
2022-10-14,0.000321617645270187,Fold6_2022_2023,0.0005314083954849502,-7.539979725958411,-8.042147155030943
2022-10-17,0.00037778349056127945,Fold6_2022_2023,0.00064375307003559,-7.348195337010376,-7.881189302736603
2022-10-18,0.0004255459360100293,Fold6_2022_2023,0.00013644710404372222,-8.899573534606258,-7.762137658057463
2022-10-19,0.00035946790010423494,Fold6_2022_2023,5.057442902487702e-05,-9.892064464645435,-7.930885675181355
2022-10-20,0.00029744767597927315,Fold6_2022_2023,7.090769151816504e-05,-9.554131646273982,-8.120272227508393
2022-10-21,0.00025387665984267745,Fold6_2022_2023,0.0005765186260333104,-7.458502909959542,-8.278662000053872
2022-10-24,0.000314658288968198,Fold6_2022_2023,0.00014791865975877246,-8.818848031508033,-8.064023304883053
2022-10-25,0.0002752366852626976,Fold6_2022_2023,0.0002509846180247048,-8.290118903480456,-8.19787915678238
2022-10-26,0.0002649149762101982,Fold6_2022_2023,5.719459378868347e-05,-9.769051178229125,-8.236101627949475
2022-10-27,0.00022526653049281285,Fold6_2022_2023,2.86676422162702e-05,-10.459741520157788,-8.398226276853059
2022-10-28,0.00018715600274726662,Fold6_2022_2023,0.0005528163998083309,-7.50048461914853,-8.583568049603679
2022-10-31,0.0002575093916498466,Fold6_2022_2023,5.255645675210897e-05,-9.853622599452446,-8.264454366098997
2022-11-01,0.0002185129277297218,Fold6_2022_2023,1.9232096661481643e-05,-10.858929973548731,-8.428665379367773
2022-11-02,0.00017966066275658325,Fold6_2022_2023,0.0006459928584114578,-7.344722109333403,-8.624440693220984
2022-11-03,0.0002917057933343762,Fold6_2022_2023,0.00010712879903386495,-9.141478718115147,-8.13976482069688
2022-11-04,0.00025834876894855564,Fold6_2022_2023,0.00020421868829989846,-8.496319136833229,-8.261200068295441
2022-11-07,0.00024256338416345807,Fold6_2022_2023,9.063283950825928e-05,-9.308693943612047,-8.32424750374637
2022-11-08,0.00020804684743803455,Fold6_2022_2023,2.8954375362283534e-05,-10.449789230225706,-8.477747275555515
2022-11-09,0.00016960637792435754,Fold6_2022_2023,0.00043335232419385294,-7.743959479080308,-8.682030229627477
2022-11-10,0.00023636484684480473,Fold6_2022_2023,0.0028619608710530784,-5.85624826983055,-8.350133985499703
2022-11-11,0.0007774305201943431,Fold6_2022_2023,9.277439143899743e-05,-9.285339910575667,-7.159516280998097
2022-11-14,0.000626699842012194,Fold6_2022_2023,7.29866900411456e-05,-9.525233461643175,-7.375042852828468
2022-11-15,0.0005132038295786821,Fold6_2022_2023,7.213083551658017e-05,-9.537028928033456,-7.5748374630942
2022-11-16,0.0004172555993207098,Fold6_2022_2023,5.864707465105163e-05,-9.743972862181177,-7.781811575930083
2022-11-17,0.0003459432836279389,Fold6_2022_2023,9.390176352309766e-06,-11.5758464840568,-7.969235716493392
2022-11-18,0.00027747679659153424,Fold6_2022_2023,2.0520263952227087e-05,-10.794097674575474,-8.18977324416015
2022-11-21,0.00022263874464850528,Fold6_2022_2023,1.3268849628867804e-05,-11.230091402988485,-8.409960079243916
2022-11-22,0.00018123972547947346,Fold6_2022_2023,0.0001786830564770821,-8.62989695575537,-8.615689952846061
2022-11-23,0.00017732623549753307,Fold6_2022_2023,3.946125533296848e-05,-10.14019124507885,-8.637519383481628
2022-11-25,0.00014715662703997367,Fold6_2022_2023,5.009164020815867e-08,-16.809411704891225,-8.824013048349348
2022-11-28,0.0001175691252832876,Fold6_2022_2023,0.0002587448903307391,-8.259667961093731,-9.048484097077534
2022-11-29,0.0001575038805037493,Fold6_2022_2023,2.9550471754907148e-06,-12.731995942600578,-8.756060461883056
2022-11-30,0.00012756559860301145,Fold6_2022_2023,0.0009619024238310064,-6.946597542972091,-8.966879826827796
2022-12-01,0.00029311190073774305,Fold6_2022_2023,5.418117820497913e-07,-14.428347161408213,-8.134956108077018
2022-12-02,0.00023366130905102733,Fold6_2022_2023,1.3328469699693168e-06,-13.528193324581185,-8.361637888315602
2022-12-05,0.00018742441500130808,Fold6_2022_2023,0.0003295296319338203,-8.017844278068752,-8.58213491382154
2022-12-06,0.0002268301351336823,Fold6_2022_2023,0.00021081976980319713,-8.464506961049423,-8.391309123977443
2022-12-07,0.00023147954405082954,Fold6_2022_2023,2.8995771946619323e-06,-12.750945626545123,-8.371019050973599
2022-12-08,0.00018631431474698467,Fold6_2022_2023,6.089531429917214e-05,-9.70635432710882,-8.58807544623402
2022-12-09,0.00015896602878134614,Fold6_2022_2023,5.6223542548425545e-05,-9.78617498222587,-8.746820034034855
2022-12-12,0.00014270952265913096,Fold6_2022_2023,0.00020489532108062896,-8.493011338116169,-8.854699303688827
2022-12-13,0.00015207631717081268,Fold6_2022_2023,5.687279095041628e-05,-9.77469352187971,-8.791128076471242
2022-12-14,0.00013125013556943447,Fold6_2022_2023,4.11396122324633e-05,-10.098539099343842,-8.938405623583098
2022-12-15,0.00011730108540507862,Fold6_2022_2023,0.0006133445405028317,-7.396583723637329,-9.05076654910743
2022-12-16,0.00023322312830168897,Fold6_2022_2023,0.0001410487276895401,-8.86640514083671,-8.36351493043967
2022-12-19,0.0002209051734327591,Fold6_2022_2023,7.252045059415658e-05,-9.531641958719147,-8.417777028017245
2022-12-20,0.0001954955167733844,Fold6_2022_2023,1.8703384438244073e-06,-13.189391157471412,-8.53997311090725
2022-12-21,0.0001567795646745095,Fold6_2022_2023,0.00022027331897197548,-8.420641423737704,-8.760669785872246
2022-12-22,0.00016612018807330274,Fold6_2022_2023,0.00020646295673097336,-8.485389547945518,-8.702799007049084
2022-12-23,0.00018251505548709396,Fold6_2022_2023,3.289688668174936e-05,-10.322132534404686,-8.608677892524629
2022-12-27,0.00015124139138400727,Fold6_2022_2023,1.5611601593778327e-05,-11.067496228201714,-8.7966333791425
2022-12-28,0.0001268927469164665,Fold6_2022_2023,0.0001563934358046516,-8.763135701292345,-8.972168340776001
2022-12-29,0.00014035169586205693,Fold6_2022_2023,0.0003182684433245893,-8.052615369889859,-8.871359172136708
2022-12-30,0.00017223027526925945,Fold6_2022_2023,6.955624982005855e-06,-11.875959875805714,-8.66667816685244
2023-01-03,0.0001412092754145915,Fold6_2022_2023,1.7799143127548947e-05,-10.936360240726694,-8.86526754515758
2023-01-04,0.00011959525793058184,Fold6_2022_2023,5.91442262685684e-05,-9.73553158399367,-9.031397366643652
2023-01-05,0.00010623223514551976,Fold6_2022_2023,0.00013176448379946594,-8.934494442623306,-9.1498829627694
2023-01-06,0.00011847581285971051,Fold6_2022_2023,0.0005140733770616914,-7.573144545768549,-9.04080172911107
2023-01-09,0.00019336993437376378,Fold6_2022_2023,3.21564361380691e-07,-14.950068122384542,-8.550905445283515
2023-01-10,0.00015577017695128068,Fold6_2022_2023,4.8838098922909295e-05,-9.926999834071708,-8.767128861648484
2023-01-11,0.00013308037851534436,Fold6_2022_2023,0.00015796213084681094,-8.753155231849455,-8.924557262548849
2023-01-12,0.0001353310938805586,Fold6_2022_2023,1.3207944108975833e-05,-11.23469208295929,-8.907786234848167
2023-01-13,0.00011093764585942613,Fold6_2022_2023,1.4992866461339526e-05,-11.107936039225013,-9.10654226350621
2023-01-17,9.187438466781603e-05,Fold6_2022_2023,3.362649622734589e-06,-12.602781316558763,-9.29508829794686
2023-01-18,7.667236066291066e-05,Fold6_2022_2023,0.00025324863232781936,-8.281138815332515,-9.475969270950806
2023-01-19,0.000121874802492922,Fold6_2022_2023,5.338633400311694e-05,-9.837955762295234,-9.012516249218473
2023-01-20,0.00011300859350978323,Fold6_2022_2023,0.000340686230388706,-7.984548649762147,-9.08804669338435
2023-01-23,0.00015456083559084612,Fold6_2022_2023,0.00014225645517203329,-8.857879106922173,-8.774922781259205
2023-01-24,0.00014939942902473125,Fold6_2022_2023,1.153133748747758e-06,-13.673027322756374,-8.808887107061807
2023-01-25,0.00012160819944359496,Fold6_2022_2023,1.4037564840427613e-07,-15.77894380481191,-9.014706161070656
2023-01-26,9.884717844338051e-05,Fold6_2022_2023,0.00011947944086340264,-9.03236624437788,-9.221935552575157
2023-01-27,0.00010095396562171617,Fold6_2022_2023,5.266288214130763e-06,-12.154184767257815,-9.200845930948594
2023-01-30,8.274752242475084e-05,Fold6_2022_2023,0.0001594173522235837,-8.74398493791196,-9.399716484641722
2023-01-31,0.00010586546802618063,Fold6_2022_2023,0.00021305029886641933,-8.453982275219904,-9.153341439494337
2023-02-01,0.00012415051127559452,Fold6_2022_2023,0.00011176196978504117,-9.099139218036305,-8.994015927810004
2023-02-02,0.00011957362497495452,Fold6_2022_2023,0.00020886223785585156,-8.473835672348748,-9.031578267732653
2023-02-03,0.00013422876606016676,Fold6_2022_2023,0.00011418996980364956,-9.077647094690287,-8.91596500423464
2023-02-06,0.00013667184165019652,Fold6_2022_2023,3.757801180830365e-05,-10.189091470958504,-8.897927821917774
2023-02-07,0.0001210572146355905,Fold6_2022_2023,0.00016883614208030662,-8.68658188687093,-9.019247275897008
2023-02-08,0.00012781194596780352,Fold6_2022_2023,0.00012088983920191838,-9.020630846870223,-8.964950546462779
2023-02-09,0.0001330514306444276,Fold6_2022_2023,7.581405460169337e-05,-9.487226865594655,-8.924774807915728
2023-02-10,0.00012703255356482694,Fold6_2022_2023,5.434158662710133e-06,-12.122805849243178,-8.971067177069806
2023-02-13,0.00010344601889460838,Fold6_2022_2023,0.00013620281015051298,-8.901365531932246,-9.176460637890623
2023-02-14,0.00010771009035369765,Fold6_2022_2023,2.118126733380921e-07,-15.367563569223185,-9.136067288741138
2023-02-15,8.820181926856887e-05,Fold6_2022_2023,1.0511669693112935e-05,-11.463024518603737,-9.33588296853649
2023-02-16,7.332195634546632e-05,Fold6_2022_2023,0.00019222544621063777,-8.556841675755251,-9.520650453059233
2023-02-17,0.0001055300876951781,Fold6_2022_2023,6.2569755940015236e-06,-11.981813621546749,-9.156514454284007
2023-02-21,8.858613408495539e-05,Fold6_2022_2023,0.0004106645272685338,-7.797733912125864,-9.331535212770472
2023-02-22,0.0001645410713388562,Fold6_2022_2023,1.9016296966948155e-06,-13.172799304333886,-8.712350345129723
2023-02-23,0.00013402549776056054,Fold6_2022_2023,2.814347154102163e-05,-10.478195147113041,-8.917480494319419
2023-02-24,0.00011261975904543966,Fold6_2022_2023,0.00011533826880996219,-9.067641279340299,-9.091493377676233
2023-02-27,0.0001196339933589329,Fold6_2022_2023,1.1559976966735873e-05,-11.367961687218925,-9.031073531422994
2023-02-28,9.86161191260252e-05,Fold6_2022_2023,1.371205106773572e-05,-11.197235471806005,-9.224275829737108
2023-03-01,8.514910934279066e-05,Fold6_2022_2023,1.4769457572090009e-05,-11.122949187072344,-9.371106610771813
2023-03-02,7.470284636205144e-05,Fold6_2022_2023,6.001666223212636e-05,-9.720888330425982,-9.501992362641781
2023-03-03,7.100567723025975e-05,Fold6_2022_2023,0.000253146857161971,-8.281540774549494,-9.552750723130094
2023-03-06,0.0001038645860511485,Fold6_2022_2023,4.797110731966302e-07,-14.550081845117926,-9.172422564436408
2023-03-07,8.498222919263749e-05,Fold6_2022_2023,0.00023862386697771464,-8.340622024058646,-9.373068391653698
2023-03-08,0.0001243242668234517,Fold6_2022_2023,2.659686056634888e-06,-12.837302465957496,-8.992617350638438
2023-03-09,0.00010132851305618826,Fold6_2022_2023,0.0003467888616142974,-7.966794431179501,-9.197142714882037
2023-03-10,0.00016043112192191042,Fold6_2022_2023,0.00021125113454947286,-8.462462921093021,-8.737645854408074
2023-03-13,0.00017868836162112395,Fold6_2022_2023,2.0345431931761355e-06,-13.105239239365744,-8.629867265949338
2023-03-14,0.00014549643295389908,Fold6_2022_2023,0.00026879291576058483,-8.221569304719928,-8.835358987434006
2023-03-15,0.0001661840802103313,Fold6_2022_2023,3.936166909212954e-05,-10.142718080883348,-8.702414467072236
2023-03-16,0.00014509327417336004,Fold6_2022_2023,0.00030251759024654514,-8.103371132608643,-8.838133752192162
2023-03-17,0.0001722682577530634,Fold6_2022_2023,0.00013833499532660994,-8.885832312064629,-8.666457658024001
2023-03-20,0.00017215518591919324,Fold6_2022_2023,9.1578824625774e-05,-9.29831048521631,-8.667114244211787
2023-03-21,0.0001541599605329171,Fold6_2022_2023,0.0001701754351694738,-8.678680681445494,-8.777519789871967
2023-03-22,0.00015437861382425498,Fold6_2022_2023,0.0002956181241780504,-8.126442057582894,-8.776102441468142
2023-03-23,0.0001919725435490255,Fold6_2022_2023,7.288766533342086e-06,-11.82917622607551,-8.558158198511128
2023-03-24,0.00015554612463899244,Fold6_2022_2023,4.2778813836173395e-05,-10.059467581759087,-8.768568248855816
2023-03-27,0.00013230178161984242,Fold6_2022_2023,3.489786798442903e-06,-12.565669912887339,-8.930425020419733
2023-03-28,0.00010770219941400699,Fold6_2022_2023,5.0491964250097366e-06,-12.196281451098983,-9.136140552339077
2023-03-29,9.002235593284643e-05,Fold6_2022_2023,0.0002082282871276806,-8.476875545845669,-9.315452519226147
2023-03-30,0.00011057629129629114,Fold6_2022_2023,3.4084904569164426e-05,-10.286655952943253,-9.109804856265038
2023-03-31,9.506716336050836e-05,Fold6_2022_2023,0.00019589440739991044,-8.537934781660642,-9.260926933416112
2023-04-03,0.00011211561936261581,Fold6_2022_2023,1.4465582012879426e-05,-11.143738384405113,-9.095979903403009
2023-04-04,9.31696296929244e-05,Fold6_2022_2023,3.095511425869703e-05,-10.38297232987739,-9.281088751041079
2023-04-05,8.511303788261799e-05,Fold6_2022_2023,6.872757162668516e-06,-11.88794519852109,-9.371530327508623
2023-04-06,7.267351689448438e-05,Fold6_2022_2023,1.5157608641937304e-05,-11.097007931489527,-9.529533519096203
2023-04-10,6.183184238744272e-05,Fold6_2022_2023,1.0521686844384528e-06,-13.764657110078485,-9.691092077208063
2023-04-11,5.1446930510033814e-05,Fold6_2022_2023,7.211485502313588e-08,-16.44500578026953,-9.87495975713285
2023-04-12,4.324345901220619e-05,Fold6_2022_2023,1.668083844358236e-05,-11.001249895895166,-10.048664572735806
2023-04-13,4.191413785355406e-05,Fold6_2022_2023,0.00017411447552004641,-8.65579756978693,-10.079887369009914
2023-04-14,6.58726480208483e-05,Fold6_2022_2023,5.981150651027234e-06,-12.026897591951688,-9.627787255408476
2023-04-17,5.714702273393326e-05,Fold6_2022_2023,1.2827890608240525e-05,-11.263888803746859,-9.769883264724692
2023-04-18,4.919411655226016e-05,Fold6_2022_2023,4.25489726247096e-07,-14.67002503435469,-9.919736523887677
2023-04-19,4.152019002159193e-05,Fold6_2022_2023,2.8582753995474706e-08,-17.370462308153773,-10.089330742489176
2023-04-20,3.563662966317562e-05,Fold6_2022_2023,2.994383039819171e-05,-10.416187251344533,-10.242136525961953
2023-04-21,3.9109840450098745e-05,Fold6_2022_2023,6.029639526896026e-07,-14.321408421957026,-10.149136448721952
2023-04-24,3.347583723453776e-05,Fold6_2022_2023,1.0873977035218138e-06,-13.731723144135097,-10.304686655959316
2023-04-25,2.8964356669181578e-05,Fold6_2022_2023,0.00025604063563770146,-8.270174393121684,-10.449444564289601
2023-04-26,8.320779870527644e-05,Fold6_2022_2023,1.8015763378596368e-05,-10.924263440052151,-9.39416948009149
2023-04-27,7.404019352880015e-05,Fold6_2022_2023,0.00038857874440667816,-7.853014720389593,-9.510902456421224
2023-04-28,0.00013214926737745316,Fold6_2022_2023,7.223182678526573e-05,-9.535629794995174,-8.9315784608003
2023-05-01,0.00011883218944785075,Fold6_2022_2023,1.0207289270915e-06,-13.794993551494239,-9.037798232789154
2023-05-02,9.767915155078648e-05,Fold6_2022_2023,0.00012775350020828512,-8.965407930365117,-9.233822414207058
2023-05-03,0.00011043482351029657,Fold6_2022_2023,4.743909107770741e-05,-9.956063962865864,-9.111085043512082
2023-05-04,0.00010267983570387695,Fold6_2022_2023,5.052534383545231e-05,-9.893035489443864,-9.183894802041724
2023-05-05,9.720545647345666e-05,Fold6_2022_2023,0.0003364758899751307,-7.996984060851691,-9.238683711515282
2023-05-08,0.00014046802380002113,Fold6_2022_2023,7.106323402570865e-08,-16.45969573619143,-8.870530683704642
2023-05-09,0.00011420423577534897,Fold6_2022_2023,1.9316823924505265e-05,-10.854534135835484,-9.07752217057777
2023-05-10,9.90842061777394e-05,Fold6_2022_2023,2.1729051750784618e-05,-10.736860402439872,-9.219540501905279
2023-05-11,8.399991489956187e-05,Fold6_2022_2023,3.0465876253329683e-06,-12.701488405047842,-9.384694772221927
2023-05-12,7.07460225357227e-05,Fold6_2022_2023,1.7191032769338818e-06,-13.273707753709237,-9.556414241597608
2023-05-15,5.9725284045291474e-05,Fold6_2022_2023,1.186200117806221e-05,-11.342170445233783,-9.725755108877708
2023-05-16,5.10910915658635e-05,Fold6_2022_2023,4.495633752048578e-05,-10.00981881654024,-9.88190040930149
2023-05-17,5.4910724794513654e-05,Fold6_2022_2023,0.0001455856116878312,-8.834746247910124,-9.809801877079062
2023-05-18,7.07343724410113e-05,Fold6_2022_2023,9.191069942654678e-05,-9.294693110716272,-9.55657893006543
2023-05-19,7.351647548449525e-05,Fold6_2022_2023,2.1206845842088634e-06,-13.063771604327199,-9.518001020613106
2023-05-22,6.212672673459815e-05,Fold6_2022_2023,1.648728615952297e-07,-15.618091195847601,-9.686334279413048
2023-05-23,5.193520746094036e-05,Fold6_2022_2023,0.0001273790522817775,-8.968343253135265,-9.865513626665726
2023-05-24,7.375502889437436e-05,Fold6_2022_2023,5.287161305103681e-05,-9.847643978421845,-9.514761376670771
2023-05-25,7.468764463091551e-05,Fold6_2022_2023,7.435370353324053e-05,-9.5066770741502,-9.502195879359443
2023-05-26,7.356009172999088e-05,Fold6_2022_2023,0.00016557086937628155,-8.706111241050534,-9.517407911219811
2023-05-30,8.92083847872096e-05,Fold6_2022_2023,1.4509849417985478e-07,-15.745853054919527,-9.32453552293941
2023-05-31,7.351075203128306e-05,Fold6_2022_2023,3.092065773793096e-05,-10.384086062222567,-9.518078876304351
2023-06-01,6.946976557339459e-05,Fold6_2022_2023,8.941710213243352e-05,-9.322198595059621,-9.57461892776648
2023-06-02,7.20456847374127e-05,Fold6_2022_2023,0.00020614151341553756,-8.486947666694707,-9.538210129922888
2023-06-05,9.546821567492299e-05,Fold6_2022_2023,3.679067348301581e-06,-12.512851275865788,-9.256717186032384
2023-06-06,8.01023062496779e-05,Fold6_2022_2023,4.730278267379376e-06,-12.261526526878104,-9.432205912173636
2023-06-07,6.650963275135539e-05,Fold6_2022_2023,1.1995832761689947e-05,-11.330951238347586,-9.618163767388866
2023-06-08,5.9324536121431215e-05,Fold6_2022_2023,3.636398429724939e-05,-10.221931715526079,-9.732487574949356
2023-06-09,5.4722512515631614e-05,Fold6_2022_2023,3.214034090217272e-06,-12.647983683917007,-9.813235369848238
2023-06-12,4.6112120133141595e-05,Fold6_2022_2023,8.155707372339588e-05,-9.41420749172223,-9.98443473290373
2023-06-13,5.199834797736147e-05,Fold6_2022_2023,4.31825107149755e-05,-10.050074989246646,-9.86429860955364
2023-06-14,5.000233676187388e-05,Fold6_2022_2023,1.4164420315221425e-06,-13.467362442253343,-9.903440818390708
2023-06-15,4.2237244866154265e-05,Fold6_2022_2023,0.00015181909823450026,-8.79282088909491,-10.072208146400133
2023-06-16,6.15172942505007e-05,Fold6_2022_2023,1.1642128293343366e-05,-11.360880289304003,-9.696192215357957
2023-06-20,5.52843397230845e-05,Fold6_2022_2023,2.705687892556973e-05,-10.517569280913982,-9.803020877188837
2023-06-21,5.40613880744786e-05,Fold6_2022_2023,2.6389468358518948e-05,-10.542545553217751,-9.825390340892177
2023-06-22,5.2913339851675515e-05,Fold6_2022_2023,1.2982768673209936e-05,-11.251887566413389,-9.846855079780632
2023-06-23,4.594233826144167e-05,Fold6_2022_2023,5.758714738700922e-05,-9.762211150803092,-9.988123463839214
2023-06-26,5.3541425832724084e-05,Fold6_2022_2023,1.6762374680808403e-05,-10.996373785547979,-9.835054889058869
2023-06-27,5.0168966880865185e-05,Fold6_2022_2023,0.00011889002670543614,-9.037311637470781,-9.90011391204878
2023-06-28,6.185417824042593e-05,Fold6_2022_2023,2.542089129488586e-07,-15.185109416064362,-9.690730906994768
2023-06-29,5.1766348030049616e-05,Fold6_2022_2023,1.547444515782648e-05,-11.076320594134838,-9.868770271743635
2023-06-30,4.540019147312323e-05,Fold6_2022_2023,0.00013763159933753968,-8.890930012481318,-9.99999423545619
2023-07-03,6.135306672135933e-05,Fold6_2022_2023,1.3220821614400226e-06,-13.536302669116482,-9.698865400748456
2023-07-05,5.134498007060396e-05,Fold6_2022_2023,2.215031148362781e-06,-13.020244092099784,-9.876943385460864
2023-07-06,4.457789326965515e-05,Fold6_2022_2023,6.18035311756328e-05,-9.691550056368701,-10.018272488421212
2023-07-07,5.335195830030239e-05,Fold6_2022_2023,6.38995835394935e-06,-11.960782806974887,-9.838599874230345
2023-07-10,4.7394559829036224e-05,Fold6_2022_2023,6.3899583539489605e-06,-11.960782806974949,-9.95700310738932
2023-07-11,4.069323881353358e-05,Fold6_2022_2023,4.0300887473718656e-05,-10.119137067573746,-10.1094486018332
2023-07-12,4.050969747498379e-05,Fold6_2022_2023,6.422224492070662e-05,-9.65316091319157,-10.113969168687118
2023-07-13,4.4396461244896586e-05,Fold6_2022_2023,6.24953200631469e-05,-9.68041888301514,-10.022350793393962
2023-07-14,4.7190300790176126e-05,Fold6_2022_2023,3.8807355137735283e-07,-14.76207094988284,-9.96132217822264
2023-07-17,4.0571700871406744e-05,Fold6_2022_2023,1.2014132148849384e-05,-11.329426922025517,-10.112439757261724
2023-07-18,3.596167789132311e-05,Fold6_2022_2023,5.480758329481527e-05,-9.811681992291863,-10.233056689512713
2023-07-19,3.912067918056518e-05,Fold6_2022_2023,4.933894634674052e-06,-12.219381895035665,-10.148859351481976
2023-07-20,3.389551290059276e-05,Fold6_2022_2023,4.430976077089608e-05,-10.024305571754224,-10.292227915152973
2023-07-21,4.0928075239471126e-05,Fold6_2022_2023,0.0,,-10.10369429423218
2023-07-24,3.525609043804072e-05,Fold6_2022_2023,1.9868167959452404e-05,-10.826391706987417,-10.252872265246328
2023-07-25,3.2869222345208326e-05,Fold6_2022_2023,7.43264451915916e-06,-11.809628838044,-10.32297382906487
2023-07-26,2.919403798798746e-05,Fold6_2022_2023,2.3608678779350677e-08,-17.561651447628684,-10.441546048030885
2023-07-27,2.5799372200456126e-05,Fold6_2022_2023,4.424927288582641e-05,-10.025671618604067,-10.565160399648416
2023-07-28,3.44275310226839e-05,Fold6_2022_2023,9.49229069581964e-05,-9.262445501515927,-10.276653993243688
2023-07-31,4.48499876960154e-05,Fold6_2022_2023,3.6184014369677064e-06,-12.529478221654925,-10.012187243795841
2023-08-01,3.834614757750935e-05,Fold6_2022_2023,8.212707148877936e-06,-11.70982795086399,-10.168856489499113
2023-08-02,3.591717943939965e-05,Fold6_2022_2023,0.0001962381939987638,-8.536181361079402,-10.234294841015414
2023-08-03,7.510241142655751e-05,Fold6_2022_2023,8.236443452422136e-06,-11.706941927069236,-9.496657890168308
2023-08-04,6.52239149726959e-05,Fold6_2022_2023,2.0548702483728885e-05,-10.792712758493325,-9.63768436222441
2023-08-07,6.0430030406731124e-05,Fold6_2022_2023,7.55290762155183e-05,-9.490992860409882,-9.714024384418153
2023-08-08,6.226352654791701e-05,Fold6_2022_2023,1.8994354264199578e-05,-10.871368766943352,-9.684134752281924
2023-08-09,5.770569152722286e-05,Fold6_2022_2023,4.499309148617956e-05,-10.009001602509088,-9.760154749328292
2023-08-10,6.00242418514936e-05,Fold6_2022_2023,1.2879593798208935e-07,-15.865036561179611,-9.720762046482436
2023-08-11,5.0434070182788494e-05,Fold6_2022_2023,3.401780837017124e-07,-14.893796580865489,-9.894843615578871
2023-08-14,4.3176888245144796e-05,Fold6_2022_2023,3.030339861031944e-05,-10.404250686381937,-10.050205200200088
2023-08-15,4.0872724935453434e-05,Fold6_2022_2023,0.00013729382627633552,-8.893387211413728,-10.105047589367356
2023-08-16,6.638382853088956e-05,Fold6_2022_2023,5.424605532819159e-05,-9.821980281031808,-9.620057077365626
2023-08-17,6.899546379021062e-05,Fold6_2022_2023,5.8508617946320954e-05,-9.746336499254575,-9.581469797698986
2023-08-18,7.201354510544845e-05,Fold6_2022_2023,2.3146418276483024e-07,-15.278840693468686,-9.538656330177222
2023-08-21,5.9994086963703466e-05,Fold6_2022_2023,4.2059161555182614e-05,-10.076433322382409,-9.721264551203545
2023-08-22,5.625932571685693e-05,Fold6_2022_2023,7.355906579762556e-06,-11.82000695117199,-9.785538740099573
2023-08-23,5.0013312780263594e-05,Fold6_2022_2023,0.0001226833140181061,-9.005904205567381,-9.90322133237059
2023-08-24,6.214948853567215e-05,Fold6_2022_2023,0.00019477335581975902,-8.54367395321664,-9.685967969555943
2023-08-25,9.546974312042054e-05,Fold6_2022_2023,4.935002502054894e-05,-9.916572285082907,-9.256701186641722
2023-08-28,8.580345841924385e-05,Fold6_2022_2023,3.996050815860695e-05,-10.127618887582923,-9.363451244366106
2023-08-29,7.65339990591553e-05,Fold6_2022_2023,0.0002059583773661278,-8.48783646121061,-9.477775483716677
2023-08-30,9.835431294778367e-05,Fold6_2022_2023,1.689463955296542e-05,-10.988514172564496,-9.226934161037509
2023-08-31,8.289454399047686e-05,Fold6_2022_2023,2.144218254332354e-06,-13.052735522207113,-9.397941312337776
2023-09-01,6.98530305068912e-05,Fold6_2022_2023,3.4722965751556137e-06,-12.570694345702535,-9.569117087277016
2023-09-05,5.841543793963036e-05,Fold6_2022_2023,1.876024098038241e-05,-10.883770769032536,-9.747930354782602
2023-09-06,5.458277811097614e-05,Fold6_2022_2023,4.5497289507614525e-05,-9.997857805043026,-9.815792144181408
2023-09-07,5.760135941675606e-05,Fold6_2022_2023,9.454723009122234e-06,-11.568996151986605,-9.76196438955558
2023-09-08,5.163902870512619e-05,Fold6_2022_2023,2.264685889364291e-06,-12.998074488838629,-9.871232801126197
2023-09-11,4.373934984286291e-05,Fold6_2022_2023,4.296925827196727e-05,-10.055025621858414,-10.037262406958202
2023-09-12,4.338587004174508e-05,Fold6_2022_2023,3.0257335124505117e-05,-10.405771919427071,-10.045376744943985
2023-09-13,4.520627080018954e-05,Fold6_2022_2023,1.357517814298411e-06,-13.509852662352667,-10.004274746231363
2023-09-14,3.8547227370869144e-05,Fold6_2022_2023,7.371459077106863e-05,-9.515309803179377,-10.163626383476167
2023-09-15,4.440921463415012e-05,Fold6_2022_2023,0.0001469316123947401,-8.825543301239264,-10.022063573253696
2023-09-18,7.108595065716543e-05,Fold6_2022_2023,3.436824323072834e-07,-14.883547767846819,-9.551620840439057
2023-09-19,5.927286617717117e-05,Fold6_2022_2023,4.310561303156611e-06,-12.354442429577212,-9.733358925358855
2023-09-20,5.162235852677194e-05,Fold6_2022_2023,8.529814903989723e-05,-9.369357803117115,-9.871555674543764
2023-09-21,6.37649588714165e-05,Fold6_2022_2023,0.0002777697485530917,-8.188718030070834,-9.660306752488104
2023-09-22,0.0001137303038076787,Fold6_2022_2023,5.067424653815598e-06,-12.192677827242763,-9.081680668465072
2023-09-25,9.526056768723542e-05,Fold6_2022_2023,1.760926511902173e-05,-10.947085367217221,-9.258894603263995
2023-09-26,8.062734057917674e-05,Fold6_2022_2023,0.00021904865581422075,-8.426216680156791,-9.42567275283031
2023-09-27,0.00011501129289512549,Fold6_2022_2023,1.5918893270831487e-07,-15.653174084116479,-9.070480235334191
2023-09-28,9.444311890363819e-05,Fold6_2022_2023,3.341805396704318e-05,-10.3064142660842,-9.267512821052573
2023-09-29,8.248398457279268e-05,Fold6_2022_2023,5.904781285127503e-06,-12.039748147929357,-9.402906409858996
2023-10-02,7.066725782071808e-05,Fold6_2022_2023,1.58242667379861e-07,-15.659136112667941,-9.557528206607842
2023-10-03,5.933984244876377e-05,Fold6_2022_2023,0.00018161635001005916,-8.613614062754777,-9.732229598164716
2023-10-04,8.997563285609101e-05,Fold6_2022_2023,5.264530961797598e-05,-9.85193340943102,-9.315971670335768
2023-10-05,8.210031229794628e-05,Fold6_2022_2023,1.4207447968816974e-07,-15.766914412003473,-9.407568737640455
2023-10-06,6.854342768930952e-05,Fold6_2022_2023,0.00013930840108994304,-8.878820369665082,-9.588043032711232
2023-10-09,7.982647586410844e-05,Fold6_2022_2023,4.072870796737675e-05,-10.108577358698172,-9.435655330788856
2023-10-10,7.199053648285777e-05,Fold6_2022_2023,2.6951047263606013e-05,-10.521488401861273,-9.538975885325002
2023-10-11,6.350785738965815e-05,Fold6_2022_2023,1.6708907776540363e-05,-10.999568580955831,-9.664346921300782
2023-10-12,5.51466773576738e-05,Fold6_2022_2023,3.739368899531074e-05,-10.194008611223452,-9.805514061447363
2023-10-13,5.619627496091736e-05,Fold6_2022_2023,2.493231933212135e-05,-10.599345630976744,-9.786660085095578
2023-10-16,5.422206398899435e-05,Fold6_2022_2023,0.00010954743351191105,-9.119152919747105,-9.822422647687365
2023-10-17,6.308670079821906e-05,Fold6_2022_2023,2.108998810060355e-09,-19.977052499669774,-9.67100057452604
2023-10-18,5.317249400367703e-05,Fold6_2022_2023,0.00017995097543432908,-8.622826102868602,-9.841969325328849
2023-10-19,8.449217007444073e-05,Fold6_2022_2023,7.788749138927391e-05,-9.460245190647315,-9.378851689735457
2023-10-20,8.846509661908287e-05,Fold6_2022_2023,0.00015287159801794967,-8.785912217562194,-9.332902472226921
2023-10-23,0.000107368733865782,Fold6_2022_2023,3.008629515216138e-06,-12.71402589344824,-9.139241536840883
2023-10-24,8.97965360937267e-05,Fold6_2022_2023,5.64137624323279e-05,-9.782797414469433,-9.317964156966617
2023-10-25,8.260027134375259e-05,Fold6_2022_2023,0.00020897852369035542,-8.473279068741787,-9.401497592409413
2023-10-26,0.00011411301651501864,Fold6_2022_2023,0.00014513103476652658,-8.837873535578897,-9.078321227716632
2023-10-27,0.00012635111157913387,Fold6_2022_2023,2.0638806962478116e-05,-10.788337421227041,-8.976445926549982
2023-10-30,0.00010940667603438554,Fold6_2022_2023,0.00014125112111650282,-8.864971250861238,-9.12043864575798
2023-10-31,0.00011300392719188397,Fold6_2022_2023,3.919610319758099e-05,-10.146933224334157,-9.088087985945359
2023-11-01,9.834898553223403e-05,Fold6_2022_2023,0.00011253445988735783,-9.092251073113315,-9.22698832805547
2023-11-02,9.904329531200406e-05,Fold6_2022_2023,0.0003603602734367347,-7.928406267393625,-9.219953477045117
2023-11-03,0.00014412449778868015,Fold6_2022_2023,8.248065798504874e-05,-9.4029467407771,-8.844833063934946
2023-11-06,0.00013051570955167617,Fold6_2022_2023,5.2802332867023696e-06,-12.151540278134577,-8.944016958740251
2023-11-07,0.00010733054757796709,Fold6_2022_2023,8.076491379255695e-06,-11.726553014979325,-9.139597255667335
2023-11-08,8.910602255516505e-05,Fold6_2022_2023,5.359164737779023e-07,-14.439287520522669,-9.3256836325601
2023-11-09,7.381053749684525e-05,Fold6_2022_2023,6.129574110755589e-05,-9.699800193658271,-9.514009052040487
2023-11-10,7.63782786206999e-05,Fold6_2022_2023,0.00023975969098037164,-8.335873423827353,-9.479812213463287
2023-11-13,0.0001039090504016185,Fold6_2022_2023,9.095196568404577e-07,-13.910349226423044,-9.171994556803602
2023-11-14,8.644810443914242e-05,Fold6_2022_2023,0.0003692180952269436,-7.904123044545988,-9.355966272748098
2023-11-15,0.00013531119528975008,Fold6_2022_2023,4.47272085447588e-06,-12.317513642240316,-8.907933282014413
2023-11-16,0.00011117969097309093,Fold6_2022_2023,1.4938035577922942e-06,-13.414184967320367,-9.104362827961694
2023-11-17,9.164825424286474e-05,Fold6_2022_2023,1.5452245461059367e-06,-13.38034132088961,-9.297552631946559
2023-11-20,7.597012715684674e-05,Fold6_2022_2023,5.880031817653664e-05,-9.741363291908744,-9.48517035867344
2023-11-21,7.186548678048614e-05,Fold6_2022_2023,4.760020798779661e-06,-12.255258520238966,-9.540714425443547
2023-11-22,6.193899057165572e-05,Fold6_2022_2023,1.4848783735745379e-05,-11.117592599386635,-9.689360680425509
2023-11-24,5.3612864301008565e-05,Fold6_2022_2023,3.783255785047047e-07,-14.787510693253484,-9.833721513068427
2023-11-27,4.5339107724145936e-05,Fold6_2022_2023,3.2491100122236127e-06,-12.637129441517038,-10.001340592740075
2023-11-28,4.01434523072346e-05,Fold6_2022_2023,9.793130486051872e-07,-13.836414481887736,-10.123051211636879
2023-11-29,3.445414296306474e-05,Fold6_2022_2023,4.949595255062508e-07,-14.518789844374835,-10.275881307559237
2023-11-30,3.0427599247365927e-05,Fold6_2022_2023,1.544191606965668e-05,-11.078424923291445,-10.400160491437644
2023-12-01,2.8361414259688254e-05,Fold6_2022_2023,3.47912285564017e-05,-10.266145255931498,-10.470480989430595
2023-12-04,2.9756977546729535e-05,Fold6_2022_2023,2.7701212241669817e-05,-10.494034382491387,-10.42244691408683
2023-12-05,3.374175032285677e-05,Fold6_2022_2023,3.885669125578312e-08,-17.06338554186708,-10.296774605403128
2023-12-06,2.9644520464028594e-05,Fold6_2022_2023,1.6304089420188995e-05,-11.024094596943684,-10.426233256883537
2023-12-07,3.094774456560502e-05,Fold6_2022_2023,5.778096242198093e-05,-9.75885120640203,-10.383210434975176
2023-12-08,3.5621733535395996e-05,Fold6_2022_2023,1.8403330181564568e-05,-10.902978921597201,-10.242554613813764
2023-12-11,3.3004196421527465e-05,Fold6_2022_2023,1.5071360584360448e-05,-11.102714265103943,-10.318875840293776
2023-12-12,3.041177848138839e-05,Fold6_2022_2023,2.0764423976993616e-05,-10.782269421358128,-10.400680574545815
2023-12-13,2.9169698907741e-05,Fold6_2022_2023,0.00018757556587668586,-8.581328775734763,-10.442380096121427
2023-12-14,5.685650592674728e-05,Fold6_2022_2023,1.0266964171229958e-05,-11.486579179355497,-9.774979904091285
2023-12-15,4.880925637168124e-05,Fold6_2022_2023,2.715213052564613e-06,-12.816640135257684,-9.927590583344536
2023-12-18,4.280783666605068e-05,Fold6_2022_2023,3.1462793675713893e-05,-10.366704863395782,-10.05878937246314
2023-12-19,4.075854499673222e-05,Fold6_2022_2023,3.675575311317017e-05,-10.21121579726053,-10.107845047088599
2023-12-20,3.9948988179117945e-05,Fold6_2022_2023,0.00019472035168764312,-8.54394612260691,-10.127907213253756
2023-12-21,7.727310542568288e-05,Fold6_2022_2023,8.906359917510246e-05,-9.326159845962277,-9.468164587546125
2023-12-22,7.80170225467274e-05,Fold6_2022_2023,4.030419491610246e-06,-12.421640095211922,-9.458583517306526
2023-12-26,6.502000163874434e-05,Fold6_2022_2023,1.775430673784873e-05,-10.938882438355266,-9.640815617884819
2023-12-27,5.64682155933113e-05,Fold6_2022_2023,3.2632150404055495e-06,-12.632797639856618,-9.781832633976398
2023-12-28,4.777604621078194e-05,Fold6_2022_2023,1.4267483814749082e-07,-15.762697654938226,-9.94898616936956
2023-12-29,4.075563955004964e-05,Fold6_2022_2023,8.405238687728606e-06,-11.686655393204884,-10.1079163339867
