date,forecast_var,fold,actual_var,target,log_forecast
2017-01-03,3.6869259669515e-05,Fold1_2017,5.80823031976556e-05,-9.753649532626978,-10.208132425401374
2017-01-04,4.2379521337672545e-05,Fold1_2017,3.518221746471543e-05,-10.254969788670985,-10.068845299721351
2017-01-05,4.20020054047727e-05,Fold1_2017,6.316253853864819e-07,-14.274969363183752,-10.077793193088109
2017-01-06,3.675156918073165e-05,Fold1_2017,1.2754658043141065e-05,-11.269614016362102,-10.211329634421578
2017-01-09,3.430211397426811e-05,Fold1_2017,1.0931632734675871e-05,-11.423849885900418,-10.280303573788688
2017-01-10,3.4224248266914876e-05,Fold1_2017,0.0,,-10.282576151474668
2017-01-11,3.10045202335745e-05,Fold1_2017,7.964006148940285e-06,-11.740578399670673,-10.38137755012268
2017-01-12,2.954494041126005e-05,Fold1_2017,6.314686544569022e-06,-11.972632440041577,-10.429598050049359
2017-01-13,2.9724825046253083e-05,Fold1_2017,5.25693212913637e-06,-12.155962946779761,-10.423528001148968
2017-01-17,2.8219365848473154e-05,Fold1_2017,1.2460251208232585e-05,-11.292966883633836,-10.475502083497515
2017-01-18,3.03010513352055e-05,Fold1_2017,4.874374040602926e-06,-12.231518863686302,-10.404328148519362
2017-01-19,2.8524371701191985e-05,Fold1_2017,1.3776040375585367e-05,-11.192579679418984,-10.464751688709654
2017-01-20,3.077761447507257e-05,Fold1_2017,1.3450503713838887e-05,-11.21649400177465,-10.3887229349913
2017-01-23,3.014511046513439e-05,Fold1_2017,6.79033775033717e-06,-11.90000987531308,-10.409487821570028
2017-01-24,3.0122324793760406e-05,Fold1_2017,4.084788656595068e-05,-10.105655474448275,-10.410243973623347
2017-01-25,3.4443300623099163e-05,Fold1_2017,7.427556952725e-05,-9.507728468826084,-10.276196046089165
2017-01-26,4.352204131000806e-05,Fold1_2017,1.0939441297024488e-06,-13.725720925010409,-10.042243051415308
2017-01-27,3.77514174798286e-05,Fold1_2017,2.4679447436943564e-06,-12.912124841274546,-10.18448753383966
2017-01-30,3.4221825310806915e-05,Fold1_2017,3.869966389662089e-05,-10.159679642808088,-10.282646950455014
2017-01-31,4.0388892179653805e-05,Fold1_2017,7.75793504335468e-09,-18.674549640823358,-10.116955756849936
2017-02-01,3.51134706038232e-05,Fold1_2017,1.5643497515992263e-07,-15.670625407493628,-10.25692572322965
2017-02-02,3.1354521614648235e-05,Fold1_2017,4.339473472678826e-07,-14.650342629865088,-10.37015207115319
2017-02-03,2.8703439038692923e-05,Fold1_2017,4.718842768006539e-05,-9.96136187170318,-10.458493615245239
2017-02-06,3.451531077540355e-05,Fold1_2017,3.202331987110345e-06,-12.651631267593022,-10.274107541781472
2017-02-07,3.213757646945017e-05,Fold1_2017,1.9430470030676598e-09,-20.05900847586704,-10.345484605928961
2017-02-08,2.930303416777782e-05,Fold1_2017,1.7139060309155893e-06,-13.276735563728247,-10.437819492088463
2017-02-09,2.728668280545685e-05,Fold1_2017,3.499296577784209e-05,-10.26036349444954,-10.50911178411496
2017-02-10,3.127010760712079e-05,Fold1_2017,1.550780921538184e-05,-11.074166840566717,-10.372847945274964
2017-02-13,3.063310665660175e-05,Fold1_2017,2.9462401386696795e-05,-10.432395636786225,-10.393429216973798
2017-02-14,3.254786782923511e-05,Fold1_2017,1.590072461255932e-05,-11.049145876659573,-10.332798695933391
2017-02-15,3.15361666709271e-05,Fold1_2017,2.7108557367178228e-05,-10.515661109916898,-10.364375522467448
2017-02-16,3.271095744817065e-05,Fold1_2017,7.253562288596741e-07,-14.136602952613421,-10.32780044603311
2017-02-17,3.001435266689438e-05,Fold1_2017,2.480830949212442e-06,-12.906916993741198,-10.413834868479732
2017-02-21,2.7737870416124494e-05,Fold1_2017,3.525616367421923e-05,-10.252870187985307,-10.49271191545045
2017-02-22,3.144820900646727e-05,Fold1_2017,7.897092734101099e-07,-14.051600967558665,-10.36716852376952
2017-02-23,2.9118314903725683e-05,Fold1_2017,4.583198870940884e-07,-14.595698453193457,-10.444143203627279
2017-02-24,2.6924427721555417e-05,Fold1_2017,1.6081022735322827e-06,-13.34045578628712,-10.522476589686034
2017-02-27,2.540939294636451e-05,Fold1_2017,2.4384756974621114e-06,-12.92413742802923,-10.580391651261362
2017-02-28,2.438822591905864e-05,Fold1_2017,7.304095046516525e-06,-11.827075401815895,-10.62141008642796
2017-03-01,2.597682549212622e-05,Fold1_2017,0.00019322324417475037,-8.55166433195919,-10.55830574463702
2017-03-02,5.9905496570753826e-05,Fold1_2017,3.991118233242772e-05,-10.128854014375573,-9.722742294602806
2017-03-03,5.840496230856308e-05,Fold1_2017,3.957537058166688e-07,-14.742473774194593,-9.748109700702887
2017-03-06,4.726081688413818e-05,Fold1_2017,8.892126275822007e-06,-11.630344360903553,-9.959829001459884
2017-03-07,4.242497371993132e-05,Fold1_2017,8.948073119577145e-06,-11.624072342758565,-10.067773366291876
2017-03-08,3.907919082802629e-05,Fold1_2017,3.45334356724418e-06,-12.57616764631774,-10.149920436530506
2017-03-09,3.530471861547408e-05,Fold1_2017,1.6060937039438483e-06,-13.341705597974995,-10.251493931131844
2017-03-10,3.13522308667324e-05,Fold1_2017,1.2236653614225253e-05,-11.311074715790628,-10.370225133393737
2017-03-13,3.0032960550305e-05,Fold1_2017,2.54686651274978e-07,-15.183231865934046,-10.413215094404615
2017-03-14,2.7597629124658666e-05,Fold1_2017,1.4698929370731649e-05,-11.127735898754974,-10.497780690211378
2017-03-15,3.013715975016013e-05,Fold1_2017,7.424151177221423e-05,-9.508187106382582,-10.409751604436597
2017-03-16,4.009702520099809e-05,Fold1_2017,3.87653492119354e-06,-12.460568864894196,-10.124208410917321
2017-03-17,3.606360720141443e-05,Fold1_2017,3.0894528289850157e-06,-12.687516560733156,-10.230226311875008
2017-03-20,3.304592174169908e-05,Fold1_2017,1.2047792832644412e-06,-13.629214175214257,-10.317612395900868
2017-03-21,3.0355557627548696e-05,Fold1_2017,0.00016699141671504302,-8.697568143784295,-10.4025309393464
2017-03-22,6.503792082795498e-05,Fold1_2017,5.5243586718003814e-06,-12.106343394800165,-9.640540060825561
2017-03-23,5.2407401989408986e-05,Fold1_2017,1.139889896409578e-06,-13.684578882319082,-9.856462717273573
2017-03-24,4.3907750073771755e-05,Fold1_2017,5.283860882094081e-07,-14.453438592787512,-10.0334197141985
2017-03-27,3.7797795791489126e-05,Fold1_2017,1.053681332294263e-06,-13.763220494836233,-10.183259769433434
2017-03-28,3.371317257154066e-05,Fold1_2017,5.256894740677336e-05,-9.853384966031237,-10.297621919484877
2017-03-29,3.857966381252145e-05,Fold1_2017,8.72893823492355e-07,-13.951451911078056,-10.162785264559872
2017-03-30,3.3656762339233696e-05,Fold1_2017,1.0107473522229572e-05,-11.502235455051085,-10.29929656101644
2017-03-31,3.135553289224197e-05,Fold1_2017,5.43101149288864e-06,-12.123385162749445,-10.37011981866667
2017-04-03,3.043201159149969e-05,Fold1_2017,3.0296435528642127e-06,-12.707065584681786,-10.40001549070298
2017-04-04,2.9119042761090974e-05,Fold1_2017,4.058043311764738e-07,-14.717394736431581,-10.444118207391375
2017-04-05,2.6963039437199243e-05,Fold1_2017,8.862967132182025e-06,-11.633628958645215,-10.521043539506188
2017-04-06,2.8164598522693057e-05,Fold1_2017,7.879976477246145e-06,-11.75118563921999,-10.477444740194851
2017-04-07,2.710657221313461e-05,Fold1_2017,1.0400370828298937e-06,-13.776254188879468,-10.515734342391296
2017-04-10,2.6094201970217373e-05,Fold1_2017,3.541853816852511e-07,-14.853445383806644,-10.553797415048834
2017-04-11,2.4744290388236242e-05,Fold1_2017,1.4177635740397942e-06,-13.466429875744524,-10.606915786947319
2017-04-12,2.4498532167046634e-05,Fold1_2017,1.928284578216344e-05,-10.85629467686479,-10.616897353757478
2017-04-13,2.881727573780758e-05,Fold1_2017,4.2458685671699756e-05,-10.066979056673688,-10.454535498654467
2017-04-17,3.702968705957176e-05,Fold1_2017,7.780933848235305e-05,-9.46124910207633,-10.203790614071714
2017-04-18,4.548584709935514e-05,Fold1_2017,8.934213814971245e-06,-11.625622402595049,-9.998109333155739
2017-04-19,4.0965013021314365e-05,Fold1_2017,3.3861347354527755e-06,-12.595821483121567,-10.102792196506165
2017-04-20,3.641511860342799e-05,Fold1_2017,6.570976701392777e-05,-9.630262982732253,-10.220526523305933
2017-04-21,4.274755653858545e-05,Fold1_2017,1.0187935631684489e-05,-11.494306318919193,-10.060198521207182
2017-04-24,3.94004910441401e-05,Fold1_2017,0.00011963222858178736,-9.031088283000807,-10.141732278688808
2017-04-25,5.4656490389575254e-05,Fold1_2017,3.366151625667148e-05,-10.299155323969241,-9.814442587546718
2017-04-26,4.9725426406803464e-05,Fold1_2017,3.9551614426441867e-07,-14.74307423068706,-9.908994157960786
2017-04-27,4.162857951725231e-05,Fold1_2017,7.031161458084195e-07,-14.167743744260939,-10.08672361895251
2017-04-28,3.561982743814796e-05,Fold1_2017,4.759129165372561e-06,-12.255445854909198,-10.242608124635886
2017-05-01,3.3084036030021574e-05,Fold1_2017,6.332938219175812e-06,-11.969746255857983,-10.316459687088491
2017-05-02,3.0234816365565753e-05,Fold1_2017,1.422656668209068e-07,-15.765569634180878,-10.40651643782904
2017-05-03,2.7616914770807e-05,Fold1_2017,1.4770675289744788e-06,-13.425451835098308,-10.497082118944753
2017-05-04,2.6495940938669865e-05,Fold1_2017,1.3767225669736737e-06,-13.495804834933942,-10.53851900882981
2017-05-05,2.4958004780299133e-05,Fold1_2017,1.543925849876225e-05,-11.07859703921243,-10.598315954344887
2017-05-08,2.5865797651442673e-05,Fold1_2017,2.7750471202257907e-08,-17.400013016636585,-10.562589015956949
2017-05-09,2.4595345398155448e-05,Fold1_2017,8.436659518386097e-07,-13.985509212357062,-10.612953344385799
2017-05-10,2.4064899388690712e-05,Fold1_2017,3.2179169957338423e-06,-12.646776303470114,-10.634756236032787
2017-05-11,2.3323722543524744e-05,Fold1_2017,4.179346351795649e-06,-12.385355698823986,-10.666039580425217
2017-05-12,2.4132119402648764e-05,Fold1_2017,2.797727006082847e-06,-12.786703253999644,-10.631966849501067
2017-05-15,2.4270454313281056e-05,Fold1_2017,3.034042931344422e-05,-10.403029434063438,-10.626250819271132
2017-05-16,2.7822804327179383e-05,Fold1_2017,8.385051846340969e-07,-13.991645072477342,-10.489654573990645
2017-05-17,2.6207919339071994e-05,Fold1_2017,0.0003205232306266464,-8.04555580177584,-10.549448928019963
2017-05-18,9.472286442776241e-05,Fold1_2017,1.6160504202647096e-05,-11.032940304699201,-9.26455514628327
2017-05-19,7.411123803276892e-05,Fold1_2017,4.2031934952678264e-05,-10.077080872588946,-9.50994337680025
2017-05-22,6.463050394070576e-05,Fold1_2017,2.565087696906643e-05,-10.570932797104803,-9.646824061401198
2017-05-23,5.5269983193323044e-05,Fold1_2017,4.885100656230198e-06,-12.229320667516982,-9.803280596202322
2017-05-24,4.551389822333512e-05,Fold1_2017,5.429829364159906e-06,-12.123602849160463,-9.997492823191475
2017-05-25,3.879847209417961e-05,Fold1_2017,2.2733719748624704e-05,-10.691661284187338,-10.157129691126409
2017-05-26,3.6833875059209756e-05,Fold1_2017,4.2708731587453625e-08,-16.9688624507908,-10.209092618292873
2017-05-30,3.2406455336224835e-05,Fold1_2017,7.554838135041207e-07,-14.095907480341861,-10.337152916239027
2017-05-31,2.964911144694801e-05,Fold1_2017,6.17876953402193e-08,-16.5995615968339,-10.426078401032052
2017-06-01,2.7398620738093187e-05,Fold1_2017,6.274068718846806e-05,-9.676500402305587,-10.505017883863047
2017-06-02,3.600318633304343e-05,Fold1_2017,1.1040434061522593e-05,-11.413946200721323,-10.23190311417367
2017-06-05,3.2952926818957375e-05,Fold1_2017,5.435157904431003e-07,-14.42520707755401,-10.320430474892051
2017-06-06,2.99416678343295e-05,Fold1_2017,1.0253850128170246e-05,-11.487857300647725,-10.41625947463488
2017-06-07,3.050158794694945e-05,Fold1_2017,3.4174053985345705e-06,-12.58662895021365,-10.397731811871774
2017-06-08,2.80278528548977e-05,Fold1_2017,2.4225306445083036e-07,-15.233282936303718,-10.48231179740206
2017-06-09,2.604832133228e-05,Fold1_2017,2.3067497134367265e-06,-12.979671074715899,-10.555557232060837
2017-06-12,2.5653576302056274e-05,Fold1_2017,4.216130151143337e-08,-16.981763062425248,-10.570827569085782
2017-06-13,2.450728369847541e-05,Fold1_2017,2.3795092116145825e-05,-10.646031212159112,-10.61654019078132
2017-06-14,2.6990205764696013e-05,Fold1_2017,1.6093218370173365e-06,-13.339697686949538,-10.520036507225148
2017-06-15,2.6034258539074296e-05,Fold1_2017,3.7103560363876644e-06,-12.504382719268127,-10.556097251145228
2017-06-16,2.596408998127889e-05,Fold1_2017,4.7734727574497356e-08,-16.857606662551614,-10.558796129182092
2017-06-19,2.451555173481549e-05,Fold1_2017,6.873128650398619e-05,-9.585306054775387,-10.616202877105136
2017-06-20,3.501670336297368e-05,Fold1_2017,4.578840011940693e-05,-9.991479771425064,-10.25968537137504
2017-06-21,4.210187820247819e-05,Fold1_2017,6.085722826024862e-08,-16.61473523639592,-10.075418205385596
2017-06-22,3.585892533089962e-05,Fold1_2017,2.053112989868128e-07,-15.398738477968303,-10.23591805869983
2017-06-23,3.165492613626876e-05,Fold1_2017,1.4241278059083319e-06,-13.46195099766178,-10.360616777369462
2017-06-26,2.8492212770190306e-05,Fold1_2017,4.328915235614343e-07,-14.652778663282845,-10.465879744159137
2017-06-27,2.622415840301845e-05,Fold1_2017,6.542681173059662e-05,-9.634578418214291,-10.548829495597484
2017-06-28,4.015304012165512e-05,Fold1_2017,7.939905832192371e-05,-9.441024049706908,-10.122812401343277
2017-06-29,4.775020957458091e-05,Fold1_2017,7.793049901506123e-05,-9.459693166753697,-9.949527102050707
2017-06-30,5.7836989705448746e-05,Fold1_2017,3.469499737452554e-06,-12.571500142279803,-9.757882026671332
2017-07-03,4.683182864750026e-05,Fold1_2017,2.870889349382865e-06,-12.760888698361214,-9.968947486897841
2017-07-05,3.9210069155159374e-05,Fold1_2017,5.332460492128572e-06,-12.141697795511883,-10.146576977949287
2017-07-06,3.423184967772848e-05,Fold1_2017,8.438705684938322e-05,-9.38009652298755,-10.282354070138657
2017-07-07,4.962252307027466e-05,Fold1_2017,4.1781140826219974e-05,-10.083065496650484,-9.91106573314418
2017-07-10,4.7524261948034465e-05,Fold1_2017,1.1525487182986737e-06,-13.67353479112637,-9.954270199472926
2017-07-11,3.957542556416772e-05,Fold1_2017,5.521729254981341e-07,-14.409404568898424,-10.137302198896387
2017-07-12,3.4437343168555024e-05,Fold1_2017,5.6052791418081844e-05,-9.789216607401062,-10.276369025150657
2017-07-13,3.945683331890053e-05,Fold1_2017,2.818201205484851e-06,-12.779411746935569,-10.140303310998036
2017-07-14,3.411516268488559e-05,Fold1_2017,2.165374139001402e-05,-10.74033230597435,-10.285768618988175
2017-07-17,3.3235447643581446e-05,Fold1_2017,1.4976552562134754e-08,-18.016780021381766,-10.31189355152032
2017-07-18,2.971639187756207e-05,Fold1_2017,2.801299137741371e-07,-15.088012363616787,-10.423811749335295
2017-07-19,2.710455318390387e-05,Fold1_2017,2.9155099819747795e-05,-10.442880709535158,-10.515808830025223
2017-07-20,2.958474619105527e-05,Fold1_2017,1.9828195878000353e-07,-15.433575784984635,-10.42825166084638
2017-07-21,2.6995008995190807e-05,Fold1_2017,7.936075742054915e-07,-14.04667673691155,-10.519858561077157
2017-07-24,2.567494187352617e-05,Fold1_2017,5.899846805337746e-08,-16.645754358574784,-10.569995066084983
2017-07-25,2.439086227340758e-05,Fold1_2017,5.894190820412815e-06,-12.04154329880589,-10.621301992798122
2017-07-26,2.384994210285514e-05,Fold1_2017,1.6388697272026288e-09,-20.229259023441514,-10.643728768186113
2017-07-27,2.2961728311381276e-05,Fold1_2017,8.649655809596574e-07,-13.96057612160429,-10.681681714459977
2017-07-28,2.277109614730513e-05,Fold1_2017,1.3774251977454336e-06,-13.495294600300925,-10.690018539069051
2017-07-31,2.2782069698474466e-05,Fold1_2017,3.2193724677272735e-07,-14.948909196193691,-10.68953674812531
2017-08-01,2.236424132998657e-05,Fold1_2017,4.9564230553003155e-06,-12.214826235592684,-10.7080472438553
2017-08-02,2.215939498533647e-05,Fold1_2017,2.3532707080218633e-07,-15.262289499797522,-10.717248998563655
2017-08-03,2.153423679547331e-05,Fold1_2017,3.77044556711082e-06,-12.488317375925403,-10.745866480277845
2017-08-04,2.250643800429789e-05,Fold1_2017,3.31457616479222e-06,-12.61718079625844,-10.70170915615794
2017-08-07,2.1954699743245708e-05,Fold1_2017,3.4505253880487256e-06,-12.576984052124466,-10.726529330052049
2017-08-08,2.1551240978446047e-05,Fold1_2017,6.0707610315875005e-06,-12.01202658487244,-10.74507715706575
2017-08-09,2.306152859332862e-05,Fold1_2017,1.664157151851493e-09,-20.213947056788335,-10.677344757665104
2017-08-10,2.2134446634668172e-05,Fold1_2017,0.0002020793407290615,-8.506850161792883,-10.718375491655882
2017-08-11,6.657386028046732e-05,Fold1_2017,2.177039512770365e-06,-13.03754462577535,-9.617198545742887
2017-08-14,5.252232956519944e-05,Fold1_2017,9.730525337048055e-05,-9.237657578755181,-9.85427215374034
2017-08-15,5.953280701517322e-05,Fold1_2017,1.4840413050722621e-08,-18.02591176598788,-9.728983018959637
2017-08-16,4.784427659332194e-05,Fold1_2017,3.0380823909554045e-06,-12.704284034028284,-9.947559058644156
2017-08-17,3.984410764667844e-05,Fold1_2017,0.00024691569990458893,-8.306463575523848,-10.1305360269814
2017-08-18,8.688766425047363e-05,Fold1_2017,2.4476209337487594e-06,-12.920394052629133,-9.35089448915852
2017-08-21,6.78686431498821e-05,Fold1_2017,6.124404035607694e-07,-14.30581419957046,-9.597936439346457
2017-08-22,5.376936039163936e-05,Fold1_2017,0.00010821914466501429,-9.13135226944924,-9.830806762477723
2017-08-23,6.224028185600726e-05,Fold1_2017,1.290228778686196e-05,-11.258105914502156,-9.68450814956957
2017-08-24,5.34201093973154e-05,Fold1_2017,5.445158242740632e-06,-12.120783739973978,-9.837323302412685
2017-08-25,4.545863835446967e-05,Fold1_2017,5.4451582427406e-06,-12.120783739973984,-9.99870769259582
2017-08-28,3.861572101631759e-05,Fold1_2017,1.6482272808972592e-09,-20.223565501802465,-10.161851084194081
2017-08-29,3.33470795765813e-05,Fold1_2017,1.309773339573499e-06,-13.545656458947796,-10.308540358355126
2017-08-30,2.9585075435557796e-05,Fold1_2017,2.2338433957046013e-05,-10.709201867181173,-10.42824053204817
2017-08-31,3.0094035008948062e-05,Fold1_2017,3.5976256077029016e-05,-10.232651390525064,-10.411183578308398
2017-09-01,3.2767791597446995e-05,Fold1_2017,1.996927028307651e-06,-13.123901044855382,-10.32606448850865
2017-09-05,2.923211990056281e-05,Fold1_2017,5.195550023083207e-05,-9.865122970550264,-10.44024245664838
2017-09-06,3.891256808730177e-05,Fold1_2017,1.1615894382508988e-05,-11.36313619233803,-10.154193272444097
2017-09-07,3.488677697470589e-05,Fold1_2017,1.4797158832821785e-08,-18.02883064536037,-10.263402683796535
2017-09-08,3.076509271150898e-05,Fold1_2017,1.3817801085919487e-06,-13.492137956282674,-10.389129864237958
2017-09-11,2.8414206541015813e-05,Fold1_2017,0.00011256262839901677,-9.092000794337874,-10.468621307553132
2017-09-12,4.52307382015086e-05,Fold1_2017,1.1324114960930475e-05,-11.388576038794191,-10.003733653548487
2017-09-13,3.9246224546026694e-05,Fold1_2017,2.3035208505467726e-07,-15.28365689392463,-10.14565530827255
2017-09-14,3.372875917164244e-05,Fold1_2017,1.0245195434600731e-07,-16.09387188634772,-10.297159696651798
2017-09-15,3.0050284848174052e-05,Fold1_2017,1.8100289286808412e-06,-13.222167730117665,-10.412638417887417
2017-09-18,2.7319899401580983e-05,Fold1_2017,4.5136828628201375e-06,-12.308397138390559,-10.507895205494636
2017-09-19,2.5686145630371787e-05,Fold1_2017,1.0014782131151024e-06,-13.814033436330682,-10.56955879194953
2017-09-20,2.4140152536722144e-05,Fold1_2017,1.2943251983824092e-07,-15.860106173947583,-10.631634023477979
2017-09-21,2.3034194081658415e-05,Fold1_2017,7.197948942378128e-06,-11.841714441639327,-10.678530746875726
2017-09-22,2.4490022928995238e-05,Fold1_2017,4.017496885104098e-08,-17.030021700655034,-10.617244750741133
2017-09-25,2.3267638819438004e-05,Fold1_2017,4.188728289422121e-06,-12.383113380976752,-10.668447054666544
2017-09-26,2.3830900914204282e-05,Fold1_2017,3.629350053136003e-07,-14.82904206743556,-10.644527461684728
2017-09-27,2.270761074735631e-05,Fold1_2017,1.5106676197337321e-05,-11.100373779581075,-10.692810414455158
2017-09-28,2.3904842306361534e-05,Fold1_2017,1.4375719480503795e-06,-13.45255501470975,-10.641429512588093
2017-09-29,2.2761521896639913e-05,Fold1_2017,1.2312244798476744e-05,-11.304916278708145,-10.690439083778212
2017-10-02,2.3440402895824504e-05,Fold1_2017,1.8743628913733103e-05,-10.884656654557556,-10.661049405014763
2017-10-03,2.494018555726752e-05,Fold1_2017,4.570068600459275e-06,-12.295982342129408,-10.599030177593008
2017-10-04,2.378135894437565e-05,Fold1_2017,1.4059804620095876e-06,-13.474775660824852,-10.64660852180897
2017-10-05,2.2585734739277586e-05,Fold1_2017,3.4900156795477116e-05,-10.263019236058904,-10.698192057207208
2017-10-06,2.7037360902370687e-05,Fold1_2017,1.2983032315345914e-06,-13.554452352532548,-10.518290911317075
2017-10-09,2.55212818518123e-05,Fold1_2017,2.7306596249654584e-06,-12.810967357086557,-10.575997871446145
2017-10-10,2.4873195986983316e-05,Fold1_2017,6.942106763188867e-06,-11.877905261330225,-10.601719800685897
2017-10-11,2.399058302464263e-05,Fold1_2017,2.464353412893117e-06,-12.913581092020909,-10.637849178588361
2017-10-12,2.276254788279892e-05,Fold1_2017,2.2234655240723356e-06,-13.016443532367797,-10.690394009330161
2017-10-13,2.27189365253963e-05,Fold1_2017,1.4798309236163453e-06,-13.423582717513995,-10.692311773067924
2017-10-16,2.1721974630890202e-05,Fold1_2017,1.7762284276380559e-06,-13.241018302499459,-10.737186154006467
2017-10-17,2.1010503096552137e-05,Fold1_2017,4.967827494733952e-07,-14.515113030212225,-10.770488097818038
2017-10-18,2.0401538752967667e-05,Fold1_2017,9.5665900060272e-07,-13.859818830200222,-10.79990023089169
2017-10-19,1.9945871725769958e-05,Fold1_2017,7.49768710825229e-08,-16.406086156537068,-10.822488367080682
2017-10-20,1.9619080517153423e-05,Fold1_2017,2.6493976794956025e-05,-10.538593141562933,-10.839007969494379
2017-10-23,2.3278243153125157e-05,Fold1_2017,1.51883782760977e-05,-11.094980009656672,-10.667991403879784
2017-10-24,2.6264276015756195e-05,Fold1_2017,3.082756302364835e-06,-12.689686457800866,-10.547300868539205
2017-10-25,2.4250196773099296e-05,Fold1_2017,2.4626581652104063e-05,-10.61168414344168,-10.627085826259092
2017-10-26,2.9113220908909198e-05,Fold1_2017,1.6688794562182675e-06,-13.303358141046763,-10.444318160195344
2017-10-27,2.612408272098832e-05,Fold1_2017,6.630502749476015e-05,-9.621244834163805,-10.552652959454052
2017-10-30,3.492831839808046e-05,Fold1_2017,1.392855599454037e-05,-11.18156943710068,-10.262212642357635
2017-10-31,3.4159126254919316e-05,Fold1_2017,2.4240886213886195e-06,-12.930054930446703,-10.284480767388612
2017-11-01,2.9793002680046703e-05,Fold1_2017,1.7456278644253127e-06,-13.25839625933156,-10.421237001419364
2017-11-02,2.6630492126301608e-05,Fold1_2017,1.5082522689062028e-07,-15.707144108290398,-10.533453678162678
2017-11-03,2.432159434257034e-05,Fold1_2017,1.1110884066572565e-05,-11.407585383529648,-10.624145946165955
2017-11-06,2.3978832259869226e-05,Fold1_2017,2.3912851234029444e-06,-12.943679627997492,-10.638339105969747
2017-11-07,2.2498925561805462e-05,Fold1_2017,4.839828246292137e-07,-14.54121641716271,-10.702043002702748
2017-11-08,2.1705270579334342e-05,Fold1_2017,2.8877741227132166e-06,-12.75502455234936,-10.737955443069072
2017-11-09,2.0884751299589444e-05,Fold1_2017,1.320746216473089e-05,-11.23472857259265,-10.776491268173686
2017-11-10,2.3959533599504323e-05,Fold1_2017,9.621299107888764e-08,-16.156701445992073,-10.639144250703469
2017-11-13,2.2500570909591027e-05,Fold1_2017,8.646272871342092e-07,-13.960967304796593,-10.701969875316207
2017-11-14,2.1229812668999094e-05,Fold1_2017,5.408167524179136e-06,-12.12760024259926,-10.760104106169383
2017-11-15,2.2175141106472393e-05,Fold1_2017,2.5179012944349962e-05,-10.589499730102514,-10.716538666475579
2017-11-16,2.7596878141382247e-05,Fold1_2017,7.166168989055456e-05,-9.543554264303635,-10.497807902458165
2017-11-17,3.6915879039162297e-05,Fold1_2017,8.662924387620334e-06,-11.656458203292408,-10.206868773217025
2017-11-20,3.415353981350304e-05,Fold1_2017,2.9073110945537574e-06,-12.748281926442937,-10.284644322458272
2017-11-21,2.971300024636775e-05,Fold1_2017,4.252976407275533e-05,-10.065306396027655,-10.423925889193598
2017-11-22,3.305343752919412e-05,Fold1_2017,7.838297847745074e-07,-14.05907395142507,-10.317384987114751
2017-11-24,2.9265888277846435e-05,Fold1_2017,5.324685772388236e-06,-12.14315685799008,-10.439087942773941
2017-11-27,2.6535431790889508e-05,Fold1_2017,2.496612941382883e-07,-15.203160661134088,-10.537029669312968
2017-11-28,2.438542512872764e-05,Fold1_2017,0.0001018833052766481,-9.191682465538207,-10.62152493492808
2017-11-29,3.997954180733138e-05,Fold1_2017,3.705970956523741e-07,-14.808150360005584,-10.127142689504682
2017-11-30,3.4040658927516486e-05,Fold1_2017,7.598468992903754e-05,-9.484978686273516,-10.287954896998848
2017-12-01,4.202787100054792e-05,Fold1_2017,4.316470133225187e-06,-12.353072588505896,-10.077177564511736
2017-12-04,3.673517538070717e-05,Fold1_2017,1.4650189971591858e-06,-13.433642348235164,-10.211775804690632
2017-12-05,3.2163546445708375e-05,Fold1_2017,1.2984545286500489e-05,-11.251750731830029,-10.344676844680235
2017-12-06,3.186758398645878e-05,Fold1_2017,3.612306962466689e-08,-17.136334127936948,-10.353921240803398
2017-12-07,2.7989286150509723e-05,Fold1_2017,9.909406354308832e-06,-11.522026115119115,-10.483688758495267
2017-12-08,2.6283997054723024e-05,Fold1_2017,2.9574622857685982e-05,-10.428593900245849,-10.546550280984547
2017-12-11,2.8259864341429625e-05,Fold1_2017,9.053526881889097e-06,-11.612356165463956,-10.474067981093455
2017-12-12,2.632177893751791e-05,Fold1_2017,3.1078775006026136e-06,-12.681570540456157,-10.545113864979708
2017-12-13,2.4116764102752585e-05,Fold1_2017,1.266638082918454e-08,-18.184314532259762,-10.632603353365987
2017-12-14,2.2471891469995163e-05,Fold1_2017,1.67634354139199e-05,-10.99631050695105,-10.70324529773989
2017-12-15,2.582063809066685e-05,Fold1_2017,6.876959473040149e-05,-9.584748847766056,-10.564336459812145
2017-12-18,3.48295534937562e-05,Fold1_2017,3.9959668760718625e-05,-10.127639893489583,-10.265044293256357
2017-12-19,3.6087905638576287e-05,Fold1_2017,1.4802637696734797e-05,-11.120705170321642,-10.229552772620623
2017-12-20,3.507687283567047e-05,Fold1_2017,2.7530607067098486e-07,-15.105382373929512,-10.257968538228862
2017-12-21,3.0484592100436695e-05,Fold1_2017,4.233243359966211e-06,-12.372542106944987,-10.39828917903068
2017-12-22,2.7212976704867513e-05,Fold1_2017,6.829263777485854e-08,-16.4994638686415,-10.511816613693286
2017-12-26,2.473552564925714e-05,Fold1_2017,1.4325836180136187e-06,-13.456031017974805,-10.607270062277047
2017-12-27,2.3497538820325335e-05,Fold1_2017,2.3662792606205418e-07,-15.256776861673817,-10.658614873348826
2017-12-28,2.1846975293748747e-05,Fold1_2017,4.223006694826806e-06,-12.374963196688883,-10.731448076497108
2017-12-29,2.096166538428749e-05,Fold1_2017,1.4269681365961284e-05,-11.157373455669372,-10.772815246310614
2018-01-02,2.4100946929267545e-05,Fold2_2018,5.08594733010576e-05,-9.886444153882012,-10.63325942656871
2018-01-03,3.0351377803426084e-05,Fold2_2018,3.9761656291354826e-05,-10.132607519816306,-10.402668644341704
2018-01-04,3.2811060168330755e-05,Fold2_2018,1.7689529535950512e-05,-10.942537645061408,-10.324744899159418
2018-01-05,3.079621401305019e-05,Fold2_2018,4.411395954471627e-05,-10.02873428263654,-10.388118797194446
2018-01-08,3.385339641756645e-05,Fold2_2018,3.3393204465853046e-06,-12.609743230782474,-10.293471226340579
2018-01-09,2.9414116942338114e-05,Fold2_2018,5.109224726006665e-06,-12.18446288228299,-10.434035830756715
2018-01-10,2.6460323878781224e-05,Fold2_2018,2.34422855482711e-06,-12.963554184677381,-10.539864159035625
2018-01-11,2.49745123068236e-05,Fold2_2018,5.2852306806716895e-05,-9.848009198412939,-10.597654760874626
2018-01-12,3.119643628957492e-05,Fold2_2018,4.2219436584376266e-05,-10.072629860389744,-10.375206691160592
2018-01-16,3.374592781523724e-05,Fold2_2018,1.172388715164733e-05,-11.353882160575862,-10.29665080525172
2018-01-17,3.263986489435873e-05,Fold2_2018,8.998698441953007e-05,-9.315845515652914,-10.329976167142904
2018-01-18,4.331990755027501e-05,Fold2_2018,2.8285965049820834e-06,-12.77572990396069,-10.046898269945602
2018-01-19,3.715273129442149e-05,Fold2_2018,2.0601470936126777e-05,-10.790148080051582,-10.20047326879181
2018-01-22,3.432202529938786e-05,Fold2_2018,6.557960653133226e-05,-9.63224578639297,-10.27972327286574
2018-01-23,4.00504885508575e-05,Fold2_2018,4.497520822091504e-06,-12.311984241428938,-10.125369686001024
2018-01-24,3.39647008754216e-05,Fold2_2018,1.5106526511815106e-07,-15.70555387418585,-10.29018878220738
2018-01-25,2.9567528908497725e-05,Fold2_2018,1.7934476514397688e-07,-15.533955821328432,-10.428833795109679
2018-01-26,2.615727604207907e-05,Fold2_2018,0.00013250535749756925,-8.928887479411507,-10.55138316362869
2018-01-29,4.6216362768006796e-05,Fold2_2018,4.4241801981416496e-05,-10.025840469630882,-9.982176650113164
2018-01-30,4.902472715689469e-05,Fold2_2018,0.00010629676546962956,-9.149275701398894,-9.923185751284507
2018-01-31,6.447245273291163e-05,Fold2_2018,2.466076260661248e-07,-15.215467321851975,-9.64927251480343
2018-02-01,5.1061724679360944e-05,Fold2_2018,1.2899813584420742e-06,-13.560882790515205,-9.882475369217252
2018-02-02,4.229146490104304e-05,Fold2_2018,0.00048446920490663806,-7.632456689217726,-10.070925267660488
2018-02-05,0.000137531708206,Fold2_2018,0.0018251820941277308,-6.3060755193209,-8.89165606230838
2018-02-06,0.0005223643967846852,Fold2_2018,0.00038067116331649847,-7.873574643920963,-7.557145135493259
2018-02-07,0.00044489691869746746,Fold2_2018,2.959018561513281e-05,-10.428067818671094,-7.717667946007983
2018-02-08,0.00032322888090878494,Fold2_2018,0.0014615718884107135,-6.528242786520915,-8.037149876062156
2018-02-09,0.000568279462764129,Fold2_2018,0.00022230823748044116,-8.411445681988175,-7.472897248332617
2018-02-12,0.00044466335201005715,Fold2_2018,0.00021250661848916939,-8.456537424253439,-7.718193074434844
2018-02-13,0.00035682402954222777,Fold2_2018,6.171845654625351e-06,-11.995512631127742,-7.938267812154438
2018-02-14,0.00025434919264085863,Fold2_2018,0.0001797144349131463,-8.624141439559208,-8.27680246090593
2018-02-15,0.00021698420775484456,Fold2_2018,0.0001607687139990936,-8.735543784831826,-8.435685982395364
2018-02-16,0.0001869733303759956,Fold2_2018,8.588054160786334e-08,-16.270308557390006,-8.584544569590829
2018-02-20,0.00013469647961124602,Fold2_2018,3.94511447411589e-05,-10.14044749357352,-8.912486609921062
2018-02-21,0.00010935435291773414,Fold2_2018,2.4865465677606546e-05,-10.602030637736203,-9.120917004429996
2018-02-22,8.797670707319581e-05,Fold2_2018,1.6779375838460884e-06,-13.297945147365493,-9.338438470873319
2018-02-23,6.553152963082922e-05,Fold2_2018,0.00025006596085638393,-8.293785831477047,-9.632979162734067
2018-02-26,0.00010147986307205334,Fold2_2018,0.00013329299752116937,-8.922960863883612,-9.195650172543786
2018-02-27,0.00010105873351521491,Fold2_2018,0.00015788469143267997,-8.753645592430725,-9.199808690187599
2018-02-28,0.00011485668062034067,Fold2_2018,0.00010366737796999127,-9.174323073029829,-9.07182546229849
2018-03-01,0.00011172884970608368,Fold2_2018,0.00021453470235820009,-8.447039050125877,-9.099435606758448
2018-03-02,0.0001354434917695119,Fold2_2018,2.6434654741469166e-05,-10.540834729021537,-8.906956039539113
2018-03-05,0.00010378528763530996,Fold2_2018,0.00013206063175422349,-8.932249409366921,-9.173186334895648
2018-03-06,0.00010253716929196502,Fold2_2018,6.4089882577620425e-06,-11.957809137592085,-9.185285197880495
2018-03-07,7.742181662239925e-05,Fold2_2018,1.3428478189971926e-07,-15.823303054061743,-9.466241948579606
2018-03-08,5.94987057634901e-05,Fold2_2018,2.330191982457848e-05,-10.666974804882319,-9.72955599752338
2018-03-09,5.015844243122469e-05,Fold2_2018,0.0002976634038366641,-8.119547227170953,-9.90032371413081
2018-03-12,9.889043347625677e-05,Fold2_2018,1.577497053263528e-06,-13.359671110511533,-9.221498053273468
2018-03-13,7.557701338057104e-05,Fold2_2018,4.203634180816632e-05,-10.076976032674011,-9.49035837682568
2018-03-14,6.973060841083485e-05,Fold2_2018,2.6470924216624868e-05,-10.539463626708624,-9.570871191531575
2018-03-15,6.180871814642091e-05,Fold2_2018,1.1885435008893462e-06,-13.64278194931043,-9.691466133119677
2018-03-16,4.9413260273983534e-05,Fold2_2018,1.1748525938964229e-06,-13.654367870240957,-9.915291743191514
2018-03-19,3.990798803497618e-05,Fold2_2018,0.0001855808375252677,-8.592019989034727,-10.128934052728228
2018-03-20,7.741917119759004e-05,Fold2_2018,2.887569736602373e-06,-12.755095331203712,-9.466276118147325
2018-03-21,6.004056118017755e-05,Fold2_2018,3.69004756574901e-06,-12.509871209548033,-9.720490204470916
2018-03-22,4.918436438999905e-05,Fold2_2018,0.0006408348122260559,-7.352738837490271,-9.919934781925402
2018-03-23,0.00018237428626074136,Fold2_2018,0.00046420997908579685,-7.675173566970693,-8.609449464709565
2018-03-26,0.0002414277827917352,Fold2_2018,0.000728564995500577,-7.224433718051243,-8.328940165650913
2018-03-27,0.00032473074996218466,Fold2_2018,0.00029440669963145237,-8.130548414468173,-8.032514180653365
2018-03-28,0.00030445445256312257,Fold2_2018,8.756842367563348e-06,-11.64567517832123,-8.096989063076176
2018-03-29,0.00022354716084381767,Fold2_2018,0.00016119624539760827,-8.732888019741111,-8.405888155683352
2018-04-02,0.0001937075826695228,Fold2_2018,0.0004761415747447767,-7.649795322020774,-8.549160841856386
2018-04-03,0.00025239813850272,Fold2_2018,0.00016219207914973198,-8.726729251324128,-8.284502802511735
2018-04-04,0.0002145584723665556,Fold2_2018,0.0001132605483825835,-9.085819655487551,-8.446928258298927
2018-04-05,0.00017790660698074098,Fold2_2018,6.179449084493722e-05,-9.6916963423782,-8.634251825248322
2018-04-06,0.00014173996270941706,Fold2_2018,0.0005079609884021799,-7.585105907818537,-8.861516427673655
2018-04-09,0.00022263440494952263,Fold2_2018,2.416891628583492e-05,-10.630443201414424,-8.409979571544257
2018-04-10,0.00016708854060165667,Fold2_2018,0.0002488655456399909,-8.298597784689273,-8.696986702801544
2018-04-11,0.00017170193544695865,Fold2_2018,2.762741752879318e-05,-10.496701889600836,-8.66975051786486
2018-04-12,0.00013504217592527404,Fold2_2018,6.7133255322383e-05,-9.608831028378642,-8.90992341405573
2018-04-13,0.00011264047765889386,Fold2_2018,8.627787729208044e-06,-11.660522432288918,-9.091309424983864
2018-04-16,8.794990992941927e-05,Fold2_2018,6.704406458273253e-05,-9.610160474410952,-9.33874311089244
2018-04-17,7.900910652317013e-05,Fold2_2018,0.00011324317195183562,-9.085973087234777,-9.445947439695418
2018-04-18,8.174396184379025e-05,Fold2_2018,5.476416839515861e-07,-14.417644625261206,-9.411918612152826
2018-04-19,6.302809182722988e-05,Fold2_2018,3.094656973966022e-05,-10.38324839729718,-9.671930028937982
2018-04-20,5.839942400847321e-05,Fold2_2018,7.251417722569785e-05,-9.531728467279992,-9.74820453104734
2018-04-23,6.5014704018642e-05,Fold2_2018,2.254127702382498e-08,-17.60791767404681,-9.640897097980128
2018-04-24,5.141532478873735e-05,Fold2_2018,0.0001838369033205885,-8.601461588432436,-9.875574282299526
2018-04-25,8.518576382348973e-05,Fold2_2018,6.094470640172988e-06,-12.008128650292104,-9.370676229363902
2018-04-26,6.63346910140675e-05,Fold2_2018,0.00010230003116902155,-9.187600580324222,-9.620797554568593
2018-04-27,7.056403970920927e-05,Fold2_2018,8.797798136400667e-07,-13.943594172554999,-9.558989895789935
2018-04-30,5.536433776009342e-05,Fold2_2018,5.959922692868789e-05,-9.727867954972265,-9.801574894231475
2018-05-01,5.9712159814682606e-05,Fold2_2018,3.1518113155845803e-06,-12.667533249567354,-9.725974876318094
2018-05-02,4.7833882434602766e-05,Fold2_2018,4.543038922475786e-05,-9.999329310658503,-9.94777633202955
2018-05-03,5.1008849280810585e-05,Fold2_2018,4.867982402966935e-06,-12.232830997683871,-9.883511424981977
2018-05-04,4.329503667317496e-05,Fold2_2018,0.00016547958781026504,-8.706662707247594,-10.047472556011515
2018-05-07,6.634091532405917e-05,Fold2_2018,1.1406056412614518e-05,-11.38136607937029,-9.620703727072069
2018-05-08,5.379949876981645e-05,Fold2_2018,0.0,,-9.830246407386097
2018-05-09,4.361024351229654e-05,Fold2_2018,9.2532877135045e-05,-9.287946548108664,-10.040218492261475
2018-05-10,5.231841043669203e-05,Fold2_2018,8.662141626170232e-05,-9.353963472026278,-9.858162232838557
2018-05-11,5.74119265764046e-05,Fold2_2018,9.282446694531096e-06,-11.58738539348844,-9.765258496145309
2018-05-14,4.709297281146952e-05,Fold2_2018,2.2691285191652647e-07,-15.298699805440187,-9.963386765281628
2018-05-15,3.870593016144878e-05,Fold2_2018,4.775836947668612e-05,-9.949356229398092,-10.159517735521726
2018-05-16,4.504843833328089e-05,Fold2_2018,1.7605798751029177e-05,-10.947282235694674,-10.007772239698772
2018-05-17,3.961182157921988e-05,Fold2_2018,7.133847897787028e-07,-14.153244884996454,-10.136382959525704
2018-05-18,3.3904978106024654e-05,Fold2_2018,6.266079048167315e-06,-11.980359750102531,-10.291948707573415
2018-05-21,3.1509230588862294e-05,Fold2_2018,5.610632809718185e-05,-9.788261951490828,-10.365230020491873
2018-05-22,3.677440746965401e-05,Fold2_2018,7.751879137954859e-06,-11.767575274576446,-10.21070840392054
2018-05-23,3.3975786351718196e-05,Fold2_2018,7.548870442309986e-06,-11.794112616186144,-10.289862453184806
2018-05-24,3.0067767086939367e-05,Fold2_2018,4.2056593857394544e-06,-12.379079466906605,-10.412056820889664
2018-05-25,2.817662021243075e-05,Fold2_2018,5.690558562334127e-06,-12.076702149031638,-10.47701799437039
2018-05-29,2.7228513558224715e-05,Fold2_2018,0.00013380705289182073,-8.919111699463416,-10.511245841155507
2018-05-30,5.601105251345315e-05,Fold2_2018,0.00017572786386595477,-8.64657398760472,-9.78996152039163
2018-05-31,7.744022464527927e-05,Fold2_2018,3.775580639075813e-05,-10.184371282421331,-9.466004214105542
2018-06-01,7.031550900109531e-05,Fold2_2018,9.544991397629097e-05,-9.256908909036602,-9.562518171798956
2018-06-04,7.196002592714312e-05,Fold2_2018,2.2469194476502344e-05,-10.703365321252418,-9.53939978858263
2018-06-05,5.9634530342012695e-05,Fold2_2018,5.289516045482124e-07,-14.452368894059088,-9.727275783507327
2018-06-06,4.7663903383394364e-05,Fold2_2018,6.931833060518349e-05,-9.576801175847947,-9.951336189030599
2018-06-07,5.0767934996247564e-05,Fold2_2018,1.1772486913664841e-08,-18.257500645413508,-9.888245603532237
2018-06-08,4.150386502123295e-05,Fold2_2018,8.715967149406311e-06,-11.650353909887821,-10.089724002022477
2018-06-11,3.5629701128647775e-05,Fold2_2018,1.766451460805524e-06,-13.246537848132697,-10.242330966575711
2018-06-12,3.0521507408862304e-05,Fold2_2018,1.6683784738425794e-06,-13.303658376982941,-10.397078961913763
2018-06-13,2.684219679025679e-05,Fold2_2018,1.0216642061965884e-05,-11.491492592543516,-10.52553540158506
2018-06-14,2.7542445094128937e-05,Fold2_2018,6.323742857025939e-06,-11.971199300888097,-10.49978228523045
2018-06-15,2.5270096858834613e-05,Fold2_2018,1.6292252265655e-06,-13.327405977271958,-10.585888803614074
2018-06-18,2.3952029571095024e-05,Fold2_2018,4.239137643678167e-06,-12.37115069533109,-10.639457495689609
2018-06-19,2.381411457996999e-05,Fold2_2018,1.4746861881923918e-05,-11.124480251581609,-10.64523210349268
2018-06-20,2.6515261480315e-05,Fold2_2018,2.9046761778640746e-06,-12.749188644488486,-10.537790085824145
2018-06-21,2.406813162025237e-05,Fold2_2018,3.954374071031652e-05,-10.138103138972907,-10.63462193193854
2018-06-22,3.269180388823712e-05,Fold2_2018,3.31812573187578e-06,-12.61611047303942,-10.32838615709759
2018-06-25,2.8528036819884993e-05,Fold2_2018,0.000187864111823729,-8.57979166593527,-10.464623206186548
2018-06-26,6.935369422158008e-05,Fold2_2018,4.891294308795765e-06,-12.228053604675033,-9.576291143385273
2018-06-27,5.474864808578938e-05,Fold2_2018,6.920402896587352e-05,-9.578451474985293,-9.812757882069526
2018-06-28,6.131070224014778e-05,Fold2_2018,3.250613911716997e-05,-10.334081590554247,-9.699556142330175
2018-06-29,5.375786429047147e-05,Fold2_2018,2.069074867923835e-06,-13.088408974295456,-9.83102058927825
2018-07-02,4.349129735030098e-05,Fold2_2018,4.561424516742718e-06,-12.297875589200306,-10.042949700797111
2018-07-03,3.6476008338133414e-05,Fold2_2018,1.2512107010770565e-05,-11.288813821546793,-10.218855819300563
2018-07-05,3.495744599818986e-05,Fold2_2018,6.601113474374477e-05,-9.625687121928927,-10.26137906481727
2018-07-06,4.114815076167004e-05,Fold2_2018,7.093946043519777e-05,-9.553683714579527,-10.098331570814041
2018-07-09,4.6453899723125366e-05,Fold2_2018,8.035278837525743e-05,-9.429083763517202,-9.977050140940523
2018-07-10,5.199337104935129e-05,Fold2_2018,1.2903661266223629e-05,-11.257999467778562,-9.864394327329258
2018-07-11,4.373328119979386e-05,Fold2_2018,5.389679192841422e-05,-9.828439600774,-10.03740116220099
2018-07-12,4.998147333570212e-05,Fold2_2018,8.145275948704506e-05,-9.415487343968387,-9.903858154486507
2018-07-13,5.471162572750192e-05,Fold2_2018,6.199178308939754e-07,-14.293678898506426,-9.813434334967175
2018-07-16,4.407724922804909e-05,Fold2_2018,8.00424520389446e-07,-14.038123599536858,-10.029566799149201
2018-07-17,3.711561595563539e-05,Fold2_2018,1.6297005568974013e-05,-11.024529174452741,-10.20147276166462
2018-07-18,3.3704693628537367e-05,Fold2_2018,4.416551428270738e-06,-12.330151386252833,-10.297873453492874
2018-07-19,2.9449584640662958e-05,Fold2_2018,1.4278937065284096e-05,-11.156725039027467,-10.43283075184855
2018-07-20,3.0428460149238473e-05,Fold2_2018,1.307538491473748e-06,-13.547364202454993,-10.40013219838413
2018-07-23,2.754824790074195e-05,Fold2_2018,3.450396263752311e-06,-12.577021474458162,-10.499571621456987
2018-07-24,2.4927524209360585e-05,Fold2_2018,2.519367714174585e-05,-10.58891750200292,-10.599537975053059
2018-07-25,2.6515943603469283e-05,Fold2_2018,7.202301493989875e-05,-9.538524838082978,-10.537764360474203
2018-07-26,3.62065554728813e-05,Fold2_2018,5.5791429837367995e-06,-12.09647538051071,-10.226270365116353
2018-07-27,3.29485002988119e-05,Fold2_2018,4.6227059019904886e-05,-9.981945238256293,-10.320564812503411
2018-07-30,4.054556019666342e-05,Fold2_2018,2.7435822427384595e-05,-10.503661010596847,-10.113084272998671
2018-07-31,4.1498608764596344e-05,Fold2_2018,2.418652570720089e-05,-10.629714868824808,-10.08985065503422
2018-08-01,3.814162837219587e-05,Fold2_2018,2.795979686080763e-06,-12.787327998969332,-10.174204264099409
2018-08-02,3.351544813891387e-05,Fold2_2018,2.9517205889530125e-05,-10.430537214150414,-10.303504086949884
2018-08-03,3.3388344364400744e-05,Fold2_2018,1.8277934611204385e-05,-10.909815984579664,-10.307303690011938
2018-08-06,3.134677933858649e-05,Fold2_2018,1.3402476260412184e-05,-11.220071072526855,-10.370399028584165
2018-08-07,2.9076983619523906e-05,Fold2_2018,1.0869169401017157e-05,-11.429580271800646,-10.445563637655452
2018-08-08,2.704291305487978e-05,Fold2_2018,1.7654723648061286e-07,-15.549677367593914,-10.518085581272594
2018-08-09,2.462353224580702e-05,Fold2_2018,1.869475349318943e-06,-13.18985272832415,-10.611807976913711
2018-08-10,2.355754064261652e-05,Fold2_2018,4.519602364497249e-05,-10.004501447452252,-10.656064591615305
2018-08-13,3.359216684373661e-05,Fold2_2018,1.406616367125694e-05,-11.171738384197266,-10.301217647824753
2018-08-14,3.3248410749774285e-05,Fold2_2018,4.045794622731547e-05,-10.115247488083588,-10.311503589003994
2018-08-15,3.513131876895277e-05,Fold2_2018,5.6181506329075045e-05,-9.786922924097341,-10.256417552711294
2018-08-16,4.430133965509825e-05,Fold2_2018,6.494141261375049e-05,-9.6420250389276,-10.024495640849015
2018-08-17,4.7514532700435134e-05,Fold2_2018,1.2348921135734587e-05,-11.301941856136569,-9.954474942129213
2018-08-20,4.039914397687631e-05,Fold2_2018,4.570189849629978e-06,-12.295955811332414,-10.116701961912833
2018-08-21,3.4207146053033016e-05,Fold2_2018,5.4886075673487365e-06,-12.112835965332266,-10.283075986803405
2018-08-22,2.9911522419712493e-05,Fold2_2018,3.5322283911362657e-07,-14.85616670690508,-10.417266786593958
2018-08-23,2.6757054526103557e-05,Fold2_2018,1.7645006976537e-06,-13.24764279844794,-10.528712398788421
2018-08-24,2.503121665481013e-05,Fold2_2018,3.600752275872816e-05,-10.23178267581819,-10.595386845838945
2018-08-27,2.8442532115447245e-05,Fold2_2018,6.184071300802087e-05,-9.690948623867667,-10.467624923397297
2018-08-28,3.55741026713112e-05,Fold2_2018,2.336233668799429e-07,-15.269555561543141,-10.243892637881707
2018-08-29,3.038536894029492e-05,Fold2_2018,2.8793571839681185e-05,-10.455358395746273,-10.40154935026555
2018-08-30,3.0933471583856706e-05,Fold2_2018,1.6453990843905737e-05,-11.014942505683855,-10.383671737544503
2018-08-31,3.197894860774914e-05,Fold2_2018,1.1632787494831339e-09,-20.572023310716045,-10.3504327276546
2018-09-04,2.7930656437722344e-05,Fold2_2018,2.970441153964391e-06,-12.7268000794918,-10.485785675321605
2018-09-05,2.624186281932444e-05,Fold2_2018,7.264743882582723e-06,-11.832477515165278,-10.54815460481806
2018-09-06,2.623796420819683e-05,Fold2_2018,9.08640582344071e-06,-11.608731126927086,-10.548303180427228
2018-09-07,2.670281023371525e-05,Fold2_2018,3.783733612088626e-06,-12.484799307749396,-10.530741745897622
2018-09-10,2.5567868780115615e-05,Fold2_2018,3.0174714223514477e-06,-12.711091354657038,-10.574174120585553
2018-09-11,2.336912533200275e-05,Fold2_2018,1.0836773637719519e-05,-11.432565241151554,-10.664094837071433
2018-09-12,2.2887440420789505e-05,Fold2_2018,5.8686559852646476e-08,-16.651055099656464,-10.684922251100206
2018-09-13,2.1306785476894745e-05,Fold2_2018,3.477349220822694e-05,-10.266655179592922,-10.75648496899022
2018-09-14,2.549190383434023e-05,Fold2_2018,2.9619478370359686e-08,-17.334833638985675,-10.57714965290518
2018-09-17,2.317392679234589e-05,Fold2_2018,2.818394293797565e-05,-10.476758141552152,-10.672482756437033
2018-09-18,2.919877797057201e-05,Fold2_2018,2.92862516473634e-05,-10.43839237911516,-10.441383699888664
2018-09-19,3.013313490787804e-05,Fold2_2018,1.1343632542067294e-06,-13.689439073965113,-10.409885164171486
2018-09-20,2.6420716836147716e-05,Fold2_2018,6.514607990682213e-05,-9.638878426475065,-10.541362126908583
2018-09-21,3.464661174625086e-05,Fold2_2018,8.35318883767757e-07,-13.995452288271698,-10.270310622210621
2018-09-24,3.0250891436813065e-05,Fold2_2018,1.107350560840847e-05,-11.410955184915473,-10.40598490493607
2018-09-25,3.0031914016479522e-05,Fold2_2018,8.619982117898853e-07,-13.964012640774563,-10.413249941187635
2018-09-26,2.696641720128064e-05,Fold2_2018,8.977612701329819e-06,-11.620776557170606,-10.520918273490308
2018-09-27,2.711765390163596e-05,Fold2_2018,7.782857566452928e-06,-11.763586990751561,-10.515325606685888
2018-09-28,2.5056003529849412e-05,Fold2_2018,1.0782437578808004e-08,-18.345347176543825,-10.594397097277483
2018-10-01,2.2856156934344293e-05,Fold2_2018,1.2027255092334488e-05,-11.328335225888619,-10.6862900268385
2018-10-02,2.2623786399675434e-05,Fold2_2018,3.4002716704468697e-07,-14.894240319455676,-10.6965087096103
2018-10-03,2.1380542741930878e-05,Fold2_2018,3.012487423847012e-07,-15.015329526806854,-10.753029267192346
2018-10-04,2.008049870025761e-05,Fold2_2018,6.156597279843817e-05,-9.695401229683906,-10.815761427778947
2018-10-05,3.462672134333979e-05,Fold2_2018,3.15015479865956e-05,-10.36547387090853,-10.270884880805395
2018-10-08,3.802166041489717e-05,Fold2_2018,0.0,,-10.177354549714057
2018-10-09,3.215090259681669e-05,Fold2_2018,2.132937672283662e-06,-13.058010339584758,-10.345070033123665
2018-10-10,2.887416518784335e-05,Fold2_2018,0.0010352603371848893,-6.8731023503820845,-10.452563300783774
2018-10-11,0.0002501016906006648,Fold2_2018,0.0004960758614694086,-7.608781696423567,-8.293642960404767
2018-10-12,0.00029438105598595727,Fold2_2018,0.0001902440218992548,-8.567202984059115,-8.130635521053753
2018-10-15,0.0002481749794960294,Fold2_2018,3.172674979874319e-05,-10.358350390684084,-8.301376498107492
2018-10-16,0.00018925254585532947,Fold2_2018,0.0004678446916709014,-7.667374172526874,-8.57242821339728
2018-10-17,0.00022950597173695847,Fold2_2018,3.1859808599113505e-08,-17.261920540043334,-8.379581508161863
2018-10-18,0.00016769196600997173,Fold2_2018,0.00021159007590204786,-8.460859759353857,-8.693381797199967
2018-10-19,0.0001729700763907463,Fold2_2018,2.947047960310545e-07,-15.037291673052682,-8.662391947266947
2018-10-22,0.0001280673391621352,Fold2_2018,2.0241458648549137e-05,-10.807777648525692,-8.962954345175833
2018-10-23,0.00010164462228103939,Fold2_2018,2.6046908670745243e-05,-10.55561146587591,-9.194027923558563
2018-10-24,8.429252605485269e-05,Fold2_2018,0.0009466003025831398,-6.96263362083959,-9.381217355785441
2018-10-25,0.00026919761856293703,Fold2_2018,0.0003161773623300123,-8.059207228636007,-8.220064806581505
2018-10-26,0.00025735526242121005,Fold2_2018,0.0003148461485254818,-8.063426455832683,-8.265053083575609
2018-10-29,0.0002601917798447271,Fold2_2018,3.0865282512446884e-05,-10.385878548995008,-8.254091584065423
2018-10-30,0.00020054795230728013,Fold2_2018,0.0002163830920353591,-8.438460146967962,-8.51445717618538
2018-10-31,0.0001885950473060895,Fold2_2018,0.00011286528848472292,-9.089315587716202,-8.57590844841678
2018-11-01,0.00016033766354701007,Fold2_2018,0.00011205589390314996,-9.09651275844787,-8.738228569321612
2018-11-02,0.0001397762209032961,Fold2_2018,3.528946722511525e-05,-10.25192601744078,-8.87546783631385
2018-11-05,0.00011479625127562272,Fold2_2018,3.0270592871993276e-05,-10.405333848997799,-9.072351729005504
2018-11-06,9.195537869032546e-05,Fold2_2018,3.978564422600825e-05,-10.132004408579983,-9.294207112808277
2018-11-07,7.711477717562021e-05,Fold2_2018,0.0004487313318523724,-7.709086219356078,-9.470215633300487
2018-11-08,0.00014440234917072623,Fold2_2018,3.2991522931967507e-06,-12.621845003340846,-8.842907063142544
2018-11-09,0.00011094104069521873,Fold2_2018,9.635923507040703e-05,-9.247427318497275,-9.106511662677933
2018-11-12,0.00010780352199657847,Fold2_2018,0.00035578357142155106,-7.941187957431089,-9.135200228440722
2018-11-13,0.0001602598086879173,Fold2_2018,3.5075334419579756e-06,-12.560597490601,-8.738714255375719
2018-11-14,0.00012258649225995125,Fold2_2018,4.706001855040559e-05,-9.96408678047887,-9.00669371785716
2018-11-15,0.0001055356641379346,Fold2_2018,0.00010779990396632924,-9.135233790340152,-9.156461613472938
2018-11-16,9.972514959504311e-05,Fold2_2018,6.7435684477096905e-06,-11.906921329865332,-9.21309266009829
2018-11-19,7.791889925059854e-05,Fold2_2018,0.00029100607627909476,-8.142166410326606,-9.459842025390474
2018-11-20,0.00012470292053950462,Fold2_2018,0.000348936001970263,-7.960622028020552,-8.989576285027242
2018-11-21,0.0001710417096361075,Fold2_2018,1.1573983178458642e-05,-11.366750808204158,-8.673603115203656
2018-11-23,0.000130596562241921,Fold2_2018,4.490756032947203e-05,-10.010904395887922,-8.94339766427145
2018-11-26,0.0001110399693879008,Fold2_2018,0.0002564974529018898,-8.268391823609813,-9.10562033689115
2018-11-27,0.00013159937009440094,Fold2_2018,1.1281681584162034e-05,-11.392330246395066,-8.935748325601223
2018-11-28,0.00010201523550162592,Fold2_2018,0.0005181985385846748,-7.565152110016476,-9.190388388171243
2018-11-29,0.0001748386525643165,Fold2_2018,4.784766331382705e-06,-12.250073367818587,-8.65164699467744
2018-11-30,0.00013414997553846202,Fold2_2018,3.6928876355681324e-05,-10.206516755891387,-8.91655216343733
2018-12-03,0.00010824569733905331,Fold2_2018,0.00017304012666272456,-8.661987044334506,-9.13110693931686
2018-12-04,0.00011389803321406839,Fold2_2018,0.0010849767580955517,-6.82619671332924,-9.080206955315463
2018-12-06,0.0003155368249066532,Fold2_2018,2.305293764699532e-06,-12.980302442911997,-8.061235163597162
2018-12-07,0.00023645984581158403,Fold2_2018,0.0005527213220818072,-7.5006566218308,-8.349732149599282
2018-12-10,0.00029620162458796393,Fold2_2018,3.591540288045158e-06,-12.536929397884794,-8.12447017137869
2018-12-11,0.0002218250349263551,Fold2_2018,5.163681255703881e-08,-16.779030997175106,-8.413621617792845
2018-12-12,0.00016734841853017043,Fold2_2018,2.5227403478192145e-05,-10.587579714670259,-8.695432580425265
2018-12-13,0.0001308110977654083,Fold2_2018,1.1488139661104081e-07,-15.979365574590862,-8.941756277239048
2018-12-14,0.00010053371166562925,Fold2_2018,0.00034735671137335714,-7.965158319367141,-9.205017447253383
2018-12-17,0.00015358916386151077,Fold2_2018,0.00039256490648235503,-7.842808667579373,-8.781229287515936
2018-12-18,0.00020140608072883985,Fold2_2018,1.2034136403942652e-06,-13.630348339344671,-8.510187385837478
2018-12-19,0.0001535101305671527,Fold2_2018,0.00022768242095765742,-8.387558790520192,-8.781743995934592
2018-12-20,0.00016721966218299163,Fold2_2018,0.0002693523221225471,-8.219490287666254,-8.696202267439405
2018-12-21,0.00018602326801469142,Fold2_2018,0.0004285845182697215,-7.755022597206407,-8.589638795221852
2018-12-24,0.00023303376223907617,Fold2_2018,0.0007170829219645396,-7.240319072776239,-8.364327212582268
2018-12-26,0.00032825506276243577,Fold2_2018,0.0024295032295761207,-6.020068474802007,-8.021719621404694
2018-12-27,0.0007344508110834412,Fold2_2018,5.8489815335138206e-05,-9.746657915718322,-7.216387533846197
2018-12-28,0.0005500389001446755,Fold2_2018,1.6659599329552644e-06,-13.305109064355605,-7.5055215547030585
2018-12-31,0.0004078184887366025,Fold2_2018,7.605320137511283e-05,-9.484077444482736,-7.804688363096366
2019-01-02,0.0003159941971344887,Fold3_2019,1.080837147633855e-06,-13.737774680393429,-8.059786708044427
2019-01-03,0.0002356592856969356,Fold3_2019,0.0005833265050542325,-7.446763485404651,-8.353123500758375
2019-01-04,0.0003049764031907733,Fold3_2019,0.001085505792106034,-6.825709232772523,-8.09527615093744
2019-01-07,0.000440307533218915,Fold3_2019,6.168100745174427e-05,-9.69353449531885,-7.728037136062271
2019-01-08,0.00033787060705193546,Fold3_2019,8.744997001910669e-05,-9.344443699334407,-7.99284755514827
2019-01-09,0.0002674917627560881,Fold3_2019,2.1740754356185612e-05,-10.736321977876628,-8.226421785537525
2019-01-10,0.00020372328818932348,Fold3_2019,1.240064157626697e-05,-11.297762346670222,-8.498747915349073
2019-01-11,0.0001550203781729414,Fold3_2019,1.4916312939946539e-07,-15.718225301703917,-8.771953977603232
2019-01-14,0.00011744188903843363,Fold3_2019,3.745075611458686e-05,-10.192483658229243,-9.049566908090908
2019-01-15,9.979280916926319e-05,Fold3_2019,0.0001298612221847973,-8.949044199371182,-9.212414429654949
2019-01-16,0.00010060674914968266,Fold3_2019,5.840354928331218e-06,-12.050718987571708,-9.20429121358595
2019-01-17,7.829654621719929e-05,Fold3_2019,5.712680249571558e-05,-9.770237155712206,-9.455007065554687
2019-01-18,7.096640861210507e-05,Fold3_2019,0.00017482893118954529,-8.651702598200474,-9.553303911018025
2019-01-22,8.832245957329016e-05,Fold3_2019,0.00018503585477727108,-8.594960942057734,-9.334516127393787
2019-01-23,0.00011173508592795822,Fold3_2019,4.3693998869826716e-06,-12.34088488392006,-9.09937979263472
2019-01-24,8.669052527901157e-05,Fold3_2019,2.823358860804129e-07,-15.080168389396212,-9.353165961821755
2019-01-25,6.802207248960599e-05,Fold3_2019,7.099466291304006e-05,-9.552905853987255,-9.595678310022487
2019-01-28,6.621479877630331e-05,Fold3_2019,5.820622610507498e-05,-9.751518231198164,-9.622606573534261
2019-01-29,6.756118610422791e-05,Fold3_2019,1.7632797766359892e-06,-13.248334973641581,-9.602476909869905
2019-01-30,5.495472982158155e-05,Fold3_2019,0.00024670032705410063,-8.30733620871399,-9.80900080581285
2019-01-31,9.005511292588188e-05,Fold3_2019,7.64602626799859e-05,-9.478739394180252,-9.31508870921033
2019-02-01,8.337835326035757e-05,Fold3_2019,2.3176220956773767e-07,-15.27755394966928,-9.392121835522465
2019-02-04,6.575083408161232e-05,Fold3_2019,4.915662551118324e-05,-9.920498918600849,-9.629638201334965
2019-02-05,6.058184491129066e-05,Fold3_2019,1.7494536488260188e-05,-10.953621926450428,-9.711515298697329
2019-02-06,5.1301997169042693e-05,Fold3_2019,1.7390926697705213e-06,-13.26214703489721,-9.877780875374926
2019-02-07,4.3116125535859626e-05,Fold3_2019,9.175187032882081e-05,-9.2964226861821,-10.05161348846504
2019-02-08,5.807623327603142e-05,Fold3_2019,1.4906409261569586e-06,-13.41630437871247,-9.75375404361367
2019-02-11,4.726397837998831e-05,Fold3_2019,3.0706990395607677e-07,-14.996190415096306,-9.95976210904626
2019-02-12,3.930249605926277e-05,Fold3_2019,0.00016326281167659143,-8.720149314010522,-10.144222528147582
2019-02-13,6.22429436720772e-05,Fold3_2019,1.0509374363256866e-05,-11.463242902605884,-9.684465383710009
2019-02-14,5.151000625715323e-05,Fold3_2019,4.930604899762271e-06,-12.220048879715883,-9.873734472912254
2019-02-15,4.431202507356809e-05,Fold3_2019,0.00011746195918647319,-9.04939602840341,-10.024254471392142
2019-02-19,5.725000500281403e-05,Fold3_2019,2.990540881205579e-06,-12.720056290197245,-9.76808282814453
2019-02-20,4.685436921680057e-05,Fold3_2019,4.054512165944063e-06,-12.415680181963499,-9.96846629393134
2019-02-21,3.933510060089683e-05,Fold3_2019,1.2691136145405467e-05,-11.274606749480805,-10.14339329264479
2019-02-22,3.736087447733174e-05,Fold3_2019,3.820696514922658e-05,-10.172492725223135,-10.194886538096739
2019-02-25,3.779209406798214e-05,Fold3_2019,1.8499005649012494e-06,-13.200378669020582,-10.18341062885467
2019-02-26,3.24310208965922e-05,Fold3_2019,5.120939658845846e-07,-14.484757701627615,-10.336395158134605
2019-02-27,2.889380699916835e-05,Fold3_2019,1.8473265867545453e-07,-15.504356145255892,-10.451883276495634
2019-02-28,2.6116409890915228e-05,Fold3_2019,3.4753184698736094e-06,-12.569824437139964,-10.552946709751748
2019-03-01,2.520207229263256e-05,Fold3_2019,3.874421397396206e-05,-10.158529130114761,-10.588584332993287
2019-03-04,2.894404833827455e-05,Fold3_2019,1.3279064210433314e-05,-11.229321882480667,-10.450145959250728
2019-03-05,2.9851778701867805e-05,Fold3_2019,1.8524860041042485e-06,-13.198982034944116,-10.419266131898686
2019-03-06,2.7451513676888394e-05,Fold3_2019,3.691546229635139e-05,-10.206880062265913,-10.503089248473014
2019-03-07,3.427648617965197e-05,Fold3_2019,7.056878457425816e-05,-9.558922656080465,-10.281050972999275
2019-03-08,4.6803322119991805e-05,Fold3_2019,4.006727142737552e-06,-12.427535823777948,-9.969556372090112
2019-03-11,4.050376522049987e-05,Fold3_2019,0.00020727494523887867,-8.481464408157523,-10.114115619765672
2019-03-12,7.158087946524187e-05,Fold3_2019,1.4167932240300553e-05,-11.16452944008266,-9.544682566235794
2019-03-13,5.8772389037188036e-05,Fold3_2019,4.352656055586382e-05,-10.042139218711212,-9.741838387541664
2019-03-14,5.4413582811938564e-05,Fold3_2019,4.0943884383251393e-07,-14.708478288316485,-9.818896751225262
2019-03-15,4.497961802459629e-05,Fold3_2019,2.428484799216616e-05,-10.625657941516353,-10.009301103585742
2019-03-18,4.098935925962182e-05,Fold3_2019,1.3099218001923182e-05,-11.242958024048637,-10.102198055196897
2019-03-19,3.624412089888383e-05,Fold3_2019,6.158841662484324e-08,-16.602792025893507,-10.225233371916286
2019-03-20,3.126420120869089e-05,Fold3_2019,9.088907138509231e-06,-11.60845588378937,-10.37303684632974
2019-03-21,3.0512749997033904e-05,Fold3_2019,0.0001261463649965161,-8.978067698222876,-10.397365929012594
2019-03-22,4.865678619323399e-05,Fold3_2019,0.00037768121963848697,-7.881460052440822,-9.930719268962791
2019-03-25,0.0001240710353035983,Fold3_2019,5.65604735780174e-07,-14.385370349378992,-8.994656291032355
2019-03-26,9.55935964941575e-05,Fold3_2019,5.515067605790471e-05,-9.805441553810347,-9.255404722429018
2019-03-27,8.34166983222589e-05,Fold3_2019,2.748535905256357e-05,-10.50185709315453,-9.391662048949506
2019-03-28,7.314302230366697e-05,Fold3_2019,1.4313097233211796e-05,-11.154335549435741,-9.523093823924683
2019-03-29,5.999557276954136e-05,Fold3_2019,3.95095356439154e-05,-10.138968506484872,-9.721239785638891
2019-04-01,5.461841616507222e-05,Fold3_2019,0.00013899823752404987,-8.881049304597065,-9.815139439683119
2019-04-02,6.891224631693052e-05,Fold3_2019,2.3948664519704505e-07,-15.244768182831594,-9.582676655289704
2019-04-03,5.516734246924449e-05,Fold3_2019,2.472540530734182e-06,-12.910264380971492,-9.805139401692514
2019-04-04,4.518892289805297e-05,Fold3_2019,7.021445696280788e-06,-11.866541421488073,-10.004658569787459
2019-04-05,3.8411083322613656e-05,Fold3_2019,2.331458287022069e-05,-10.66643151891183,-10.167164511822632
2019-04-08,3.598805588963702e-05,Fold3_2019,5.807655838521597e-07,-14.358918631644451,-10.232323455403021
2019-04-09,3.098435482869775e-05,Fold3_2019,2.6397348039032617e-05,-10.542247005924697,-10.382028163819664
2019-04-10,3.457383228284347e-05,Fold3_2019,1.1593261831680961e-05,-11.365086505205344,-10.27241345443734
2019-04-11,3.1307894551737735e-05,Fold3_2019,7.692987669363608e-08,-16.38037152231533,-10.371640270120565
2019-04-12,2.781830146840785e-05,Fold3_2019,4.5464550263338364e-05,-9.998577650766736,-10.489816427667597
2019-04-15,3.20885826408185e-05,Fold3_2019,4.289782387952527e-07,-14.661859644723963,-10.34701027206917
2019-04-16,2.8589921635049813e-05,Fold3_2019,4.289782387952667e-07,-14.66185964472393,-10.462456292625422
2019-04-17,2.5572531899223266e-05,Fold3_2019,6.000884400820822e-06,-12.023603699461749,-10.573991755212633
2019-04-18,2.554612633909624e-05,Fold3_2019,3.869145510836073e-06,-12.462476873535675,-10.575024863802945
2019-04-22,2.357591360571349e-05,Fold3_2019,7.430967886609773e-07,-14.11243953333589,-10.65528497703706
2019-04-23,2.1854351701665036e-05,Fold3_2019,8.013364556031338e-05,-9.431814747635578,-10.731110493705303
2019-04-24,3.403501982655107e-05,Fold3_2019,4.9374128037684845e-06,-12.21866908788923,-10.288120568530342
2019-04-25,3.1437667731291216e-05,Fold3_2019,3.8015527885357856e-07,-14.782686039129844,-10.367503774729565
2019-04-26,2.8065676966759234e-05,Fold3_2019,2.158761680300006e-05,-10.743390703828636,-10.480963188472849
2019-04-29,2.8089189359051224e-05,Fold3_2019,2.453866977710715e-06,-12.917845419456622,-10.480125775966885
2019-04-30,2.5273792093821794e-05,Fold3_2019,2.6019590691462944e-07,-15.16183100152736,-10.585742584750811
2019-05-01,2.3116362717251298e-05,Fold3_2019,5.691830373040698e-05,-9.77389358612823,-10.674969848454685
2019-05-02,3.579730681293482e-05,Fold3_2019,4.672761731651929e-06,-12.273760283850677,-10.23763789607641
2019-05-03,3.262931375738737e-05,Fold3_2019,9.487117955033344e-05,-9.262990591303447,-10.330299478613378
2019-05-06,4.452590592922314e-05,Fold3_2019,1.7005565654411668e-05,-10.98196987605296,-10.0194393824661
2019-05-07,4.217873856448995e-05,Fold3_2019,0.0002836020110470216,-8.16793867219244,-10.073594289371036
2019-05-08,9.931902531010316e-05,Fold3_2019,1.9324960558676217e-06,-13.156698097435108,-9.217173411004126
2019-05-09,7.793428941937241e-05,Fold3_2019,9.18439650957142e-06,-11.59800454536744,-9.459644529670877
2019-05-10,6.456023418367986e-05,Fold3_2019,2.5110780203884404e-05,-10.592213313836453,-9.64791190662874
2019-05-13,5.538981721829228e-05,Fold3_2019,0.0006477886224873591,-7.341946114691935,-9.80111478582916
2019-05-14,0.00018622492098957312,Fold3_2019,8.105917650984386e-05,-9.420331095835653,-8.58855536217603
2019-05-15,0.00015415570057076826,Fold3_2019,3.4107259136940575e-05,-10.286000318413945,-8.77754742364272
2019-05-16,0.00012242089961912088,Fold3_2019,8.498671022635642e-05,-9.373015663976096,-9.008045453939689
2019-05-17,0.00010852783115234477,Fold3_2019,4.2069666004580315e-05,-10.076183599433522,-9.128503909559852
2019-05-20,9.492019989703403e-05,Fold3_2019,4.401046268392015e-05,-10.03108316404225,-9.26247402044619
2019-05-21,8.53921169581574e-05,Fold3_2019,8.055444170744701e-05,-9.426577307621383,-9.36825676871186
2019-05-22,8.061489632304286e-05,Fold3_2019,9.459677869142927e-06,-11.568472227367906,-9.42582710762466
2019-05-23,6.673358979213069e-05,Fold3_2019,0.0001511558948408526,-8.797198837559803,-9.614802136719726
2019-05-24,8.83339309712864e-05,Fold3_2019,5.135314054184576e-06,-12.179369556924305,-9.334386254956373
2019-05-28,6.97980292209945e-05,Fold3_2019,8.731142198298065e-05,-9.34602926767493,-9.569904783250792
2019-05-29,7.661192436882045e-05,Fold3_2019,4.5340895248805836e-05,-10.001301167848114,-9.476757822721908
2019-05-30,7.226963500068252e-05,Fold3_2019,7.438517536692265e-06,-11.808838984794285,-9.535106503177744
2019-05-31,5.8371747703964004e-05,Fold3_2019,0.00018406408609466303,-8.600226567002828,-9.74867855737801
2019-06-03,8.900255800096188e-05,Fold3_2019,6.481243133689246e-06,-11.94659822438063,-9.326845447061324
2019-06-04,7.22038771472872e-05,Fold3_2019,0.00046115074557036826,-7.681785571520613,-9.536016813406361
2019-06-05,0.00014385199689837027,Fold3_2019,7.438825097085436e-05,-9.506212545653849,-8.846725586253056
2019-06-06,0.0001224289798571692,Fold3_2019,4.201136309624093e-05,-10.077570426362435,-9.007979452371147
2019-06-07,0.00010095838095426286,Fold3_2019,9.914776486598913e-05,-9.218899246207794,-9.200802195806862
2019-06-10,9.554734852437251e-05,Fold3_2019,2.096240877470904e-05,-10.77277978265702,-9.255888637277122
2019-06-11,7.763892528488153e-05,Fold3_2019,5.856372069117401e-08,-16.653150432918707,-9.4634416420457
2019-06-12,6.187377131130016e-05,Fold3_2019,3.1224888624514984e-06,-12.676880161822055,-9.690414194867733
2019-06-13,5.137835575755009e-05,Fold3_2019,1.6955776783590273e-05,-10.984901969010272,-9.876293568399307
2019-06-14,4.4462758145516285e-05,Fold3_2019,1.2219813978742173e-06,-13.615036920019593,-10.020858614791091
2019-06-17,3.795503782236529e-05,Fold3_2019,1.4455470015168005e-07,-15.74960785326256,-10.179108313990564
2019-06-18,3.244607804676871e-05,Fold3_2019,0.00010849733125422491,-9.12878498202152,-10.335930983543198
2019-06-19,4.702307787777647e-05,Fold3_2019,5.083787467449722e-06,-12.18945400971039,-9.964872058088343
2019-06-20,3.956476903904448e-05,Fold3_2019,9.041905979070527e-05,-9.311055474396676,-10.13757150642693
2019-06-21,4.8760113493419924e-05,Fold3_2019,2.1154244381680916e-06,-13.066255085614655,-9.928597925761215
2019-06-24,4.1506782113292755e-05,Fold3_2019,1.5005475639499933e-06,-13.409680473834632,-10.089653719663245
2019-06-25,3.5984569441418565e-05,Fold3_2019,9.715444883590826e-05,-9.239208589716249,-10.232420338022077
2019-06-26,5.395646473267435e-05,Fold3_2019,9.955367299265028e-07,-13.819983818164484,-9.827333045215152
2019-06-27,4.495525198808278e-05,Fold3_2019,1.2527879118863515e-05,-11.28755406763981,-10.009842963202734
2019-06-28,3.9158470888248384e-05,Fold3_2019,2.6348121791079835e-05,-10.5441135647933,-10.147893788861888
2019-07-01,3.7113955736355436e-05,Fold3_2019,8.167648163143994e-05,-9.412744460066962,-10.201517493682935
2019-07-02,4.531615957193686e-05,Fold3_2019,6.7632967344747835e-06,-11.904000104173306,-10.001846865643651
2019-07-03,3.857045586227059e-05,Fold3_2019,6.341631767057064e-05,-9.665789353129322,-10.16302396672478
2019-07-05,4.307721334706814e-05,Fold3_2019,1.2959678260910047e-06,-13.556252785889415,-10.052516393305238
2019-07-08,3.7099856109802893e-05,Fold3_2019,3.0360515913260986e-05,-10.402367612390814,-10.201897466800377
2019-07-09,3.995599939034475e-05,Fold3_2019,1.5516645104318777e-06,-13.376182325529317,-10.127731724552536
2019-07-10,3.405963986069038e-05,Fold3_2019,2.2721277565952544e-05,-10.692208734796422,-10.287397456458846
2019-07-11,3.273883802196032e-05,Fold3_2019,5.482664075855535e-06,-12.113919429905545,-10.326948477733566
2019-07-12,2.9144597730390233e-05,Fold3_2019,1.9951580281805004e-05,-10.822202205644965,-10.443240988916099
2019-07-15,2.8647820797894853e-05,Fold3_2019,1.1080235107270363e-07,-16.015517843790626,-10.460433180597159
2019-07-16,2.572205070808397e-05,Fold3_2019,1.0438003110447657e-05,-11.47005726675041,-10.568161929732696
2019-07-17,2.6844789621775517e-05,Fold3_2019,4.662696094094885e-05,-9.973331623169974,-10.525438810895434
2019-07-18,3.6090729909875754e-05,Fold3_2019,1.3356091691326397e-05,-11.223537970727754,-10.229474514801549
2019-07-19,3.272690223893204e-05,Fold3_2019,3.103012478012947e-05,-10.380552058238159,-10.327313119853642
2019-07-22,3.6846413615422754e-05,Fold3_2019,6.020547108646239e-06,-12.020332420938125,-10.208752267934328
2019-07-23,3.2231118954348965e-05,Fold3_2019,5.0754707257305044e-05,-9.888506190505225,-10.34257814495028
2019-07-24,3.6164417778224824e-05,Fold3_2019,2.1984758770786238e-05,-10.725161127837174,-10.227434856832444
2019-07-25,3.414140505360288e-05,Fold3_2019,2.2931539435223e-05,-10.682997327053933,-10.284999685803289
2019-07-26,3.6019685286763535e-05,Fold3_2019,4.459275080783247e-05,-10.017939250089954,-10.231444955434991
2019-07-29,3.785756471023418e-05,Fold3_2019,3.322500766503098e-06,-12.61479281565833,-10.181679737806247
2019-07-30,3.38663000077319e-05,Fold3_2019,6.041591597771606e-06,-12.016843071165262,-10.293090138089958
2019-07-31,3.167753788481279e-05,Fold3_2019,0.00012100935713922201,-9.01964268362837,-10.359902712320697
2019-08-01,5.564422248783217e-05,Fold3_2019,7.649384040474024e-05,-9.478300337958594,-9.796532304359442
2019-08-02,6.37448047092677e-05,Fold3_2019,5.7125182401960567e-05,-9.77026551572287,-9.660622872003202
2019-08-05,6.543186353110931e-05,Fold3_2019,0.0009323495285623934,-6.9778027829387534,-9.634501208193555
2019-08-06,0.0002579132381723907,Fold3_2019,0.00019391373489042262,-8.548097163307258,-8.26288731575305
2019-08-07,0.00022772767903175053,Fold3_2019,3.487669317424083e-07,-14.868861955190319,-8.38736003307391
2019-08-08,0.00017022522806410214,Fold3_2019,0.00037753784987204736,-7.881839729739635,-8.678388126815838
2019-08-09,0.00020051554435037192,Fold3_2019,4.672236918408964e-05,-9.971287510454134,-8.514618786290756
2019-08-12,0.00016289090130832608,Fold3_2019,0.00015001107302420685,-8.804801446431213,-8.722429898377053
2019-08-13,0.0001588800063663877,Fold3_2019,0.00023815171853674237,-8.342602614548849,-8.747361317596997
2019-08-14,0.0001645883575104991,Fold3_2019,0.0009008019927439856,-7.012225088387705,-8.71206300423691
2019-08-15,0.0003244900547101096,Fold3_2019,6.9608353029039195e-06,-11.875211076034098,-8.033255670332595
2019-08-16,0.00024132879797085591,Fold3_2019,0.0002145259695966303,-8.447079756544069,-8.329350247361699
2019-08-19,0.00022029498330091885,Fold3_2019,0.00014342432629902056,-8.849703004722716,-8.42054307654001
2019-08-20,0.00019103492986934876,Fold3_2019,5.916425558740671e-05,-9.735192989182622,-8.563054267740837
2019-08-21,0.00015904222868529444,Fold3_2019,6.56510667070074e-05,-9.631156708954366,-8.746340801790927
2019-08-22,0.00013146833730814608,Fold3_2019,9.476504750077992e-08,-16.171865192920134,-8.936744516265483
2019-08-23,0.00010057366849667135,Fold3_2019,0.0006772151497323871,-7.297521536820871,-9.204620079125615
2019-08-26,0.00022794076245107983,Fold3_2019,0.00012094879165709354,-9.020143311391433,-8.386424776578343
2019-08-27,0.00019306146902953303,Fold3_2019,1.5455159128683175e-05,-11.077567686174179,-8.55250192738632
2019-08-28,0.00015097868852737847,Fold3_2019,4.923525365262662e-05,-9.918900653401542,-8.798371866690188
2019-08-29,0.0001232399340482628,Fold3_2019,0.00016109266650592613,-8.73353079019596,-9.001377419384742
2019-08-30,0.00012382902923925053,Fold3_2019,1.9729790784216847e-07,-15.438551027916443,-8.996608740231368
2019-09-03,9.580218799521326e-05,Fold3_2019,3.439121102133627e-05,-10.277709519794769,-9.253225034049802
2019-09-04,8.404028943813386e-05,Fold3_2019,0.00012738050238300365,-8.968331869058007,-9.384214237941361
2019-09-05,8.86051993930497e-05,Fold3_2019,0.00016316763912420026,-8.720732424776411,-9.331320018180605
2019-09-06,9.874052340116322e-05,Fold3_2019,5.952047491005143e-07,-14.334360374459841,-9.223015124345872
2019-09-09,7.709178174229325e-05,Fold3_2019,2.53118369605265e-07,-15.189408593580719,-9.470513875264496
2019-09-10,6.117713280522809e-05,Fold3_2019,5.4833031496688955e-08,-16.7189730600439,-9.701737085242815
2019-09-11,4.965836456273536e-05,Fold3_2019,5.020779462996723e-05,-9.899340271806674,-9.910343711114114
2019-09-12,4.896112554460647e-05,Fold3_2019,1.195586706024172e-05,-11.334288432687561,-9.924483930959774
2019-09-13,4.185664934427996e-05,Fold3_2019,4.411734257730981e-07,-14.633827783083019,-10.081259888481721
2019-09-16,3.5716503359104454e-05,Fold3_2019,9.57025218737852e-06,-11.556851000978432,-10.239897697030173
2019-09-17,3.396532129848136e-05,Fold3_2019,6.394620199565629e-06,-11.960053514913614,-10.290170515672498
2019-09-18,3.0047206038974255e-05,Fold3_2019,3.578316004650285e-07,-14.843203350976172,-10.412740878378097
2019-09-19,2.660082442897077e-05,Fold3_2019,4.4235967668043e-09,-19.23631272362455,-10.534568349086582
2019-09-20,2.423134758997083e-05,Fold3_2019,2.2432174940788402e-05,-10.7050142484269,-10.627863408092585
2019-09-23,2.884053505547481e-05,Fold3_2019,5.5143238932672646e-08,-16.713331692911357,-10.453728693171952
2019-09-24,2.5955896913503935e-05,Fold3_2019,6.205406012628993e-05,-9.68750461531507,-10.559111732799618
2019-09-25,3.935111945612056e-05,Fold3_2019,3.477799272824953e-05,-10.266525764094949,-10.142986134811222
2019-09-26,3.870029249597403e-05,Fold3_2019,4.348542070204163e-06,-12.345669925316002,-10.159663399921595
2019-09-27,3.470349418735949e-05,Fold3_2019,2.9179629956085387e-05,-10.442039696372753,-10.268670179039008
2019-09-30,3.803531724495817e-05,Fold3_2019,2.140989978870893e-05,-10.751657135957059,-10.176995428680643
2019-10-01,3.542527237951107e-05,Fold3_2019,0.0001431920472158265,-8.85132384118225,-10.248085083510638
2019-10-02,6.431080480876923e-05,Fold3_2019,0.0003176268703842914,-8.054633227685507,-9.651782903375995
2019-10-03,0.0001247270460294741,Fold3_2019,6.657908411892062e-05,-9.61712008201113,-8.989382840026414
2019-10-04,0.00010654034312587365,Fold3_2019,0.00018065687123412278,-8.618911064923914,-9.146986835851044
2019-10-07,0.00011558931332754672,Fold3_2019,1.8696471047886652e-05,-10.88717576592922,-9.065467051262761
2019-10-08,9.429490787131657e-05,Fold3_2019,0.0002448145414281561,-8.315009607831481,-9.269083369026601
2019-10-09,0.00013030344233353326,Fold3_2019,8.93360022622602e-05,-9.323105990497732,-8.945644655659542
2019-10-10,0.00011503674359014421,Fold3_2019,4.543221807265878e-05,-9.99928905542138,-9.070258971153793
2019-10-11,9.569202687973512e-05,Fold3_2019,0.00010637839065060283,-9.148508097072463,-9.254375576667522
2019-10-14,9.315130640053795e-05,Fold3_2019,1.2425382685250364e-06,-13.59835427983219,-9.281285436317889
2019-10-15,7.328116900510874e-05,Fold3_2019,9.706270708695859e-05,-9.240153323515251,-9.521206885145007
2019-10-16,7.503656545701219e-05,Fold3_2019,2.583885381656868e-06,-12.866216329971653,-9.497535023809867
2019-10-17,6.056432915509181e-05,Fold3_2019,8.671902045732508e-06,-11.655422408795204,-9.71180446600213
2019-10-18,4.969240477836564e-05,Fold3_2019,1.924498267622295e-05,-10.85826017139925,-9.909658457900917
2019-10-21,4.657520058202311e-05,Fold3_2019,4.564769380527381e-05,-9.994557471251479,-9.974442334840203
2019-10-22,4.5933175191264547e-05,Fold3_2019,1.0708164840802364e-05,-11.444504038251855,-9.988322930919466
2019-10-23,4.1676962756017573e-05,Fold3_2019,8.440422002385524e-06,-11.682478250323737,-10.085562033711355
2019-10-24,3.593211281919511e-05,Fold3_2019,2.6668127186475014e-06,-12.83462653695953,-10.233879154804985
2019-10-25,3.0978999500663706e-05,Fold3_2019,1.6699377596798285e-05,-11.000139108888893,-10.382201018504674
2019-10-28,2.945549588531636e-05,Fold3_2019,3.1591306162202886e-05,-10.362628596673533,-10.432630047779549
2019-10-29,3.093868210490733e-05,Fold3_2019,8.801795245597812e-08,-16.245725038092864,-10.383503308913777
2019-10-30,2.7488434251510417e-05,Fold3_2019,9.379388115128995e-06,-11.57699603000258,-10.501745214429588
2019-10-31,2.5725017157455227e-05,Fold3_2019,7.113428026329294e-06,-11.853526288804836,-10.568046609287912
2019-11-01,2.6033292706562235e-05,Fold3_2019,8.503347101219543e-05,-9.372465602369557,-10.556134350355354
2019-11-04,3.844923185070084e-05,Fold3_2019,1.607531597570514e-05,-11.038225631691308,-10.166171840087323
2019-11-05,3.4736943322828265e-05,Fold3_2019,1.223565086752898e-06,-13.613741758296015,-10.267706788275493
2019-11-06,3.07752076225696e-05,Fold3_2019,5.182166260240428e-08,-16.77545757814334,-10.388801139447965
2019-11-07,2.716768102605263e-05,Fold3_2019,1.2325054629753676e-05,-11.303876405610968,-10.51348248870032
2019-11-08,2.5933645750191482e-05,Fold3_2019,6.065934788427294e-06,-12.012821899097363,-10.55996936859805
2019-11-11,2.4081704447894855e-05,Fold3_2019,3.6543652739908594e-06,-12.519588139489938,-10.634058157308747
2019-11-12,2.3821837647594334e-05,Fold3_2019,4.435014774647898e-06,-12.32597961083333,-10.644907849758646
2019-11-13,2.231197409207054e-05,Fold3_2019,1.045647962025178e-07,-16.073458898344683,-10.710387068805476
2019-11-14,2.0931283442070575e-05,Fold3_2019,2.1165149161619373e-06,-13.065739729449701,-10.774265702695024
2019-11-15,1.9918149711384174e-05,Fold3_2019,5.198933736324644e-05,-9.864471911115416,-10.823879196096682
2019-11-18,2.770648255090843e-05,Fold3_2019,5.439560130160826e-07,-14.424397451786007,-10.493844145042445
2019-11-19,2.4773980541255902e-05,Fold3_2019,8.322837428702327e-08,-16.30167751015554,-10.605716627282808
2019-11-20,2.2921697720611463e-05,Fold3_2019,1.388097891462806e-05,-11.184991078382033,-10.683426597280992
2019-11-21,2.5782092604360857e-05,Fold3_2019,2.592907611823446e-06,-12.862730681883058,-10.565830392127577
2019-11-22,2.46600995247523e-05,Fold3_2019,4.934915070785797e-06,-12.21917509479413,-10.610324024358187
2019-11-25,2.292510435884161e-05,Fold3_2019,5.960349844251039e-05,-9.727796286915833,-10.683277987647086
2019-11-26,3.125150928851443e-05,Fold3_2019,5.120610079030793e-06,-12.182236969950676,-10.373442885715676
2019-11-27,2.77290312174791e-05,Fold3_2019,1.978290778189744e-05,-10.830692236411394,-10.493030635207994
2019-11-29,2.745822279619114e-05,Fold3_2019,1.3804392049474863e-05,-11.190523751981804,-10.5028448794497
2019-12-02,2.9036683362251945e-05,Fold3_2019,7.27782465474062e-05,-9.528093458576587,-10.446950583818902
2019-12-03,4.4429350419097904e-05,Fold3_2019,4.528567198677562e-05,-10.002519867188708,-10.021610261445236
2019-12-04,4.9083600143748544e-05,Fold3_2019,3.7837980275406804e-05,-10.182197190590768,-9.921985588249617
2019-12-05,4.617825154283329e-05,Fold3_2019,3.2279098954756688e-06,-12.643675721367575,-9.983001616538301
2019-12-06,3.835641287193343e-05,Fold3_2019,8.267388005112137e-05,-9.4006068455913,-10.16858882452352
2019-12-09,4.677067531092488e-05,Fold3_2019,9.917475940305513e-06,-11.521212110544683,-9.97025414735435
2019-12-10,4.201294541983256e-05,Fold3_2019,1.2448568293509877e-06,-13.59649003116544,-10.077532762890524
2019-12-11,3.599480276980891e-05,Fold3_2019,8.03556730791066e-06,-11.731632956673451,-10.232135997435464
2019-12-12,3.160855195322551e-05,Fold3_2019,7.365524083298863e-05,-9.516115258958795,-10.362082842554301
2019-12-13,4.011779807055613e-05,Fold3_2019,3.58501973775666e-07,-14.841331671271499,-10.12369047996204
2019-12-16,3.3805355277427804e-05,Fold3_2019,4.68765515859302e-05,-9.967992973721664,-10.294891327865031
2019-12-17,3.668879547788518e-05,Fold3_2019,4.790183195708684e-08,-16.854112087810215,-10.213039149847488
2019-12-18,3.138663969122483e-05,Fold3_2019,3.9960155762927355e-09,-19.337968078196546,-10.369128243136185
2019-12-19,2.757528773889643e-05,Fold3_2019,1.6728200224778096e-05,-10.998414626470424,-10.498590558105027
2019-12-20,2.6816426877548533e-05,Fold3_2019,1.9137229241933982e-05,-10.86387494511797,-10.526495915028306
2019-12-23,2.665362340938492e-05,Fold3_2019,2.3310281859625867e-06,-12.969201106193717,-10.532585453765826
2019-12-24,2.404373471192783e-05,Fold3_2019,9.532960882486357e-10,-20.771095569816605,-10.635636106289924
2019-12-26,2.2202919765198396e-05,Fold3_2019,2.819058942013884e-05,-10.476522344218996,-10.71528675677928
2019-12-27,2.4837515476915604e-05,Fold3_2019,6.15029299926101e-08,-16.604181021112527,-10.603155326959584
2019-12-30,2.2886792156421284e-05,Fold3_2019,3.056386928740067e-05,-10.395691988873066,-10.684950575523436
2019-12-31,2.9946162738111463e-05,Fold3_2019,5.887412119331527e-06,-12.042694025385961,-10.416109363877904
2020-01-02,2.6831664037366798e-05,Fold4_2020_COVID,8.664829089358633e-05,-9.35365326624893,-10.525927873930549
2020-01-03,3.905852610804014e-05,Fold4_2020_COVID,5.7779151222715526e-05,-9.758882552845167,-10.15044936727684
2020-01-06,4.822500336451217e-05,Fold4_2020_COVID,1.4499739128988108e-05,-11.141379899803855,-9.939632929405512
2020-01-07,4.1391220507420324e-05,Fold4_2020_COVID,7.928020687808076e-06,-11.745107151478832,-10.092441764660132
2020-01-08,3.755139819094222e-05,Fold4_2020_COVID,2.825277329005519e-05,-10.474318935630665,-10.18979994500282
2020-01-09,3.6003041693110486e-05,Fold4_2020_COVID,4.566903547003485e-05,-9.994090050542942,-10.231907131602076
2020-01-10,3.799142743214677e-05,Fold4_2020_COVID,8.304519878046322e-06,-11.698710627762644,-10.178150017578892
2020-01-13,3.5196418988701725e-05,Fold4_2020_COVID,4.6973535772943927e-05,-9.965926183497674,-10.254566213810923
2020-01-14,3.7634833335376717e-05,Fold4_2020_COVID,2.327771592137588e-06,-12.970599146251471,-10.187580517935128
2020-01-15,3.316822385823275e-05,Fold4_2020_COVID,5.094304726185178e-06,-12.187387362586614,-10.313918253070497
2020-01-16,2.907229185752925e-05,Fold4_2020_COVID,6.862957333400912e-05,-9.586787017965152,-10.445725007232848
2020-01-17,3.7180054096875755e-05,Fold4_2020_COVID,9.657810822679676e-06,-11.547743558333707,-10.199738120672686
2020-01-21,3.2614493782211906e-05,Fold4_2020_COVID,3.843102047955407e-06,-12.46923069249124,-10.330753773848107
2020-01-22,3.000675206591649e-05,Fold4_2020_COVID,1.4579813211033129e-08,-18.043627921762564,-10.414088132762434
2020-01-23,2.6504704650853535e-05,Fold4_2020_COVID,1.3141617491830552e-06,-13.542311548686886,-10.53818830673492
2020-01-24,2.3825276483707693e-05,Fold4_2020_COVID,7.979426540118709e-05,-9.43605891823123,-10.644763503718723
2020-01-27,4.218807846620757e-05,Fold4_2020_COVID,0.0002611350905890675,-8.250472696080427,-10.073372877633945
2020-01-28,9.697847817819481e-05,Fold4_2020_COVID,0.00010867756355586089,-9.127125192171771,-9.24102147853027
2020-01-29,9.415714998623052e-05,Fold4_2020_COVID,6.827302322603796e-07,-14.197166030127265,-9.270545363246132
2020-01-30,7.339171523644444e-05,Fold4_2020_COVID,1.0496738208047961e-05,-11.4644459959141,-9.51969950015235
2020-01-31,5.900345475412586e-05,Fold4_2020_COVID,0.000335794470955159,-7.999011278747755,-9.737914560618165
2020-02-03,0.00012556990982993876,Fold4_2020_COVID,5.477979931194643e-05,-9.812189057663865,-8.982647904049678
2020-02-04,0.00010459094981147936,Fold4_2020_COVID,0.0002288004021340032,-8.38266054088149,-9.165453531955468
2020-02-05,0.00012350546644572673,Fold4_2020_COVID,0.00013183270660148538,-8.933976813407009,-8.999225140157373
2020-02-06,0.00011795243953644614,Fold4_2020_COVID,1.128369419074418e-05,-11.392151866331064,-9.045229069522899
2020-02-07,9.142424979577503e-05,Fold4_2020_COVID,2.8556133635155248e-05,-10.463638806577507,-9.299999799641741
2020-02-10,7.916144888804487e-05,Fold4_2020_COVID,5.5317022943095265e-05,-9.802429867816542,-9.444021134112358
2020-02-11,7.10954811715127e-05,Fold4_2020_COVID,2.998620628084851e-06,-12.717358165670674,-9.551486779131064
2020-02-12,5.63282242909639e-05,Fold4_2020_COVID,4.124135190284392e-05,-10.096069118003541,-9.784314828881987
2020-02-13,5.191432209410635e-05,Fold4_2020_COVID,1.1390210170391119e-06,-13.68534142148412,-9.865915850290717
2020-02-14,4.306725916891984e-05,Fold4_2020_COVID,2.56238081321554e-06,-12.874573726497347,-10.052747497586264
2020-02-18,3.591939920998653e-05,Fold4_2020_COVID,6.65882794030607e-06,-11.919567073838172,-10.234233040450038
2020-02-19,3.321392974479147e-05,Fold4_2020_COVID,2.2751385921791085e-05,-10.690884494783672,-10.312541199410724
2020-02-20,3.18756401995883e-05,Fold4_2020_COVID,1.694734804004494e-05,-10.985399194193073,-10.353668469994412
2020-02-21,3.3089676595927316e-05,Fold4_2020_COVID,0.00010715623080406023,-9.14122268744081,-10.316289209547014
2020-02-24,5.542464282166145e-05,Fold4_2020_COVID,0.0011375712802251864,-6.7788597451682415,-9.800486246836991
2020-02-25,0.000313602856418567,Fold4_2020_COVID,0.0009468441833974442,-6.9623760153830165,-8.06738316105193
2020-02-26,0.00045843330087464904,Fold4_2020_COVID,1.3578984519663574e-05,-11.206987216268622,-7.687695749315224
2020-02-27,0.00033474901007777836,Fold4_2020_COVID,0.0021115289796898055,-6.160342958991205,-8.002129530595935
2020-02-28,0.0007525385837295571,Fold4_2020_COVID,1.7727371828250957e-05,-10.940400681902931,-7.192058288596501
2020-03-02,0.000543475695502962,Fold4_2020_COVID,0.0017973379772715176,-6.321448610250079,-7.517525570888722
2020-03-03,0.0007909535403390919,Fold4_2020_COVID,0.0008439308322826381,-7.0774400189983435,-7.142271327270418
2020-03-04,0.0007742912268248728,Fold4_2020_COVID,0.0016952906529174158,-6.37990107620272,-7.1635624930957205
2020-03-05,0.0009324887751613519,Fold4_2020_COVID,0.0011429019052065852,-6.774184720068861,-6.977653443879234
2020-03-06,0.0009472730755795176,Fold4_2020_COVID,0.0002778606931483571,-8.188390673650984,-6.961923147761046
2020-03-09,0.000747559641519534,Fold4_2020_COVID,0.0036087934734205444,-5.62438178038964,-7.198696467896326
2020-03-10,0.0014109827393176983,Fold4_2020_COVID,0.002545257265119155,-5.973523547597719,-6.563468839129091
2020-03-11,0.001584592496685005,Fold4_2020_COVID,0.0024977023283624133,-5.992384038365567,-6.447428004592012
2020-03-12,0.001740362932050806,Fold4_2020_COVID,0.0036087934734205444,-5.62438178038964,-6.353661605867431
2020-03-13,0.0021217004446014622,Fold4_2020_COVID,0.003944062616333454,-5.535543966015481,-6.15553741529559
2020-03-16,0.002419855386264105,Fold4_2020_COVID,0.0036087934734205444,-5.62438178038964,-6.024047498341212
2020-03-17,0.002605143335854366,Fold4_2020_COVID,0.0027651941236872357,-5.8906444389904475,-5.9502675819299355
2020-03-18,0.0024841579106751853,Fold4_2020_COVID,0.0026998090703268846,-5.914574223166002,-5.997821545806187
2020-03-19,0.0024290497687121902,Fold4_2020_COVID,4.506186773652359e-06,-12.31005926682382,-6.020255139788643
2020-03-20,0.0017209146868010982,Fold4_2020_COVID,0.0019404511917605596,-6.2448347598753715,-6.364899334857639
2020-03-23,0.0017037405469537293,Fold4_2020_COVID,0.0006708404361310585,-7.3069792493742645,-6.374929123345312
2020-03-24,0.0013796414933646888,Fold4_2020_COVID,0.003944062616333454,-5.535543966015481,-6.585931600980512
2020-03-25,0.0018971511187538621,Fold4_2020_COVID,0.00022080092333942225,-8.418249061779216,-6.267401929233808
2020-03-26,0.001393085218502597,Fold4_2020_COVID,0.003220417029340142,-5.738244415594368,-6.576234409815459
2020-03-27,0.001735424016131741,Fold4_2020_COVID,0.0009143619038987181,-6.997284108754552,-6.356503505740322
2020-03-30,0.0014646380093262805,Fold4_2020_COVID,0.0010214114761778717,-6.88656980808067,-6.5261471596555625
2020-03-31,0.0012710041183653343,Fold4_2020_COVID,0.000225526159294825,-8.39707440000767,-6.667948046524103
2020-04-01,0.0009642164502436858,Fold4_2020_COVID,0.002120514955181306,-6.156096316407059,-6.944194755109783
2020-04-02,0.0012141021526581657,Fold4_2020_COVID,0.0005204382196176557,-7.560839371252428,-6.713750444367431
2020-04-03,0.0009787829466581088,Fold4_2020_COVID,0.00021198026624447017,-8.459017371377323,-6.929200649250734
2020-04-06,0.0007544431106263162,Fold4_2020_COVID,0.003944062616333454,-5.535543966015481,-7.18953068269676
2020-04-07,0.0014532153786345344,Fold4_2020_COVID,1.0386775676145787e-06,-13.777562223542969,-6.533976675073075
2020-04-08,0.0010382826580613862,Fold4_2020_COVID,0.0010901176434957318,-6.82146965875249,-6.870187221037067
2020-04-09,0.0009869939227430936,Fold4_2020_COVID,0.00022810395437159652,-8.385709092692695,-6.920846675851579
2020-04-13,0.0007541960272336778,Fold4_2020_COVID,8.413294922250117e-05,-9.383112281476922,-7.1898582406775216
2020-04-14,0.0005644553192659346,Fold4_2020_COVID,0.0008448439316630566,-7.076358643922292,-7.479649328497535
2020-04-15,0.000593505562308766,Fold4_2020_COVID,0.00046125630887646586,-7.681556684922121,-7.42946397191337
2020-04-16,0.0005450839736213581,Fold4_2020_COVID,2.3164365850987895e-05,-10.672895414778472,-7.514570695130951
2020-04-17,0.00039535636109908827,Fold4_2020_COVID,0.0007106125091961575,-7.249383270822528,-7.83572301978523
2020-04-20,0.00044255247817450127,Fold4_2020_COVID,0.0003159714875055682,-8.05985857786104,-7.722951505803455
2020-04-21,0.00040179176623661634,Fold4_2020_COVID,0.0009507233211572562,-6.958287472388686,-7.819576597986996
2020-04-22,0.0005286809353227435,Fold4_2020_COVID,0.00048189347384473504,-7.637787476960559,-7.5451254549101145
2020-04-23,0.0004853818480519778,Fold4_2020_COVID,5.1792051256803925e-09,-19.078614243090623,-7.630574661226026
2020-04-24,0.00035049433729821087,Fold4_2020_COVID,0.0001916173570179848,-8.560010106666306,-7.956166007688012
2020-04-27,0.0002933360323504039,Fold4_2020_COVID,0.00020492928641626564,-8.492845582643739,-8.134191738007903
2020-04-28,0.000255511988546641,Fold4_2020_COVID,2.1241041383978854e-05,-10.759575333414901,-8.272241227516652
2020-04-29,0.00019333868207088213,Fold4_2020_COVID,0.0006677829547155906,-7.311547355315382,-8.551067077590739
2020-04-30,0.000289000753174516,Fold4_2020_COVID,8.750759459144714e-05,-9.343784973036378,-8.149081263715043
2020-05-01,0.00023549502292411292,Fold4_2020_COVID,0.0007198330226607794,-7.236491285821284,-8.353820778811329
2020-05-04,0.00035333198731100294,Fold4_2020_COVID,7.5856577073048676e-06,-11.78925123734689,-7.9481024690306885
2020-05-05,0.0002577333046997656,Fold4_2020_COVID,8.458363193928272e-05,-9.377769785965976,-8.263585210395865
2020-05-06,0.00020470822754926923,Fold4_2020_COVID,4.6261051262445375e-05,-9.981210176333905,-8.49392487289875
2020-05-07,0.0001646476847122891,Fold4_2020_COVID,0.00014386959074775733,-8.846603288516881,-8.711702611115722
2020-05-08,0.00015079002969046898,Fold4_2020_COVID,0.00026931201286329925,-8.219639951405638,-8.799622220687134
2020-05-11,0.0001683982748689738,Fold4_2020_COVID,4.202558320528053e-08,-16.984987280168475,-8.68917870045452
2020-05-12,0.00012499455899252386,Fold4_2020_COVID,0.0004053280870723857,-7.810813727268029,-8.987240349669156
2020-05-13,0.00019737063243294742,Fold4_2020_COVID,0.00031841601159408525,-8.052151817588562,-8.530427213902092
2020-05-14,0.00022781361164204555,Fold4_2020_COVID,0.00014151847938863207,-8.863080253021854,-8.386982756137337
2020-05-15,0.00019569885343016503,Fold4_2020_COVID,2.1038180152403884e-05,-10.769171668493254,-8.538933542393075
2020-05-18,0.00014782151179012728,Fold4_2020_COVID,0.0009002779000504492,-7.012807064468195,-8.819505013423143
2020-05-19,0.00030769489618085675,Fold4_2020_COVID,0.00010658470458654177,-9.146570540706152,-8.086401862771384
2020-05-20,0.0002545631990475862,Fold4_2020_COVID,0.00028376374756099035,-8.167368540788152,-8.275961426484928
2020-05-21,0.0002461477756831987,Fold4_2020_COVID,4.799539665825175e-05,-9.944405454608454,-8.309578488229093
2020-05-22,0.00019546432122839096,Fold4_2020_COVID,3.599165689848313e-06,-12.534808492180957,-8.540132695304557
2020-05-26,0.00014502156314213688,Fold4_2020_COVID,0.000149953436577735,-8.805185734874254,-8.83862811527505
2020-05-27,0.00013832403873467324,Fold4_2020_COVID,0.00021812868598221848,-8.430425366664545,-8.885911518528857
2020-05-28,0.00014827364082136443,Fold4_2020_COVID,3.4105015709240615e-06,-12.588651189237739,-8.81645106688838
2020-05-29,0.00011272599624192663,Fold4_2020_COVID,1.9767496580307858e-05,-10.831471555997027,-9.090550495888003
2020-06-01,8.823404819859637e-05,Fold4_2020_COVID,1.6270614726249665e-05,-11.026149854641323,-9.335517635445791
2020-06-02,6.995671511873988e-05,Fold4_2020_COVID,6.79958510063938e-05,-9.59606386926149,-9.567633862622067
2020-06-03,6.710500498869343e-05,Fold4_2020_COVID,0.00017478611428069725,-8.651947535651633,-9.609251926772902
2020-06-04,8.778410444975513e-05,Fold4_2020_COVID,6.919459841021786e-06,-11.881172849037165,-9.340630116426908
2020-06-05,7.049119346614775e-05,Fold4_2020_COVID,0.0006404320481056046,-7.35336753420629,-9.560022771322418
2020-06-08,0.00019252431835374426,Fold4_2020_COVID,0.00014436229782583974,-8.843184460985805,-8.555288083104925
2020-06-09,0.00017137691018030094,Fold4_2020_COVID,5.6022193297147196e-05,-9.789762636861118,-8.671645273942303
2020-06-10,0.00014420847842621314,Fold4_2020_COVID,3.131092394018772e-05,-10.37154351363345,-8.844250538543571
2020-06-11,0.00011818749091126429,Fold4_2020_COVID,0.003525682547399207,-5.647681230994005,-9.04323828844659
2020-06-12,0.0009513437537815101,Fold4_2020_COVID,0.00014171962435293036,-8.861659928599005,-6.957635095136134
2020-06-15,0.0007197651446489633,Fold4_2020_COVID,8.635048328812713e-05,-9.357096156535748,-7.2365855871525975
2020-06-16,0.0005419440622604422,Fold4_2020_COVID,0.0003634608672557444,-7.919838922203445,-7.520347768012296
2020-06-17,0.00047459877251705836,Fold4_2020_COVID,1.7326523795318964e-05,-10.963272063202231,-7.653040800318551
2020-06-18,0.000354482873605145,Fold4_2020_COVID,1.4814532527947706e-07,-15.725072117393779,-7.944850524569154
2020-06-19,0.0002612237117872688,Fold4_2020_COVID,3.2846987510852953e-05,-10.323650521626798,-8.25013338448599
2020-06-22,0.00020361781049941076,Fold4_2020_COVID,4.0889533652841326e-05,-10.104636428572267,-8.499265799218929
2020-06-23,0.0001583061875498778,Fold4_2020_COVID,2.1098239340268586e-05,-10.76632096455303,-8.750979504349871
2020-06-24,0.00012139208833986088,Fold4_2020_COVID,0.0006676975772752606,-7.311675215570025,-9.01648485164491
2020-06-25,0.00026082883342831963,Fold4_2020_COVID,0.00011371873673177479,-9.08178237982764,-8.251646176398895
2020-06-26,0.00021644361155603615,Fold4_2020_COVID,0.0005778370942628664,-7.456218572853206,-8.438180499152478
2020-06-29,0.0003058678859264655,Fold4_2020_COVID,0.00021287805318854073,-8.454791076448736,-8.092357294579095
2020-06-30,0.0002706348890361053,Fold4_2020_COVID,0.00016200591096129585,-8.727877735982133,-8.214739918402236
2020-07-01,0.00023396266750039976,Fold4_2020_COVID,4.872692828114645e-05,-9.929278738573895,-8.36034899593111
2020-07-02,0.00018348299240180077,Fold4_2020_COVID,3.0162287448567655e-05,-10.408918173915113,-8.60338857922397
2020-07-06,0.0001429002672564388,Fold4_2020_COVID,0.00023468856058521937,-8.357251196877947,-8.8533636027962
2020-07-07,0.00015633128870649697,Fold4_2020_COVID,0.00010748393285769086,-9.138169183356005,-8.76353315690811
2020-07-08,0.00014759346871927233,Fold4_2020_COVID,5.805268089798515e-05,-9.75415966832026,-8.821048896646385
2020-07-09,0.00012227441898241486,Fold4_2020_COVID,3.25932833024586e-05,-10.331404324486378,-9.009242703278503
2020-07-10,0.00010349487973721425,Fold4_2020_COVID,0.00010320082322349035,-9.178833727976821,-9.175988417620614
2020-07-13,9.938609481922024e-05,Fold4_2020_COVID,7.562986370376884e-05,-9.489659330243024,-9.216498345242153
2020-07-14,9.79713446110861e-05,Fold4_2020_COVID,0.00016578834935332412,-8.704798587012395,-9.230835523979174
2020-07-15,0.00010863346725302496,Fold4_2020_COVID,8.363484242717556e-05,-9.389050349255696,-9.127531028021679
2020-07-16,9.907134243487688e-05,Fold4_2020_COVID,1.0885076570308821e-05,-11.428117828823055,-9.219670336703958
2020-07-17,8.061104300527664e-05,Fold4_2020_COVID,8.381953072617405e-06,-11.689429607067211,-9.425874907845678
2020-07-20,6.393196731761546e-05,Fold4_2020_COVID,6.478758189788024e-05,-9.644396610349226,-9.657691050663411
2020-07-21,6.254918051741956e-05,Fold4_2020_COVID,4.517440890661528e-06,-12.307564899089918,-9.67955742237747
2020-07-22,5.016870590150979e-05,Fold4_2020_COVID,3.221531153746653e-05,-10.343068704848752,-9.90011911407008
2020-07-23,4.599515885565633e-05,Fold4_2020_COVID,0.00014408912174460322,-8.845078548824327,-9.986974409281876
2020-07-24,7.615564017265269e-05,Fold4_2020_COVID,4.1744033345635374e-05,-10.083954030757567,-9.482731414751944
2020-07-27,7.228127175235348e-05,Fold4_2020_COVID,5.279160445636454e-05,-9.84915838640318,-9.534945497592135
2020-07-28,6.627632095317772e-05,Fold4_2020_COVID,4.048143574796707e-05,-10.114667065531851,-9.621677874593203
2020-07-29,6.473719500476723e-05,Fold4_2020_COVID,0.0001494221730626235,-8.808734882204051,-9.645174637485958
2020-07-30,8.080307328606407e-05,Fold4_2020_COVID,1.2776346515441916e-05,-11.267915025046017,-9.42349555744195
2020-07-31,6.785940317145652e-05,Fold4_2020_COVID,6.195677873842005e-05,-9.689073533140567,-9.59807259364456
2020-08-03,6.487606140405193e-05,Fold4_2020_COVID,4.799898409642958e-05,-9.944330711938075,-9.643031855855957
2020-08-04,5.98916172899807e-05,Fold4_2020_COVID,1.4860371619169871e-05,-11.116812510967849,-9.722974007711544
2020-08-05,4.996837866737178e-05,Fold4_2020_COVID,3.833914056780236e-05,-10.169039236669946,-9.904120179254784
2020-08-06,4.708217162465191e-05,Fold4_2020_COVID,4.4385514619513916e-05,-10.022597389064572,-9.96361615036895
2020-08-07,4.614541506464653e-05,Fold4_2020_COVID,5.152247537683441e-07,-14.478662616399877,-9.983712950495844
2020-08-10,3.795467591633377e-05,Fold4_2020_COVID,8.90680778651792e-06,-11.628694653794781,-10.179117849161063
2020-08-11,3.2911181979395404e-05,Fold4_2020_COVID,6.870651045853749e-05,-9.585666596726213,-10.321698080145147
2020-08-12,4.769172593063899e-05,Fold4_2020_COVID,0.00019170988020727816,-8.559527369296744,-9.950752635689609
2020-08-13,7.726678763614503e-05,Fold4_2020_COVID,3.2737665450614073e-06,-12.62956938728116,-9.468246350117798
2020-08-14,6.234654191856652e-05,Fold4_2020_COVID,8.782264934807302e-10,-20.85311659032073,-9.682802349789052
2020-08-17,4.998985281244758e-05,Fold4_2020_COVID,1.0059302833926597e-05,-11.507012696496618,-9.903690516883046
2020-08-18,4.193799882713449e-05,Fold4_2020_COVID,4.657165436917245e-06,-12.277103570240866,-10.079318248766374
2020-08-19,3.524154119803679e-05,Fold4_2020_COVID,1.740856013603752e-05,-10.958548510876106,-10.253285023515588
2020-08-20,3.592851172082754e-05,Fold4_2020_COVID,9.665042522762256e-06,-11.546995045648655,-10.233979379326929
2020-08-21,3.1587222773160766e-05,Fold4_2020_COVID,1.253916939664494e-05,-11.286653261265426,-10.362757861761423
2020-08-24,2.8874089274463088e-05,Fold4_2020_COVID,0.00010164260402046578,-9.194047779804432,-10.452565929898055
2020-08-25,4.442886813535448e-05,Fold4_2020_COVID,1.2202726669720136e-05,-11.313851133678869,-10.02162111657493
2020-08-26,3.819981167762329e-05,Fold4_2020_COVID,9.952086103068799e-05,-9.215143277175141,-10.172679972269046
2020-08-27,5.07476071760417e-05,Fold4_2020_COVID,4.771144241106974e-06,-12.25292439899966,-9.888646090394495
2020-08-28,4.167523886601971e-05,Fold4_2020_COVID,4.145206287731706e-05,-10.090972909772928,-10.085603397705697
2020-08-31,4.156158755797893e-05,Fold4_2020_COVID,1.3168703530862605e-05,-11.237667488143368,-10.088334193281419
2020-09-01,3.9385496377872945e-05,Fold4_2020_COVID,8.787485818825017e-05,-9.33959682162422,-10.142112921667055
2020-09-02,4.917468343050179e-05,Fold4_2020_COVID,0.00020622386833108087,-8.4865482397773,-9.92013163132041
2020-09-03,8.125460824808134e-05,Fold4_2020_COVID,0.0012264380072337247,-6.703641239991799,-9.417923021463308
2020-09-04,0.0003741368056924191,Fold4_2020_COVID,6.721201878402182e-05,-9.60765847547439,-7.89088903681338
2020-09-08,0.0002934209303363272,Fold4_2020_COVID,0.0007674515770587523,-7.17243517227342,-8.133902357593474
2020-09-09,0.0004137947841744082,Fold4_2020_COVID,0.0003824000316783578,-7.869043293946137,-7.7901403974340395
2020-09-10,0.0003859826050909884,Fold4_2020_COVID,0.00030682999042256986,-8.089216740893441,-7.8597182540459976
2020-09-11,0.0003642842932803088,Fold4_2020_COVID,2.594821293261257e-07,-15.164578002507103,-7.917575969673876
2020-09-14,0.00026683739078998416,Fold4_2020_COVID,0.0001712180174892618,-8.672572857450401,-8.228871108352507
2020-09-15,0.0002321628408019086,Fold4_2020_COVID,2.5399501771672394e-05,-10.580780999420654,-8.368071532506342
2020-09-16,0.00017569035075261624,Fold4_2020_COVID,1.581313013140787e-05,-11.05466994206292,-8.646787483160274
2020-09-17,0.0001365831769366939,Fold4_2020_COVID,7.804598799363694e-05,-9.458212315352368,-8.898576774072964
2020-09-18,0.00012553885199541315,Fold4_2020_COVID,0.00013407338322258595,-8.91712327192178,-8.982895269649015
2020-09-21,0.00013232424815703896,Fold4_2020_COVID,0.0001252688299059135,-8.985048490728843,-8.930255222027114
2020-09-22,0.00013487724878285322,Fold4_2020_COVID,0.00010267795352981776,-9.183913132722692,-8.91114546143616
2020-09-23,0.00012189753556368275,Fold4_2020_COVID,0.0005505712071939998,-7.50455426013202,-9.012329738550298
2020-09-24,0.00023492474424057202,Fold4_2020_COVID,7.08560915560577e-06,-11.857444710309249,-8.356245332381182
2020-09-25,0.00017449678229635959,Fold4_2020_COVID,0.000257211610330936,-8.265611425364062,-8.653604256054212
2020-09-28,0.000185005390050929,Fold4_2020_COVID,0.0002713499231197539,-8.212101340779927,-8.59512559789995
2020-09-29,0.00019578574217899003,Fold4_2020_COVID,2.9821125613153266e-05,-10.420293502420117,-8.538489648808365
2020-09-30,0.00015541187165109304,Fold4_2020_COVID,5.7058627492601e-05,-9.771431266225648,-8.769431728797434
2020-10-01,0.00012704733205746101,Fold4_2020_COVID,4.094976427252425e-05,-10.103164504152478,-8.97095084757277
2020-10-02,0.00010319901144163075,Fold4_2020_COVID,9.10108941105885e-05,-9.30453134311178,-9.178851284016657
2020-10-05,0.00010500392204802553,Fold4_2020_COVID,0.0003089802070991924,-8.082233337813289,-9.161512855666013
2020-10-06,0.00014644531191633183,Fold4_2020_COVID,0.0002049975296007632,-8.49251262962646,-8.82885849669945
2020-10-07,0.0001656306972942587,Fold4_2020_COVID,0.00029779464742236473,-8.119106411608719,-8.705749963057622
2020-10-08,0.00018782256039820872,Fold4_2020_COVID,7.785484278976855e-05,-9.460664454942483,-8.580012868489218
2020-10-09,0.0001548461000656238,Fold4_2020_COVID,7.904528423178602e-05,-9.445489651600132,-8.773078837101972
2020-10-12,0.00013131725558164248,Fold4_2020_COVID,0.00025470149714820875,-8.2754182979113,-8.937894364257438
2020-10-13,0.00015318250475295937,Fold4_2020_COVID,4.287188998877383e-05,-10.057294191814067,-8.78388050591943
2020-10-14,0.000128336973606053,Fold4_2020_COVID,3.9729434131106015e-05,-10.133418231100864,-8.960851146985448
2020-10-15,0.00010953296722850782,Fold4_2020_COVID,1.5296646435725211e-06,-13.39046203379246,-9.11928498344039
2020-10-16,8.45782817681584e-05,Fold4_2020_COVID,3.649810381711911e-07,-14.823420434929293,-9.377833040997901
2020-10-19,6.594726764062235e-05,Fold4_2020_COVID,0.0002347054013117792,-8.357179441687492,-9.626655110430686
2020-10-20,0.0001148640742306505,Fold4_2020_COVID,1.5978573962566973e-05,-11.044261860496347,-9.071761091882179
2020-10-21,8.975943695854421e-05,Fold4_2020_COVID,3.5889554513329383e-06,-12.537649358432837,-9.318377388953053
2020-10-22,7.122801267898621e-05,Fold4_2020_COVID,2.9923262676596367e-05,-10.416874364125468,-9.549624380419575
2020-10-23,6.0821449556824756e-05,Fold4_2020_COVID,1.1489800298341456e-05,-11.374050846729721,-9.707568042443912
2020-10-26,4.981111477030251e-05,Fold4_2020_COVID,0.00034793002471359677,-7.963509176817978,-9.907272410677754
2020-10-27,0.00013018196195576187,Fold4_2020_COVID,1.192662148178229e-05,-11.336737557118326,-8.946577378833878
2020-10-28,0.00010341797444373911,Fold4_2020_COVID,0.0012094240930123196,-6.717610988864752,-9.176731776918624
2020-10-29,0.0003833787542326025,Fold4_2020_COVID,0.00010225964445424798,-9.187995445198498,-7.86648714299195
2020-10-30,0.00030211570362244784,Fold4_2020_COVID,0.0001098255503827897,-9.116617356662315,-8.104700489385243
2020-11-02,0.0002543544557675594,Fold4_2020_COVID,0.0001242354541875796,-8.993331968753477,-8.276781768596301
2020-11-03,0.00021385607842613498,Fold4_2020_COVID,0.00030632245517138657,-8.090872235773208,-8.450207299911648
2020-11-04,0.00022490815079552497,Fold4_2020_COVID,0.0004885432359044957,-7.6240825829169365,-8.39981845779034
2020-11-05,0.00027432782929993535,Fold4_2020_COVID,0.0003730725275127747,-7.8937377134882105,-8.201186709461803
2020-11-06,0.000284016661230367,Fold4_2020_COVID,5.218398522014345e-08,-16.768490185678484,-8.16647765521976
2020-11-09,0.00021085126038852825,Fold4_2020_COVID,0.00015593121009971006,-8.76609560886588,-8.464357600134706
2020-11-10,0.00018917631745604807,Fold4_2020_COVID,2.1532234293696254e-06,-13.048544569132842,-8.572831081189369
2020-11-11,0.00014301473718302674,Fold4_2020_COVID,5.477573118694586e-05,-9.812263323654527,-8.852562875790435
2020-11-12,0.00011800466379172001,Fold4_2020_COVID,9.503332909939499e-05,-9.261282895265898,-9.044786410621004
2020-11-13,0.0001169686451871645,Fold4_2020_COVID,0.00018905493378882553,-8.573472930169272,-9.05360464893551
2020-11-16,0.00012826439435784058,Fold4_2020_COVID,0.00015388676284856578,-8.77929353219897,-8.961416843503155
2020-11-17,0.00012868407523513407,Fold4_2020_COVID,2.9081207764233967e-05,-10.445418373691187,-8.958150186564811
2020-11-18,0.0001071992753924292,Fold4_2020_COVID,0.0001466016917855972,-8.82779122843099,-9.140821068749398
2020-11-19,0.00012237901839348158,Fold4_2020_COVID,1.7651945546627972e-05,-10.944664551389062,-9.008387620933762
2020-11-20,9.574793031229197e-05,Fold4_2020_COVID,4.721700211027753e-05,-9.960756516033529,-9.253791545674558
2020-11-23,8.820242011425971e-05,Fold4_2020_COVID,3.571947180725945e-05,-10.239814589096115,-9.335876156390784
2020-11-24,7.440992616751803e-05,Fold4_2020_COVID,0.0002555306570909394,-8.27216816690433,-9.5059212087943
2020-11-25,0.00011202427148576106,Fold4_2020_COVID,2.381213394433604e-06,-12.947900370605891,-9.096795000453039
2020-11-27,8.718231170875589e-05,Fold4_2020_COVID,7.735504986963939e-06,-11.769689790102092,-9.347509095002305
2020-11-30,6.850947131286294e-05,Fold4_2020_COVID,1.968436470755441e-05,-10.835685907010138,-9.588538554913077
2020-12-01,6.088042032463669e-05,Fold4_2020_COVID,0.00011832480469631605,-9.042077132743229,-9.706598940284929
2020-12-02,7.191438327983528e-05,Fold4_2020_COVID,4.416293424954771e-06,-12.330209805328527,-9.540034267627105
2020-12-03,5.693030105533885e-05,Fold4_2020_COVID,7.427522842220674e-08,-16.415488340244586,-9.773682826848415
2020-12-04,4.603415295525687e-05,Fold4_2020_COVID,7.362687820104547e-05,-9.516500405947172,-9.98612698140989
2020-12-07,5.156198980695118e-05,Fold4_2020_COVID,4.230786151018017e-06,-12.373122730869806,-9.872725788571394
2020-12-08,4.3905408427740705e-05,Fold4_2020_COVID,8.535920509744359e-06,-11.671227356362404,-10.033473046661916
2020-12-09,3.715282151124411e-05,Fold4_2020_COVID,8.116419684104857e-05,-9.41903633363577,-10.20047084052584
2020-12-10,5.456870803962789e-05,Fold4_2020_COVID,1.0697411257162271e-07,-16.05067897033933,-9.816049952332675
2020-12-11,4.4385022496803034e-05,Fold4_2020_COVID,1.3763418541633525e-06,-13.496081408783667,-10.022608476588132
2020-12-14,3.764228422750509e-05,Fold4_2020_COVID,2.013579563398512e-05,-10.813011449468366,-10.187382558916665
2020-12-15,3.8553262976631284e-05,Fold4_2020_COVID,0.00018033081118057294,-8.620717553943377,-10.163469818822756
2020-12-16,6.904390456606078e-05,Fold4_2020_COVID,2.4583864331582506e-06,-12.916005344710996,-9.58076795765994
2020-12-17,5.464020894459533e-05,Fold4_2020_COVID,3.109776300829581e-05,-10.378374670359804,-9.814740518686442
2020-12-18,4.9144413877988646e-05,Fold4_2020_COVID,1.6006845057376704e-05,-11.042494111125658,-9.92074737239815
2020-12-21,4.578824608627846e-05,Fold4_2020_COVID,1.2830387811488146e-05,-11.263694152865405,-9.99148313545148
2020-12-22,4.2412117389266466e-05,Fold4_2020_COVID,2.8454479832692468e-06,-12.769790039418503,-10.068076449073127
2020-12-23,3.679605903290712e-05,Fold4_2020_COVID,8.074532911155482e-07,-14.029380627342372,-10.210119810021181
2020-12-24,3.110401626881586e-05,Fold4_2020_COVID,1.5073250476257692e-05,-11.102588876728825,-10.378173606640605
2020-12-28,2.8989077328329405e-05,Fold4_2020_COVID,7.317353268736693e-05,-9.522676777690316,-10.448591442776621
2020-12-29,3.900419783667894e-05,Fold4_2020_COVID,3.646579776670921e-06,-12.521720877160742,-10.151841280789135
2020-12-30,3.459824913970659e-05,Fold4_2020_COVID,2.0327220212208128e-06,-13.106134765957217,-10.27170748007962
2020-12-31,2.9555622241176578e-05,Fold4_2020_COVID,2.5686331060370803e-05,-10.569551572908871,-10.42923657024093
2021-01-04,2.9805667087273025e-05,Fold5_2021,0.00018789430994248715,-8.579630934374386,-10.420812011819214
2021-01-05,7.589317043356749e-05,Fold5_2021,4.711228958824485e-05,-9.962976665536582,-9.48618385872365
2021-01-06,6.780904255075758e-05,Fold5_2021,3.552716034582028e-05,-10.245213073843587,-9.598815000955913
2021-01-07,5.964133779120461e-05,Fold5_2021,0.000217508480764163,-8.433272716176564,-9.727161637212593
2021-01-08,9.228761740268149e-05,Fold5_2021,3.2279384602966025e-05,-10.341081779088553,-9.290600581439136
2021-01-11,7.678327212001745e-05,Fold5_2021,4.57461531833412e-05,-9.99240285320219,-9.474523752472168
2021-01-12,7.402436897847735e-05,Fold5_2021,4.4568359815956266e-08,-16.926241650845565,-9.511116208450948
2021-01-13,5.841406938287673e-05,Fold5_2021,7.231941167011738e-06,-11.837003069999891,-9.747953783054877
2021-01-14,4.76473845647814e-05,Fold5_2021,1.2305156571430158e-05,-11.305492149990085,-9.95168281783258
2021-01-15,4.362269116750445e-05,Fold5_2021,5.357492772713857e-05,-9.834429365609022,-10.039933103369354
2021-01-19,5.1866960449058055e-05,Fold5_2021,6.11743772867871e-05,-9.701782127898019,-9.86682857071921
2021-01-20,5.3187868819119334e-05,Fold5_2021,0.00018889232970606878,-8.574333389331144,-9.841680217335206
2021-01-21,8.123391923852978e-05,Fold5_2021,8.302115635380078e-07,-14.001585272807265,-9.418177673406843
2021-01-22,6.352646936196988e-05,Fold5_2021,1.2571262547758372e-05,-11.284097099056899,-9.664053898573448
2021-01-25,5.5296314871228036e-05,Fold5_2021,1.5490840739843093e-05,-11.075261628711237,-9.802804290513087
2021-01-26,4.67625553269518e-05,Fold5_2021,2.440289040727107e-06,-12.923394066360526,-9.97042777514285
2021-01-27,3.987475181874146e-05,Fold5_2021,0.000612267543218002,-7.39834120885855,-10.12976722086004
2021-01-28,0.00018336309374942231,Fold5_2021,7.3334381399058e-05,-9.520481008576812,-8.604042252037578
2021-01-29,0.00015201022640228058,Fold5_2021,0.00040895552375532965,-7.8019041517090155,-8.791562760418753
2021-02-01,0.00021801050475656064,Fold5_2021,0.0002725275317529587,-8.20777091500875,-8.430967309379438
2021-02-02,0.00021985899994583362,Fold5_2021,0.00019715472526367245,-8.53152173006749,-8.422524126419217
2021-02-03,0.00020490717443701195,Fold5_2021,6.179382330912946e-07,-14.296877330937916,-8.492953488998527
2021-02-04,0.0001545457818642767,Fold5_2021,0.00012772261341261392,-8.965649728280264,-8.77502018277526
2021-02-05,0.00014227691958837777,Fold5_2021,1.5432206231311366e-05,-11.079053918575637,-8.857735261467157
2021-02-08,0.00011073471297670094,Fold5_2021,5.1782067214080527e-05,-9.86846666141576,-9.10837319037938
2021-02-09,9.447722407499764e-05,Fold5_2021,4.4366241008909357e-07,-14.628201901354629,-9.267151767592768
2021-02-10,7.408655553780247e-05,Fold5_2021,1.8971237193898072e-07,-15.477756743687262,-9.510276478860678
2021-02-11,5.892090618649114e-05,Fold5_2021,2.603092612792779e-06,-12.85881035333284,-9.739314586540878
2021-02-12,4.745212311890418e-05,Fold5_2021,2.4283081787062966e-05,-10.625730672847995,-9.955789289569942
2021-02-16,4.265275327878682e-05,Fold5_2021,7.508306680648872e-07,-14.102085685885426,-10.062418730921745
2021-02-17,3.6179506824781024e-05,Fold5_2021,5.271808190077232e-08,-16.758307330176315,-10.227017709245889
2021-02-18,3.081652957884366e-05,Fold5_2021,1.8192749865765606e-05,-10.914487402271426,-10.387459337305295
2021-02-19,3.308283200034419e-05,Fold5_2021,3.124067384038161e-06,-12.676374756424913,-10.31649608082189
2021-02-22,3.016990598288294e-05,Fold5_2021,5.962272091245996e-05,-9.727473833176711,-10.408665621043339
2021-02-23,4.362006214918769e-05,Fold5_2021,1.4736859120844635e-06,-13.427743872327435,-10.039993372405293
2021-02-24,3.625292766837177e-05,Fold5_2021,0.00012009658302434943,-9.027214280370924,-10.22499041665934
2021-02-25,5.41127546355213e-05,Fold5_2021,0.0005949051902837919,-7.4271085091761115,-9.824440639538107
2021-02-26,0.00019433101867155143,Fold5_2021,2.668731602579723e-05,-10.531322160646134,-8.545947571133864
2021-03-01,0.0001538372531476411,Fold5_2021,0.0005736508007636073,-7.463489707810383,-8.7796153120977
2021-03-02,0.00024195549865182965,Fold5_2021,6.136872616820199e-05,-9.698610198366566,-8.326756738585875
2021-03-03,0.00019771469236476178,Fold5_2021,0.0001778043261928088,-8.634826903387408,-8.528685514085899
2021-03-04,0.00019567766061469666,Fold5_2021,0.00015504869334380354,-8.771771339774812,-8.539041841254804
2021-03-05,0.00018842627005636087,Fold5_2021,0.00033231039313242364,-8.009441106738853,-8.576803767876081
2021-03-08,0.00021200490685008652,Fold5_2021,2.491177150318684e-05,-10.60017011507322,-8.458901138040838
2021-03-09,0.00016636213258860723,Fold5_2021,0.0002009774921034316,-8.512317635760297,-8.701343624052905
2021-03-10,0.0001666345623102295,Fold5_2021,3.850372351522648e-05,-10.164755606665892,-8.699707392903612
2021-03-11,0.0001319215964024539,Fold5_2021,0.00010176723128921527,-9.192822398699784,-8.93330277849405
2021-03-12,0.00011996751194646447,Fold5_2021,1.812157382594521e-06,-13.220992498378736,-9.028289585616697
2021-03-15,9.147612143632342e-05,Fold5_2021,3.5352715166935766e-05,-10.25013536045429,-9.299432587649882
2021-03-16,7.66929718145283e-05,Fold5_2021,1.5930586206301051e-06,-13.34985472882447,-9.475700485933896
2021-03-17,6.108674906770102e-05,Fold5_2021,1.1586234704744413e-05,-11.365692827878556,-9.703215588176096
2021-03-18,5.008859518805541e-05,Fold5_2021,0.00021480716985028782,-8.445769816695353,-9.901717216744569
2021-03-19,9.790524179190706e-05,Fold5_2021,3.4295357394566927e-06,-12.583085658875538,-9.231510467553619
2021-03-22,7.74289859555388e-05,Fold5_2021,6.325117609818376e-05,-9.668396836091832,-9.466149351924951
2021-03-23,7.236934286667674e-05,Fold5_2021,6.243849816722058e-05,-9.681328515021095,-9.533727789317089
2021-03-24,7.51659254691795e-05,Fold5_2021,2.5976420558854055e-05,-10.55832133300937,-9.495812548458717
2021-03-25,6.751806446257002e-05,Fold5_2021,3.147180930605477e-05,-10.366418355497888,-9.603115374222376
2021-03-26,5.8757005937078344e-05,Fold5_2021,0.00025557095008914955,-8.272010495718296,-9.742100162056898
2021-03-29,0.00010015567616490459,Fold5_2021,2.554015880330629e-07,-15.180428675540119,-9.208784820824413
2021-03-30,7.781139411000084e-05,Fold5_2021,7.056633490693876e-06,-11.861542462862669,-9.461222683647195
2021-03-31,6.408044231498712e-05,Fold5_2021,1.6363990783291367e-05,-11.02042732112807,-9.655371352684499
2021-04-01,5.342079024919868e-05,Fold5_2021,0.00011536723727226024,-9.067390149985458,-9.837310557258244
2021-04-05,6.577778599813358e-05,Fold5_2021,0.00020309719942368136,-8.501825878622778,-9.629228375444871
2021-04-06,9.366209869246712e-05,Fold5_2021,3.4891707820628806e-07,-14.868431541237708,-9.275816946895679
2021-04-07,7.318087083686425e-05,Fold5_2021,1.3373642836074626e-06,-13.524809833524726,-9.522576498514196
2021-04-08,5.779861151088393e-05,Fold5_2021,2.2428489886084477e-05,-10.705178537330173,-9.758545804877528
2021-04-09,4.994785564107375e-05,Fold5_2021,5.2473148425308865e-05,-9.855208977771788,-9.90453098389987
2021-04-12,5.010716158288481e-05,Fold5_2021,1.3279160721404612e-07,-15.83448480059061,-9.901346614323064
2021-04-13,4.103562285529898e-05,Fold5_2021,8.757503370276528e-06,-11.64559969703025,-10.101070018362506
2021-04-14,3.529899929383407e-05,Fold5_2021,1.1703719219058256e-05,-11.355603884703541,-10.25165594304345
2021-04-15,3.4552755754928525e-05,Fold5_2021,0.00011417695128119821,-9.077761108772568,-10.273023249573084
2021-04-16,5.1719227488260675e-05,Fold5_2021,1.1134028370858145e-05,-11.405504520078116,-9.86968094059404
2021-04-19,4.3484434595776324e-05,Fold5_2021,2.4257698937611165e-05,-10.62677650900417,-10.043107509288866
2021-04-20,4.408054515150356e-05,Fold5_2021,5.400037638470288e-05,-9.8265195413372,-10.029492025875228
2021-04-21,5.240608581177397e-05,Fold5_2021,8.869094253084988e-05,-9.330352787381848,-9.856487831935105
2021-04-22,5.935211337604842e-05,Fold5_2021,8.418418793923925e-05,-9.382503446046558,-9.732022828847569
2021-04-23,7.132182333690328e-05,Fold5_2021,0.00011630214583560539,-9.05931904774482,-9.548308199719806
2021-04-26,7.896809187032898e-05,Fold5_2021,4.348430544731665e-06,-12.34569557228017,-9.446466687462562
2021-04-27,6.225999539471597e-05,Fold5_2021,4.647477396916266e-08,-16.884356166843734,-9.6841914669194
2021-04-28,5.012921676172024e-05,Fold5_2021,8.264839311027629e-08,-16.308670454970297,-9.900906550953744
2021-04-29,4.1334177175688374e-05,Fold5_2021,4.035542248018021e-05,-10.11778478615142,-10.093820865694893
2021-04-30,4.138984730288552e-05,Fold5_2021,4.345659507191145e-05,-10.04374793245668,-10.092474941437654
2021-05-03,4.7694040115360043e-05,Fold5_2021,4.641680239980438e-06,-12.280434136590543,-9.950704113046926
2021-05-04,3.957505579494193e-05,Fold5_2021,3.829318907287266e-05,-10.170238508586971,-10.137311542344953
2021-05-05,4.497782434021579e-05,Fold5_2021,9.757738679596276e-08,-16.14262006303657,-10.009340982095702
2021-05-06,3.733342804812845e-05,Fold5_2021,6.32640503752639e-05,-9.668193314705775,-10.195621438337067
2021-05-07,4.3097068084523714e-05,Fold5_2021,5.2588316603489274e-05,-9.85301658069681,-10.052055589049557
2021-05-10,4.51115631079699e-05,Fold5_2021,9.903601269744835e-05,-9.220027009355302,-10.006371956114156
2021-05-11,6.46581259688766e-05,Fold5_2021,8.037065211024198e-05,-9.428861471921103,-9.646396768937654
2021-05-12,7.414646268565989e-05,Fold5_2021,0.00046113806810429346,-7.681813062835454,-9.50946819536437
2021-05-13,0.0001762593447833072,Fold5_2021,0.00014258797228960032,-8.855551399336614,-8.643554097630275
2021-05-14,0.00016078881407826173,Fold5_2021,0.00023221705797832765,-8.367838028959751,-8.735418767829023
2021-05-17,0.00016933852917450193,Fold5_2021,6.491927658431655e-06,-11.944951051560759,-8.68361071542326
2021-05-18,0.00013008295133171903,Fold5_2021,7.487234981112356e-05,-9.499725896998164,-8.94733822383268
2021-05-19,0.00012034866906636646,Fold5_2021,6.8919508171483655e-06,-11.885156375547448,-9.025117452654952
2021-05-20,9.477960539663965e-05,Fold5_2021,0.00011450335853425614,-9.07490640322325,-9.263956304794549
2021-05-21,9.568958440009694e-05,Fold5_2021,6.71424771275864e-07,-14.213863858121496,-9.254401101373077
2021-05-24,7.466670972308084e-05,Fold5_2021,0.00010287763949824789,-9.18197024196206,-9.502476218129106
2021-05-25,7.859391284870277e-05,Fold5_2021,4.932600791469003e-06,-12.219644165103524,-9.451216306201099
2021-05-26,6.386582929105145e-05,Fold5_2021,3.929243315290721e-06,-12.447063691259926,-9.658726092490793
2021-05-27,5.110998030709411e-05,Fold5_2021,2.7561087284376505e-07,-15.10427584704749,-9.88153077048852
2021-05-28,4.160039425326149e-05,Fold5_2021,3.193156538480421e-06,-12.654500619914888,-10.087400913500103
2021-06-01,3.4819232833759095e-05,Fold5_2021,7.765094163419113e-07,-14.068457067783532,-10.265340656211603
2021-06-02,3.0492837561825175e-05,Fold5_2021,2.4691112665944932e-06,-12.911652283167278,-10.398018735967257
2021-06-03,2.6682840385196077e-05,Fold5_2021,1.382358316434632e-05,-11.189134499399264,-10.531489881369199
2021-06-04,2.8962353030779446e-05,Fold5_2021,8.288727875691556e-05,-9.398028960470068,-10.449513742684621
2021-06-07,4.133665428032098e-05,Fold5_2021,9.421796116741872e-07,-13.875069909978293,-10.093760938763236
2021-06-08,3.5328755814457324e-05,Fold5_2021,4.545240660910973e-08,-16.906600067029277,-10.250813313333975
2021-06-09,3.0253694763763027e-05,Fold5_2021,2.229557545712706e-06,-13.013707402172416,-10.405892239995179
2021-06-10,2.7833650737128292e-05,Fold5_2021,2.1507429074241082e-05,-10.747112144178486,-10.489264811111436
2021-06-11,2.7946343193614847e-05,Fold5_2021,2.7263009667035997e-06,-12.812564824803447,-10.485224200782596
2021-06-14,2.4887515768665194e-05,Fold5_2021,5.001425818555957e-06,-12.205787522470425,-10.601144254976361
2021-06-15,2.293774139717821e-05,Fold5_2021,3.3698855493600543e-06,-12.600631775790939,-10.682726908077203
2021-06-16,2.2932467414485128e-05,Fold5_2021,3.1349702679483015e-05,-10.370305774838355,-10.682956860495251
2021-06-17,3.1217902846449033e-05,Fold5_2021,1.0995402549574202e-07,-16.023203508558165,-10.374518818533318
2021-06-18,2.7481678334914965e-05,Fold5_2021,0.00018447905327329138,-8.597974633323068,-10.501991017696549
2021-06-21,7.4167091491601e-05,Fold5_2021,0.0002020522100047414,-8.506984428589481,-9.509190017065851
2021-06-22,0.00010022514468756204,Fold5_2021,2.84314089196339e-05,-10.468016076032502,-9.208091455809287
2021-06-23,8.1412876038793e-05,Fold5_2021,1.4551130329707274e-06,-13.440426974467677,-9.415977115170525
2021-06-24,6.442165556029119e-05,Fold5_2021,3.4791023509156264e-05,-10.266151149596602,-9.650060714914714
2021-06-25,5.697342928780581e-05,Fold5_2021,1.2571496234563639e-05,-11.28407851026103,-9.77292555165825
2021-06-28,4.738152161139884e-05,Fold5_2021,4.05589402669195e-06,-12.415339419558155,-9.95727824469235
2021-06-29,3.911081808736724e-05,Fold5_2021,2.8933154720806487e-07,-15.05569258421724,-10.149111451814823
2021-06-30,3.288365767724676e-05,Fold5_2021,7.07913604112919e-07,-14.160943778787821,-10.322534750738097
2021-07-01,2.8338357936911175e-05,Fold5_2021,3.0487193444564117e-05,-10.398203849591637,-10.471294266914954
2021-07-02,3.005841964387968e-05,Fold5_2021,5.798214468541048e-05,-9.755375445065015,-10.412367748412038
2021-07-06,3.688420438414298e-05,Fold5_2021,3.3251487654316754e-06,-12.613996143374116,-10.20772716403435
2021-07-07,3.3037797560239656e-05,Fold5_2021,1.2445330507967222e-05,-11.294165065007027,-10.317858271332401
2021-07-08,3.0041104276987174e-05,Fold5_2021,6.693412062287334e-05,-9.61180169659006,-10.412943971524701
2021-07-09,4.5975840858101503e-05,Fold5_2021,0.00011275154380256733,-9.090323887412987,-9.987394498177268
2021-07-12,6.0033774356702654e-05,Fold5_2021,1.2782985383758999e-05,-11.267395538191465,-9.720603248169251
2021-07-13,4.954202356470742e-05,Fold5_2021,1.1661306256194842e-05,-11.359234354483512,-9.912689287649927
2021-07-14,4.483787106786265e-05,Fold5_2021,2.223168532679262e-06,-13.01657711268483,-10.012457439302645
2021-07-15,3.70579740010422e-05,Fold5_2021,1.1704288259087224e-05,-11.355555265441128,-10.203027006679067
2021-07-16,3.5847497419903055e-05,Fold5_2021,6.200834687142806e-05,-9.688241555022062,-10.23623680033147
2021-07-19,4.877995292430584e-05,Fold5_2021,0.0002213543115260023,-8.41574592065641,-9.928191130238346
2021-07-20,9.909613688758761e-05,Fold5_2021,0.00020245900219367574,-8.504973150217966,-9.219420099349929
2021-07-21,0.00011821345958366167,Fold5_2021,6.50223315597697e-05,-9.64077978461471,-9.043018588208943
2021-07-22,0.00010175288778374606,Fold5_2021,4.3763482909986285e-06,-12.339295904832959,-9.19296335287727
2021-07-23,7.819783772552877e-05,Fold5_2021,0.00010475925691341032,-9.163845631578154,-9.456268561363979
2021-07-26,8.149461207870515e-05,Fold5_2021,6.011578774266111e-06,-12.021823152688814,-9.414973649366525
2021-07-27,6.388876747989582e-05,Fold5_2021,2.0867745926592024e-05,-10.777305848142191,-9.658366994819623
2021-07-28,5.7850562397999736e-05,Fold5_2021,1.6818743529360908e-07,-15.598186793187066,-9.757647382712385
2021-07-29,4.675302176430841e-05,Fold5_2021,1.7131093664061576e-05,-10.974615402712274,-9.970631667648739
2021-07-30,4.075785259216145e-05,Fold5_2021,2.3701403601217757e-05,-10.649976287896767,-10.107862035193847
2021-08-02,4.200353639283429e-05,Fold5_2021,4.4098245513533715e-06,-12.331675653570546,-10.077756743396124
2021-08-03,3.7089161633736645e-05,Fold5_2021,6.564973580123032e-05,-9.631176981576495,-10.20218577028425
2021-08-04,4.358260006685408e-05,Fold5_2021,2.4313849021982136e-05,-10.62446445135961,-10.040852568298773
2021-08-05,4.420502403501611e-05,Fold5_2021,3.984929760018416e-05,-10.130405778976638,-10.026672109389516
2021-08-06,4.336438205029353e-05,Fold5_2021,2.7262944892761076e-06,-12.81256720070958,-10.045872143893792
2021-08-09,3.601752426371911e-05,Fold5_2021,6.623568939170579e-07,-14.227461311601177,-10.231504952846288
2021-08-10,3.132817552737727e-05,Fold5_2021,1.5454332518909472e-06,-13.380206264989559,-10.370992688740614
2021-08-11,2.723793652807413e-05,Fold5_2021,6.1594760471854715e-06,-11.997518841311507,-10.510899831091384
2021-08-12,2.4825364362027163e-05,Fold5_2021,8.955269926319875e-06,-11.623268380379926,-10.60364467091911
2021-08-13,2.351278721861564e-05,Fold5_2021,3.3047797817608854e-06,-12.62014071872302,-10.657966147840629
2021-08-16,2.1729670737523775e-05,Fold5_2021,5.532489426853836e-06,-12.104872676120396,-10.736831916248665
2021-08-17,2.072160679902844e-05,Fold5_2021,4.325536215789336e-05,-10.04838935174201,-10.784333595364041
2021-08-18,3.308728495186888e-05,Fold5_2021,0.00012111864725351945,-9.018739936984142,-10.316361489809013
2021-08-19,6.254730809992309e-05,Fold5_2021,2.393577844126856e-06,-12.942721305506362,-9.679587357949881
2021-08-20,4.962688494911667e-05,Fold5_2021,6.281484466673811e-05,-9.675319132379881,-9.910977835816995
2021-08-23,5.201582284566705e-05,Fold5_2021,7.670381453409434e-05,-9.4755591176583,-9.863962600174691
2021-08-24,5.665660942120395e-05,Fold5_2021,2.516336815857004e-06,-12.892706358508306,-9.778501906135986
2021-08-25,4.548108770371719e-05,Fold5_2021,4.3930839171262345e-06,-12.335479090688652,-9.998213973279155
2021-08-26,3.769513035292626e-05,Fold5_2021,3.5054523853190766e-05,-10.258605884247661,-10.185979640210654
2021-08-27,4.295593732120817e-05,Fold5_2021,7.923281466756712e-05,-9.443120018342768,-10.055335681108764
2021-08-30,5.06654490047245e-05,Fold5_2021,1.9255286862801743e-05,-10.857724892714286,-9.89026635887639
2021-08-31,4.3926182718038405e-05,Fold5_2021,2.1981798927733473e-06,-13.027880861485942,-10.03299999840185
2021-09-01,3.765317216023206e-05,Fold5_2021,2.821660839186409e-07,-15.080769989305221,-10.187093353343707
2021-09-02,3.179125937838842e-05,Fold5_2021,9.43597645086752e-06,-11.570980892090938,-10.356319168274542
2021-09-03,2.8610309142870532e-05,Fold5_2021,5.884066223191017e-08,-16.64843268648538,-10.461743445547473
2021-09-07,2.5561639723641778e-05,Fold5_2021,1.2830821978536593e-05,-11.26366031447259,-10.574417778570421
2021-09-08,2.7911223759247284e-05,Fold5_2021,1.4863988916242639e-06,-13.419154214565086,-10.4864816647543
2021-09-09,2.58250047246325e-05,Fold5_2021,1.8397000916391424e-05,-10.903322900308625,-10.564167360010574
2021-09-10,2.971668430401328e-05,Fold5_2021,6.266049194093214e-05,-9.67777942151458,-10.423801908806418
2021-09-13,4.46539157222447e-05,Fold5_2021,6.533660652016649e-06,-11.938543181852399,-10.016568556340445
2021-09-14,3.73717663352833e-05,Fold5_2021,2.9282677254754368e-05,-10.43851443675495,-10.194595049453751
2021-09-15,4.105313977237826e-05,Fold5_2021,6.918604036309893e-05,-9.578711444547604,-10.100643238452944
2021-09-16,4.719186726889536e-05,Fold5_2021,2.515963845170548e-06,-12.89285458919334,-9.961288983843838
2021-09-17,4.007372955268724e-05,Fold5_2021,9.582131354775153e-05,-9.253025418110756,-10.124789561713222
2021-09-20,6.0715528425110496e-05,Fold5_2021,0.00028273761650909494,-8.17099124053512,-9.70931107012635
2021-09-21,0.00012381175855381732,Fold5_2021,8.933740052667768e-07,-13.928260524862294,-8.996748221983266
2021-09-22,9.406764649310457e-05,Fold5_2021,9.42376591917744e-05,-9.269690677166446,-9.271496390969855
2021-09-23,9.06129650842813e-05,Fold5_2021,0.00014584997794731274,-8.832932012851701,-9.308913252678012
2021-09-24,9.944939857825135e-05,Fold5_2021,2.7086705434483273e-06,-12.819052617816952,-9.215861600161197
2021-09-27,7.610612140476656e-05,Fold5_2021,8.207984617000062e-06,-11.710403143684783,-9.483381857372848
2021-09-28,6.270773069288605e-05,Fold5_2021,0.0004144271711009881,-7.7886133018398045,-9.677025821388535
2021-09-29,0.00015760468206678328,Fold5_2021,2.827261893148292e-06,-12.776201843590226,-8.755420672436207
2021-09-30,0.0001179163949722922,Fold5_2021,0.00015123005646010032,-8.796708327862408,-9.045534701799495
2021-10-01,0.0001309166773144686,Fold5_2021,0.00013957537222334608,-8.876905799937473,-8.940949488163987
2021-10-04,0.00012704043972524716,Fold5_2021,0.000168483164086954,-8.688674729561733,-8.971005099158095
2021-10-05,0.00014190059511376353,Fold5_2021,0.00010715057264729586,-9.141275491707164,-8.860383779911627
2021-10-06,0.00012784350484710243,Fold5_2021,1.7200991467481528e-05,-10.970543532347959,-8.964703660434271
2021-10-07,9.904822271206243e-05,Fold5_2021,7.410864709372072e-05,-9.50997833754855,-9.219903728321814
2021-10-08,8.993696195451308e-05,Fold5_2021,3.3327376383173437e-06,-12.611716478113403,-9.316401555772241
2021-10-11,7.109848029458583e-05,Fold5_2021,5.279359092482633e-05,-9.849120758619193,-9.551444595580616
2021-10-12,7.166558841220467e-05,Fold5_2021,6.074980032952471e-06,-12.011331855499858,-9.543499864029002
2021-10-13,5.88898718697669e-05,Fold5_2021,1.289696018650863e-05,-11.25851891882186,-9.739841436765522
2021-10-14,4.8697179688726075e-05,Fold5_2021,0.0002782495900624347,-8.18699204108038,-9.9298894414885
2021-10-15,9.854201950737151e-05,Fold5_2021,5.7562087018044716e-05,-9.762646418470995,-9.225027506768107
2021-10-18,8.612683526418614e-05,Fold5_2021,8.738152815342223e-06,-11.647811738993056,-9.35968951954909
2021-10-19,6.770330387938937e-05,Fold5_2021,5.906148765316281e-05,-9.73693149312112,-9.600375577473306
2021-10-20,6.422315650653844e-05,Fold5_2021,1.5368651915411495e-05,-11.083180713082047,-9.653146719054268
2021-10-21,5.3058982808937395e-05,Fold5_2021,6.784972160120335e-06,-11.90080036783688,-9.844106380020094
2021-10-22,4.3551582612964746e-05,Fold5_2021,1.0751457083360617e-06,-13.743054362931524,-10.041564515189085
2021-10-25,3.6936064083486564e-05,Fold5_2021,2.860565813475507e-05,-10.461906022826055,-10.20632213777391
2021-10-26,3.587040241709124e-05,Fold5_2021,8.096333741087738e-07,-14.026684316302411,-10.235598047718272
2021-10-27,3.0483465419471818e-05,Fold5_2021,1.9713735006073358e-05,-10.834194956727098,-10.39832613874404
2021-10-28,3.344711478838904e-05,Fold5_2021,9.220686541116874e-05,-9.291475968013714,-10.305545029567893
2021-10-29,4.653570503142387e-05,Fold5_2021,4.109677707391019e-06,-12.402165949224063,-9.975290689878914
2021-11-01,3.846099215058325e-05,Fold5_2021,2.9533690514439033e-06,-12.732563987920164,-10.165866021189334
2021-11-02,3.2515415823103424e-05,Fold5_2021,1.6281571515790143e-05,-11.025476671594705,-10.33379624807036
2021-11-03,3.0346622485965118e-05,Fold5_2021,3.704810046189773e-05,-10.203293477120916,-10.402825332122125
2021-11-04,3.277356993618256e-05,Fold5_2021,2.2102864246962068e-05,-10.719803353903496,-10.325888162029756
2021-11-05,3.159127457251744e-05,Fold5_2021,1.1997458329668433e-05,-11.330815736471267,-10.36262959662273
2021-11-08,2.8893523354126027e-05,Fold5_2021,7.279682421976682e-07,-14.133008413056103,-10.451893093354817
2021-11-09,2.5445943311711046e-05,Fold5_2021,1.0961401193418541e-05,-11.421130438501192,-10.578954226034071
2021-11-10,2.7265266055684358e-05,Fold5_2021,6.524382960656263e-05,-9.637379081649726,-10.50989697149396
2021-11-11,4.3529240117641275e-05,Fold5_2021,1.0462274558703707e-07,-16.072904855924126,-10.042077659073426
2021-11-12,3.6074351490771954e-05,Fold5_2021,5.6525512027461464e-05,-9.780818481416475,-10.2299284301597
2021-11-15,4.085908082838294e-05,Fold5_2021,1.1732554555696567e-07,-15.958313325313258,-10.105381464462118
2021-11-16,3.416583823981413e-05,Fold5_2021,1.5602498271611956e-05,-11.068079510914572,-10.284284294987462
2021-11-17,3.139722556228856e-05,Fold5_2021,5.914727891372011e-06,-12.038065064741382,-10.368791026842754
2021-11-18,2.9947556788886687e-05,Fold5_2021,1.1495122664731302e-05,-11.373587728668067,-10.416062813061341
2021-11-19,2.762888010788402e-05,Fold5_2021,3.203178617799374e-06,-12.651366923110222,-10.496648951595441
2021-11-22,2.629512357283789e-05,Fold5_2021,7.948158868018883e-06,-11.742570245047332,-10.54612705145358
2021-11-23,2.6901067473742897e-05,Fold5_2021,1.7559573306608833e-06,-13.252496362214641,-10.523344589105061
2021-11-24,2.403152402093071e-05,Fold5_2021,7.109863909688147e-06,-11.854027455023147,-10.636144088631841
2021-11-26,2.2620895331018967e-05,Fold5_2021,0.0005087634605285492,-7.583527363516103,-10.696636506670632
2021-11-29,0.00014824445338222262,Fold5_2021,0.00014864541002632334,-8.813946886720922,-8.816647934734267
2021-11-30,0.00014093920957498294,Fold5_2021,0.0003861030739334757,-7.859406193230113,-8.867181898318792
2021-12-01,0.0002044847458512957,Fold5_2021,0.0001247538063695559,-8.98916831181772,-8.495017177677772
2021-12-02,0.00018568949341528457,Fold5_2021,0.0002310518443495635,-8.372868438210421,-8.591434669476097
2021-12-03,0.00018577011641492092,Fold5_2021,7.637777133903562e-05,-9.479818855186014,-8.591000581899582
2021-12-06,0.0001600705486151277,Fold5_2021,0.00013861854387873978,-8.883784685939217,-8.739895911066457
2021-12-07,0.00014735899410832137,Fold5_2021,0.00041917491842428836,-7.777222258750577,-8.82263881156417
2021-12-08,0.00019952561317793758,Fold5_2021,6.993676739690343e-06,-11.87050414005234,-8.519567943018414
2021-12-09,0.0001491528275972692,Fold5_2021,4.589129270402589e-05,-9.989235160330713,-8.810539089105651
2021-12-10,0.00012592724945024517,Fold5_2021,8.778586519583667e-05,-9.340610058941165,-8.979806203079402
2021-12-13,0.00011204333619678108,Fold5_2021,7.917250111027908e-05,-9.443881527638165,-9.096624831179012
2021-12-14,0.00010778851820602316,Fold5_2021,4.7661663705349716e-05,-9.951383179111298,-9.135339415310193
2021-12-15,9.659554697103583e-05,Fold5_2021,0.00024038080284483564,-8.333286213546566,-9.244977915416653
2021-12-16,0.00012358538782613856,Fold5_2021,7.845846341067569e-05,-9.452941201740236,-8.998578241400763
2021-12-17,0.00011592766513258867,Fold5_2021,0.00011449014641793924,-9.075021796158385,-9.062544137805764
2021-12-20,0.00011948771213602746,Fold5_2021,0.00011428409452540326,-9.076823152354818,-9.032297019193377
2021-12-21,0.00012198605981665461,Fold5_2021,0.00030987011728862425,-8.079357324768564,-9.011603783557536
2021-12-22,0.00015713538968022633,Fold5_2021,9.898481713441749e-05,-9.220544081869493,-8.75840276957899
2021-12-23,0.0001368699828072937,Fold5_2021,3.847603217206105e-05,-10.165475051515063,-8.89647911335451
2021-12-27,0.00010991257646238972,Fold5_2021,0.0001974805483274193,-8.529870467954927,-9.115825267593392
2021-12-28,0.0001238604598756876,Fold5_2021,6.681409326768419e-07,-14.218766708601155,-8.996354949594405
2021-12-29,9.481723141730959e-05,Fold5_2021,1.6345442490225576e-06,-13.324146539247355,-9.263559399215362
2021-12-30,7.321863091489872e-05,Fold5_2021,7.664791911319557e-06,-11.778873193912522,-9.522060648686567
2021-12-31,6.0742258787117666e-05,Fold5_2021,6.366651076613018e-06,-11.964436960282324,-9.708870911235723
2022-01-03,5.134013065205624e-05,Fold6_2022_2023,3.33285865658943e-05,-10.309095073807736,-9.877037837685089
2022-01-04,4.728209397986166e-05,Fold6_2022_2023,1.1213327447633127e-07,-16.00357772239995,-9.959378896932993
2022-01-05,3.9274627999446794e-05,Fold6_2022_2023,0.0003759276355422081,-7.886113891761265,-10.144931845555625
2022-01-06,0.00012679987153691838,Fold6_2022_2023,8.833112810235154e-07,-13.93958817182492,-8.972900529077448
2022-01-07,9.749466249079654e-05,Fold6_2022_2023,1.56931449444048e-05,-11.062286568704579,-9.235712925143101
2022-01-10,8.091535768483914e-05,Fold6_2022_2023,1.5503350214049814e-06,-13.377039507546694,-9.422106916504188
2022-01-11,6.463136492143188e-05,Fold6_2022_2023,8.221328050398265e-05,-9.406193705643295,-9.646810739905327
2022-01-12,6.675152192205418e-05,Fold6_2022_2023,7.288602480238899e-06,-11.829198733992138,-9.614533460613439
2022-01-13,5.4049132739167874e-05,Fold6_2022_2023,0.00019249856155229388,-8.55542187671997,-9.825617059536597
2022-01-14,9.30000132048178e-05,Fold6_2022_2023,1.6727208741051064e-07,-15.603644084412318,-9.28291092282374
2022-01-18,7.248656267449778e-05,Fold6_2022_2023,0.0003192845565467211,-8.049427826006658,-9.532109355702394
2022-01-19,0.00013641579552966444,Fold6_2022_2023,0.00010894254734993965,-9.124689903227786,-8.899803016256158
2022-01-20,0.00013275647794286092,Fold6_2022_2023,0.00012387294128070764,-8.996254184780518,-8.92699410096983
2022-01-21,0.00013372591058278564,Fold6_2022_2023,0.0003930707175251366,-7.8415210194707266,-8.919718296201772
2022-01-24,0.0001987935182438161,Fold6_2022_2023,1.7959798217379112e-05,-10.927374730265857,-8.5232438686807
2022-01-25,0.00015163572509012922,Fold6_2022_2023,0.0001509041763478104,-8.798865516312283,-8.794029458889137
2022-01-26,0.00015401785100313545,Fold6_2022_2023,6.308987563064935e-06,-11.973535343878078,-8.778442046663564
2022-01-27,0.00011933811958674261,Fold6_2022_2023,2.4505179620621508e-05,-10.616626049671599,-9.033549752767206
2022-01-28,9.919664621141423e-05,Fold6_2022_2023,0.0006018184196228969,-7.415554786687882,-9.218406352597642
2022-01-31,0.00020247883500150866,Fold6_2022_2023,0.0003186532388752403,-8.051407071889583,-8.50487519539119
2022-02-01,0.00021679386143126758,Fold6_2022_2023,4.534836581932745e-05,-10.001136416907363,-8.436563603231066
2022-02-02,0.0001701936475274516,Fold6_2022_2023,9.345584893679265e-05,-9.278021437077566,-8.678573666097032
2022-02-03,0.00014593449760848032,Fold6_2022_2023,0.0005657617616913381,-7.477337484110672,-8.832352683445157
2022-02-04,0.00024790090186391006,Fold6_2022_2023,2.2007735080884137e-05,-10.724116571815207,-8.30248148091478
2022-02-07,0.00018855916923047066,Fold6_2022_2023,1.0332335035461444e-05,-11.480232256285706,-8.576098705209116
2022-02-08,0.00014598868128138685,Fold6_2022_2023,6.714604929547365e-05,-9.608640470747059,-8.831981464731145
2022-02-09,0.00012308886238351197,Fold6_2022_2023,0.000211120036507625,-8.463083692845647,-9.002604005036765
2022-02-10,0.000136075636226923,Fold6_2022_2023,0.0003286645815234024,-8.020472836299156,-8.902299678094236
2022-02-11,0.00018497865809916333,Fold6_2022_2023,0.0003966360996837713,-7.832491323116798,-8.595270101166758
2022-02-14,0.00023679398517006766,Fold6_2022_2023,1.0722705195936465e-05,-11.443147083789409,-8.348320055741262
2022-02-15,0.00018122047578974054,Fold6_2022_2023,0.00025594108432169165,-8.270563279339232,-8.6157961696924
2022-02-16,0.0001880380652056228,Fold6_2022_2023,1.2547229704424976e-06,-13.588595750430606,-8.578866141131526
2022-02-17,0.00014191253051191357,Fold6_2022_2023,0.00046625655154813015,-7.670774535527213,-8.860299672468528
2022-02-18,0.0002214429639837745,Fold6_2022_2023,4.2195514909591695e-05,-10.073196624333844,-8.415345500582214
2022-02-22,0.00017855587423124992,Fold6_2022_2023,0.00011641720278114137,-9.058330243370843,-8.630608984822041
2022-02-23,0.00016554454807926454,Fold6_2022_2023,0.00032033318508935266,-8.046148900442574,-8.706270226683246
2022-02-24,0.00020445341283098335,Fold6_2022_2023,0.00022311164445217542,-8.407838264018833,-8.495170418551526
2022-02-25,0.0001981794891933619,Fold6_2022_2023,0.00047629283027689553,-7.649477703227095,-8.526337426825178
2022-02-28,0.00024763062155332995,Fold6_2022_2023,6.562963719715504e-06,-11.93406827049109,-8.303572351322051
2022-03-01,0.00018819226224577274,Fold6_2022_2023,0.00023554619765628362,-8.353603495354442,-8.578046446186526
2022-03-02,0.00020110962748203973,Fold6_2022_2023,0.0003323041599310807,-8.009459864081178,-8.511660388228961
2022-03-03,0.00021890484139971554,Fold6_2022_2023,2.490934840708156e-05,-10.600267386917432,-8.426873436732954
2022-03-04,0.0001723467055462424,Fold6_2022_2023,6.655231058644561e-05,-9.617522294169957,-8.6660023800884
2022-03-07,0.0001488902921302712,Fold6_2022_2023,0.0008953440507201065,-7.018302499345222,-8.812300817644397
2022-03-08,0.0003258833188952185,Fold6_2022_2023,5.792194341501198e-05,-9.756414257013736,-8.028971158164651
2022-03-09,0.00025919118474425644,Fold6_2022_2023,0.0007000099435103265,-7.264416018007007,-8.257944603538808
2022-03-10,0.0003407967871634949,Fold6_2022_2023,2.0483432280298742e-05,-10.795894180023444,-7.984224190390714
2022-03-11,0.00026062136735175345,Fold6_2022_2023,0.00016375042414681714,-8.717167093242697,-8.252441903727037
2022-03-14,0.0002372721850296253,Fold6_2022_2023,5.3804079646796484e-05,-9.830161263805369,-8.346302615764273
2022-03-15,0.00019347046006945262,Fold6_2022_2023,0.00047316019367427554,-7.656076550965925,-8.550385718288116
2022-03-16,0.00024352578806562542,Fold6_2022_2023,0.00048100697804441506,-7.639628780594897,-8.320287715235597
2022-03-17,0.00028193542158263266,Fold6_2022_2023,0.00015458758713097736,-8.774749715260922,-8.173832514731028
2022-03-18,0.000240906016356307,Fold6_2022_2023,0.00011866166743287875,-9.039234245042396,-8.33110367415839
2022-03-21,0.0002034409779725905,Fold6_2022_2023,8.55108113593302e-08,-16.274623020350518,-8.500134629682499
2022-03-22,0.00015397307950891005,Fold6_2022_2023,0.00013533834584782248,-8.907732649432148,-8.778732779215112
2022-03-23,0.0001431003266893141,Fold6_2022_2023,0.00016801759765678296,-8.691441836089657,-8.851964588460282
2022-03-24,0.00015227322087233547,Fold6_2022_2023,0.00022385504768804114,-8.404511824109862,-8.789834144959066
2022-03-25,0.00016031106163576434,Fold6_2022_2023,2.373575596034007e-05,-10.648527956443333,-8.738394494891978
2022-03-28,0.00012562339501208847,Fold6_2022_2023,5.023655921002334e-05,-9.898767525211314,-8.982222055255724
2022-03-29,0.00010518122431105223,Fold6_2022_2023,0.0001511640316124854,-8.797145008679053,-9.159825749720106
2022-03-30,0.00011062804622321705,Fold6_2022_2023,3.836430882383436e-05,-10.168382988296896,-9.109336918534245
2022-03-31,9.688009362075575e-05,Fold6_2022_2023,0.00024058678792563372,-8.332429668958762,-9.24203649236198
2022-04-01,0.0001355304638823025,Fold6_2022_2023,8.008456584303597e-06,-11.73501250155478,-8.906314117214379
2022-04-04,0.00010485510175249046,Fold6_2022_2023,7.276332902730882e-05,-9.52829845182461,-9.162931144170233
2022-04-05,9.447931127598352e-05,Fold6_2022_2023,0.000161591256211033,-8.730440520946143,-9.267129675729345
2022-04-06,0.00011499193864525307,Fold6_2022_2023,0.00010099602541540839,-9.200429394220027,-9.070648530794985
2022-04-07,0.00011551711441540875,Fold6_2022_2023,2.5264661198354447e-05,-10.58610392923098,-9.06609186222273
2022-04-08,9.318262734551304e-05,Fold6_2022_2023,7.169698118218342e-06,-11.845647007695419,-9.280949255519895
2022-04-11,7.581576897601321e-05,Fold6_2022_2023,0.0002972212516431068,-8.121033741475546,-9.487204252967674
2022-04-12,0.00013294652290418468,Fold6_2022_2023,1.3778479206770156e-05,-11.192402660822534,-8.925563594026919
2022-04-13,0.00010693215925166987,Fold6_2022_2023,0.00012969538016142232,-8.950322086694749,-9.14331595026698
2022-04-14,0.00010756141384749968,Fold6_2022_2023,0.00015699910679891973,-8.759270441811005,-9.137448581916832
2022-04-18,0.0001233585521967576,Fold6_2022_2023,1.689586520418814e-07,-15.593611814432158,-9.000415384625734
2022-04-19,9.533141193461061e-05,Fold6_2022_2023,0.0002564425468609102,-8.268605907289052,-9.258151190547693
2022-04-20,0.00012518802973617534,Fold6_2022_2023,5.502962435428218e-07,-14.412809079102757,-8.9856937130051
2022-04-21,9.724429455856289e-05,Fold6_2022_2023,0.00022699965424309202,-8.390562063642216,-9.238284244965014
2022-04-22,0.000132156702754971,Fold6_2022_2023,0.0007740993176142691,-7.163810375275414,-8.931522197390766
2022-04-25,0.0002852782741177836,Fold6_2022_2023,3.3416749234665927e-05,-10.306453309585937,-8.162045453651173
2022-04-26,0.00021918478016602231,Fold6_2022_2023,0.0008636724422990276,-7.054316978752965,-8.425595438850202
2022-04-27,0.0003707739536924215,Fold6_2022_2023,7.88427911122119e-06,-11.750639767065387,-7.899917970287714
2022-04-28,0.00027726444613775195,Fold6_2022_2023,0.0006222866876096244,-7.382109658856993,-8.190538827995633
2022-04-29,0.0003377321147261501,Fold6_2022_2023,0.0014179694891660328,-6.558529367911849,-7.99325753670477
2022-05-02,0.0005877646247441136,Fold6_2022_2023,3.60177985150324e-05,-10.231497338489811,-7.439183988260529
2022-05-03,0.000440937658162054,Fold6_2022_2023,2.091748025883427e-05,-10.774925372540254,-7.726607057222257
2022-05-04,0.00033101509756218185,Fold6_2022_2023,0.0008999075345681258,-7.013218539286763,-8.013346571657067
2022-05-05,0.00043812498300734514,Fold6_2022_2023,0.00130970244995931,-6.637955305004332,-7.733006338960367
2022-05-06,0.000636473306192488,Fold6_2022_2023,3.584325988521452e-05,-10.236355017375137,-7.359568079271252
2022-05-09,0.000481815148903595,Fold6_2022_2023,0.00105892298715174,-6.850502937243575,-7.637950025970631
2022-05-10,0.0006102893899693921,Fold6_2022_2023,5.327213539913299e-06,-12.14268224449658,-7.401577303507772
2022-05-11,0.00045267729700707244,Fold6_2022_2023,0.0002564443409875858,-8.268598911100543,-7.7003310549741535
2022-05-12,0.0004009739947316654,Fold6_2022_2023,1.0907258141138783e-06,-13.728667198817796,-7.821613983803853
2022-05-13,0.0002995345321476702,Fold6_2022_2023,0.0005582149461087778,-7.4907664616763014,-8.113280847730785
2022-05-16,0.0003409536647198285,Fold6_2022_2023,1.6529983785616912e-05,-11.01033462703824,-7.983763970500374
2022-05-17,0.00026024804038321487,Fold6_2022_2023,0.00041458836759378014,-7.788224415293535,-8.253875380245038
2022-05-18,0.00028095507142385625,Fold6_2022_2023,0.0016930224392605908,-6.381239921778047,-8.177315789585334
2022-05-19,0.0006089289648191351,Fold6_2022_2023,3.7743226894274556e-05,-10.184704518386155,-7.403808939390735
2022-05-20,0.00046322555915071417,Fold6_2022_2023,1.9043086976608444e-07,-15.473976596606583,-7.677296453714191
2022-05-23,0.0003454178276210893,Fold6_2022_2023,0.0003436250109183464,-7.975959579704848,-7.970755779162454
2022-05-24,0.0003285903817347543,Fold6_2022_2023,5.871918767208078e-05,-9.742744007676034,-8.020698623225421
2022-05-25,0.0002626058456705755,Fold6_2022_2023,7.736931785328999e-05,-9.466920266124085,-8.244856335602387
2022-05-26,0.00021164065829693747,Fold6_2022_2023,0.0003914196382440483,-7.845730329902153,-8.460620729477041
2022-05-27,0.00024038953673754873,Fold6_2022_2023,0.0005881951033760651,-7.4384518566392055,-8.333249880636671
2022-05-31,0.00030382639923460034,Fold6_2022_2023,3.1660700565900306e-05,-10.360434375964047,-8.099054074821487
2022-06-01,0.00023768320568430258,Fold6_2022_2023,6.596009199696453e-05,-9.62646066553515,-8.344571839504786
2022-06-02,0.0001975965096010726,Fold6_2022_2023,0.0003558780062903373,-7.940922564799822,-8.529283436768699
2022-06-03,0.00022232902531294378,Fold6_2022_2023,0.00027383474739162513,-8.202985745230627,-8.411352177308036
2022-06-06,0.00023613513829916238,Fold6_2022_2023,9.243730850395586e-06,-11.591564982116699,-8.351106296911182
2022-06-07,0.00017947368156825646,Fold6_2022_2023,9.113428215794725e-05,-9.303176511007406,-8.625481981575478
2022-06-08,0.00015341520506063534,Fold6_2022_2023,0.00011949912784753624,-9.032201484966318,-8.78236255360009
2022-06-09,0.00014861730741509805,Fold6_2022_2023,0.0005793879949084517,-7.453538192711734,-8.814135962643734
2022-06-10,0.0002529497893812443,Fold6_2022_2023,0.000865787961756793,-7.051870527237866,-8.282319549876432
2022-06-13,0.0003970073228957825,Fold6_2022_2023,0.0014982911487871147,-6.503430054436386,-7.831555831865885
2022-06-14,0.0006525009937131997,Fold6_2022_2023,9.107890862723588e-06,-11.606369392407741,-7.334697895836478
2022-06-15,0.00048716829778892965,Fold6_2022_2023,0.00020038672040134255,-8.51526145641158,-7.626900913905512
2022-06-16,0.0004026829929634668,Fold6_2022_2023,0.0011327293546861286,-6.783125200417479,-7.817360923520495
2022-06-17,0.0005705062063392816,Fold6_2022_2023,4.636690157794565e-06,-12.281509774327143,-7.46898650994957
2022-06-21,0.0004245917352052123,Fold6_2022_2023,0.000618116959136268,-7.388832864147107,-7.764382473780435
2022-06-22,0.00044691474304027733,Fold6_2022_2023,3.292863841737784e-06,-12.623752903211777,-7.71314271299578
2022-06-23,0.00033511680628911387,Fold6_2022_2023,9.516082057833068e-05,-9.259942249423247,-8.001031411422488
2022-06-24,0.00026885481679778583,Fold6_2022_2023,0.000979622293832806,-6.9283434750472175,-8.221339038567107
2022-06-27,0.0004112605786669803,Fold6_2022_2023,1.4647047142555692e-05,-11.131271803052298,-7.796283533013145
2022-06-28,0.0003126131657885314,Fold6_2022_2023,0.0004261911205743278,-7.7606226724578296,-8.07054402381795
2022-06-29,0.00033903227679537174,Fold6_2022_2023,6.642157966941819e-07,-14.224658745248062,-7.989415243330421
2022-06-30,0.00025508574967618116,Fold6_2022_2023,6.654184194294363e-05,-9.617679606017616,-8.273910796093096
2022-07-01,0.00021075685714826923,Fold6_2022_2023,0.00011069259545178773,-9.10875360890788,-8.464805424727782
2022-07-05,0.00018058523529348278,Fold6_2022_2023,3.5597215574961234e-06,-12.545828230345705,-8.6193076739586
2022-07-06,0.00013753663028537617,Fold6_2022_2023,1.1366476796996859e-05,-11.38484216655895,-8.891620274260918
2022-07-07,0.00010682539226800511,Fold6_2022_2023,0.00022100678996202236,-8.417317133108432,-9.144314904379096
2022-07-08,0.0001273647470592958,Fold6_2022_2023,6.773995608955745e-07,-14.205004544783241,-8.968455563798242
2022-07-11,9.883168919440274e-05,Fold6_2022_2023,0.00013200072323824144,-8.932703156315327,-9.222092263802761
2022-07-12,0.00011168786213819066,Fold6_2022_2023,7.900262802077063e-05,-9.446029439964853,-9.099802522626241
2022-07-13,0.00010813726940173857,Fold6_2022_2023,2.7725865962308394e-05,-10.493144791227936,-9.132109124914212
2022-07-14,9.257619521735117e-05,Fold6_2022_2023,5.911234293788644e-06,-12.038655899995257,-9.287478520447497
2022-07-15,7.5083340981058e-05,Fold6_2022_2023,0.0003581466914074208,-7.934567902954524,-9.496911848287453
2022-07-18,0.00013283224334181045,Fold6_2022_2023,6.874617699775145e-05,-9.58508943026917,-8.926423554143607
2022-07-19,0.00012125217996968757,Fold6_2022_2023,0.0007107970762090861,-7.249123575072814,-9.01763804917686
2022-07-20,0.00024324298297036316,Fold6_2022_2023,4.035920030972505e-05,-10.117691176606655,-8.321449684301443
2022-07-21,0.00019042050624941355,Fold6_2022_2023,0.00010265253539214646,-9.184160715416665,-8.566275740516556
2022-07-22,0.00016409574205211624,Fold6_2022_2023,8.68935750390282e-05,-9.35082646353526,-8.715060507480208
2022-07-25,0.00014886910234605322,Fold6_2022_2023,1.4746386048128203e-06,-13.427097611879471,-8.812443145877506
2022-07-26,0.00011435151333147587,Fold6_2022_2023,0.00014164557127633985,-8.86218259743356,-9.076233403376882
2022-07-27,0.00012540237235601727,Fold6_2022_2023,0.0006571455305555078,-7.3276050563140345,-8.983983011634855
2022-07-28,0.00023432769025211506,Fold6_2022_2023,0.00015536003655502995,-8.76976531812887,-8.358790036539355
2022-07-29,0.0002074518031586033,Fold6_2022_2023,0.00020948879652797945,-8.470840297225454,-8.48061151920773
2022-08-01,0.00019896666022268524,Fold6_2022_2023,8.797019024734027e-06,-11.641097641057218,-8.522373283845022
2022-08-02,0.000154719327099136,Fold6_2022_2023,4.3812795155310655e-05,-10.035584656409032,-8.773897875421177
2022-08-03,0.00013132407521739502,Fold6_2022_2023,0.00024143602267650402,-8.328906036421609,-8.937842433087782
2022-08-04,0.00014941365297081494,Fold6_2022_2023,4.567775915697326e-07,-14.599069235040492,-8.808791904094123
2022-08-05,0.0001153792221161148,Fold6_2022_2023,2.8611007366706745e-06,-12.764304134215338,-9.067286271088273
2022-08-08,9.11347424271355e-05,Fold6_2022_2023,1.3492895519884591e-06,-13.515932361822493,-9.30317146056958
2022-08-09,7.261622951802307e-05,Fold6_2022_2023,1.5831412019208656e-05,-11.053514489110071,-9.530322114036242
2022-08-10,6.328823501737651e-05,Fold6_2022_2023,0.0004320738245353113,-7.746914094192183,-9.667811106793337
2022-08-11,0.00013929455660225518,Fold6_2022_2023,0.0,,-8.878919754738478
2022-08-12,0.000107831610092969,Fold6_2022_2023,0.00028181353470069,-8.17426493019711,-9.134939713409825
2022-08-15,0.00014017204430006664,Fold6_2022_2023,1.6909592368919816e-05,-10.98762950126274,-8.872640001961996
2022-08-16,0.00011061301561599124,Fold6_2022_2023,3.829865226105966e-06,-12.472680944397142,-9.109472793919437
2022-08-17,8.669068470253874e-05,Fold6_2022_2023,5.0742915396255985e-05,-9.88873854789043,-9.35316412282747
2022-08-18,8.28877481992822e-05,Fold6_2022_2023,8.423168004332113e-06,-11.684524552928016,-9.398023296862284
2022-08-19,6.675269048349471e-05,Fold6_2022_2023,0.00018303703564072842,-8.605822045048606,-9.61451595462738
2022-08-22,9.974372396850394e-05,Fold6_2022_2023,0.00044279139984378866,-7.722411779532072,-9.21290642178268
2022-08-23,0.0001847351699243139,Fold6_2022_2023,5.8657010880672385e-06,-12.046388545395514,-8.596587272403518
2022-08-24,0.00014376450330082642,Fold6_2022_2023,1.0214890074110403e-05,-11.491664090975263,-8.847333990848634
2022-08-25,0.00011228577522379848,Fold6_2022_2023,0.0001965269393696724,-8.534711040022893,-9.094463371884943
2022-08-26,0.00012572005734316218,Fold6_2022_2023,0.0011857827793139329,-6.737352149216822,-8.981452889916953
2022-08-29,0.000375665281226205,Fold6_2022_2023,4.401439582854271e-05,-10.030993799635613,-7.8868120205509475
2022-08-30,0.00029524296075158525,Fold6_2022_2023,0.00012184512788298885,-9.012759763239128,-8.127711944825261
2022-08-31,0.00025500899418018006,Fold6_2022_2023,5.8340579630111846e-05,-9.749212658193324,-8.274211742133042
2022-09-01,0.00020977875928116267,Fold6_2022_2023,9.813836099000007e-06,-11.531717321169666,-8.469457109829264
2022-09-02,0.00016126977098425681,Fold6_2022_2023,0.00011236548389450969,-9.093753750453317,-8.732431999049396
2022-09-06,0.00015327702068620305,Fold6_2022_2023,1.4289494774952601e-05,-11.15598592179428,-8.783263680998717
2022-09-07,0.000122947833516069,Fold6_2022_2023,0.00031703118463310655,-8.056510414688493,-9.003750410310767
2022-09-08,0.0001590952766797186,Fold6_2022_2023,4.24455835577834e-05,-10.067287689305221,-8.746007310806549
2022-09-09,0.00012957702301818593,Fold6_2022_2023,0.0002376475901503224,-8.344721695286735,-8.951235081290443
2022-09-12,0.0001472719636200293,Fold6_2022_2023,0.00011428104511567674,-9.076849835424087,-8.823229587845756
2022-09-13,0.00013500955397582128,Fold6_2022_2023,0.0019763630652839853,-6.226496959042231,-8.910165011838668
2022-09-14,0.0005621527577417832,Fold6_2022_2023,1.4505041453657236e-05,-11.141014282507555,-7.483736934076041
2022-09-15,0.0004241348612719442,Fold6_2022_2023,0.00013037618960191292,-8.945086520221587,-7.7654590842679445
2022-09-16,0.0003537264707984567,Fold6_2022_2023,5.864505924642889e-05,-9.7440072277359,-7.9469866248628955
2022-09-19,0.0002840633934944801,Fold6_2022_2023,5.967826009632836e-05,-9.726542756375649,-8.166313128182312
2022-09-20,0.00022646630295010533,Fold6_2022_2023,0.00013329116988782037,-8.922974575375683,-8.392914396956181
2022-09-21,0.00020713072553798413,Fold6_2022_2023,0.00030967320453605525,-8.079992995438436,-8.482160439688396
2022-09-22,0.00023401496196429,Fold6_2022_2023,7.115690674548253e-05,-9.550623165118154,-8.360125504632315
2022-09-23,0.0001978734135263806,Fold6_2022_2023,0.0002854992035287641,-8.161271318613732,-8.527883057349854
2022-09-26,0.0002214419419623864,Fold6_2022_2023,9.884063616168333e-05,-9.222001740586924,-8.41535011587334
2022-09-27,0.0001951770206988391,Fold6_2022_2023,6.533984128676818e-06,-11.938493673824645,-8.541603612744758
2022-09-28,0.00015241049313685477,Fold6_2022_2023,0.00037968025497296746,-7.87618109373004,-8.788933064477925
2022-09-29,0.00019442459238422073,Fold6_2022_2023,0.00044564343351351655,-7.715991402123016,-8.545466169904838
2022-09-30,0.0002557942990582732,Fold6_2022_2023,0.00024287274985761124,-8.322972914920554,-8.271136955783001
2022-10-03,0.0002548016344645502,Fold6_2022_2023,0.0006790720062929619,-7.294783388468632,-8.275025219590804
2022-10-04,0.0003348157588888946,Fold6_2022_2023,0.0009312236005612196,-6.979011137062964,-8.001930150896074
2022-10-05,0.0004494000856602196,Fold6_2022_2023,5.433273471943748e-06,-12.122968756314025,-7.707597007602873
2022-10-06,0.0003414043345111449,Fold6_2022_2023,0.00010752689932845998,-9.137769515386683,-7.9824430514011535
2022-10-07,0.00028685602736706846,Fold6_2022_2023,0.0008003317533582224,-7.130484224559407,-8.156530114876146
2022-10-10,0.0004067138344564895,Fold6_2022_2023,5.8746786865535785e-05,-9.742274098086103,-7.807400729262564
2022-10-11,0.00032376680718219724,Fold6_2022_2023,4.036082935040364e-05,-10.117650813869286,-8.03548703222173
2022-10-12,0.00025738680930211845,Fold6_2022_2023,1.0916086988142721e-05,-11.4252729862838,-8.264930510027881
2022-10-13,0.00020010901490791872,Fold6_2022_2023,0.0006785384377844373,-7.295569429174676,-8.51664826537581
2022-10-14,0.00029387783703429214,Fold6_2022_2023,0.0005314083954849502,-7.539979725958411,-8.132346397269593
2022-10-17,0.0003501261046894917,Fold6_2022_2023,0.00064375307003559,-7.348195337010376,-7.95721716926012
2022-10-18,0.00039865089806331817,Fold6_2022_2023,0.00013644710404372222,-8.899573534606258,-7.827424466256942
2022-10-19,0.00032780225997416316,Fold6_2022_2023,5.057442902487702e-05,-9.892064464645435,-8.023099997309295
2022-10-20,0.0002631810524999485,Fold6_2022_2023,7.090769151816504e-05,-9.554131646273982,-8.242668350086403
2022-10-21,0.00021984489848055397,Fold6_2022_2023,0.0005765186260333104,-7.458502909959542,-8.42258826715272
2022-10-24,0.00028671726530491,Fold6_2022_2023,0.00014791865975877246,-8.818848031508033,-8.157013966082744
2022-10-25,0.0002466348174132384,Fold6_2022_2023,0.0002509846180247048,-8.290118903480456,-8.307601787365671
2022-10-26,0.0002379513886934719,Fold6_2022_2023,5.719459378868347e-05,-9.769051178229125,-8.343444154341599
2022-10-27,0.00019773670620578692,Fold6_2022_2023,2.86676422162702e-05,-10.459741520157788,-8.528574178831416
2022-10-28,0.00016048659637359314,Fold6_2022_2023,0.0005528163998083309,-7.50048461914853,-8.737300130572507
2022-10-31,0.00023712904200371345,Fold6_2022_2023,5.255645675210897e-05,-9.853622599452446,-8.346906083976828
2022-11-01,0.00019612568114907284,Fold6_2022_2023,1.9232096661481643e-05,-10.858929973548731,-8.536754873881684
2022-11-02,0.0001570182762682354,Fold6_2022_2023,0.0006459928584114578,-7.344722109333403,-8.75914835003919
2022-11-03,0.0002733332728654865,Fold6_2022_2023,0.00010712879903386495,-9.141478718115147,-8.204818727597939
2022-11-04,0.0002365210639919056,Fold6_2022_2023,0.00020421868829989846,-8.496319136833229,-8.349473288493497
2022-11-07,0.00022088188138507072,Fold6_2022_2023,9.063283950825928e-05,-9.308693943612047,-8.417882472699047
2022-11-08,0.0001861100126112712,Fold6_2022_2023,2.8954375362283534e-05,-10.449789230225706,-8.589172593445946
2022-11-09,0.00014810979924880264,Fold6_2022_2023,0.00043335232419385294,-7.743959479080308,-8.817556672445914
2022-11-10,0.0002179490554761872,Fold6_2022_2023,0.0028619608710530784,-5.85624826983055,-8.431249212961264
2022-11-11,0.0007843234711896017,Fold6_2022_2023,9.277439143899743e-05,-9.285339910575667,-7.150689031902983
2022-11-14,0.0006074049517700754,Fold6_2022_2023,7.29866900411456e-05,-9.525233461643175,-7.406314852982044
2022-11-15,0.00047866166461803277,Fold6_2022_2023,7.213083551658017e-05,-9.537028928033456,-7.6445165470411425
2022-11-16,0.00037574675829633224,Fold6_2022_2023,5.864707465105163e-05,-9.743972862181177,-7.886595156656942
2022-11-17,0.0003018696826200875,Fold6_2022_2023,9.390176352309766e-06,-11.5758464840568,-8.1055151482216
2022-11-18,0.00023368810262859645,Fold6_2022_2023,2.0520263952227087e-05,-10.794097674575474,-8.361523226450501
2022-11-21,0.00018187285509145838,Fold6_2022_2023,1.3268849628867804e-05,-11.230091402988485,-8.612202713419627
2022-11-22,0.00014441664936924362,Fold6_2022_2023,0.0001786830564770821,-8.62989695575537,-8.8428080378111
2022-11-23,0.0001467926598056941,Fold6_2022_2023,3.946125533296848e-05,-10.14019124507885,-8.826489444357577
2022-11-25,0.00012022147479776564,Fold6_2022_2023,5.009164020815867e-08,-16.809411704891225,-9.026174892937522
2022-11-28,9.400155601999568e-05,Fold6_2022_2023,0.0002587448903307391,-8.259667961093731,-9.272199222427068
2022-11-29,0.00013870548927767492,Fold6_2022_2023,2.9550471754907148e-06,-12.731995942600578,-8.883157654803155
2022-11-30,0.00010950723336457452,Fold6_2022_2023,0.0009619024238310064,-6.946597542972091,-9.119519952765492
2022-12-01,0.00028584472573908026,Fold6_2022_2023,5.418117820497913e-07,-14.428347161408213,-8.160061811573442
2022-12-02,0.00021949645091542757,Fold6_2022_2023,1.3328469699693168e-06,-13.528193324581185,-8.424174494529984
2022-12-05,0.00017015422023034573,Fold6_2022_2023,0.0003295296319338203,-8.017844278068752,-8.678805354325561
2022-12-06,0.00021118006057851995,Fold6_2022_2023,0.00021081976980319713,-8.464506961049423,-8.462799420728668
2022-12-07,0.00021476000735596665,Fold6_2022_2023,2.8995771946619323e-06,-12.750945626545123,-8.445989398157872
2022-12-08,0.00016719257335332555,Fold6_2022_2023,6.089531429917214e-05,-9.70635432710882,-8.696364276043438
2022-12-09,0.00014040081400496995,Fold6_2022_2023,5.6223542548425545e-05,-9.78617498222587,-8.871009268633173
2022-12-12,0.00012501461837580158,Fold6_2022_2023,0.00020489532108062896,-8.493011338116169,-8.987079880493328
2022-12-13,0.00013753113992664209,Fold6_2022_2023,5.687279095041628e-05,-9.77469352187971,-8.891660194304844
2022-12-14,0.00011727841386596569,Fold6_2022_2023,4.11396122324633e-05,-10.098539099343842,-9.050959844252604
2022-12-15,0.00010391991826552027,Fold6_2022_2023,0.0006133445405028317,-7.396583723637329,-9.171889972115709
2022-12-16,0.00022512105379608253,Fold6_2022_2023,0.0001410487276895401,-8.86640514083671,-8.398872283567561
2022-12-19,0.00020907218997095746,Fold6_2022_2023,7.252045059415658e-05,-9.531641958719147,-8.472830959078971
2022-12-20,0.00018084853732808995,Fold6_2022_2023,1.8703384438244073e-06,-13.189391157471412,-8.617850687361715
2022-12-21,0.0001406027343594043,Fold6_2022_2023,0.00022027331897197548,-8.420641423737704,-8.869572130985889
2022-12-22,0.00015239007879718443,Fold6_2022_2023,0.00020646295673097336,-8.485389547945518,-8.789067016586817
2022-12-23,0.00016927017214168576,Fold6_2022_2023,3.289688668174936e-05,-10.322132534404686,-8.684014467798667
2022-12-27,0.0001369637421137513,Fold6_2022_2023,1.5611601593778327e-05,-11.067496228201714,-8.895794323267761
2022-12-28,0.00011245975349781216,Fold6_2022_2023,0.0001563934358046516,-8.763135701292345,-9.092915147012524
2022-12-29,0.00012753374496455468,Fold6_2022_2023,0.0003182684433245893,-8.052615369889859,-8.9671295619951
2022-12-30,0.00016256062545377107,Fold6_2022_2023,6.955624982005855e-06,-11.875959875805714,-8.7244595460559
2023-01-03,0.0001294703367868102,Fold6_2022_2023,1.7799143127548947e-05,-10.936360240726694,-8.95205876262414
2023-01-04,0.00010741569731568577,Fold6_2022_2023,5.91442262685684e-05,-9.73553158399367,-9.138804229067746
2023-01-05,9.519096756796608e-05,Fold6_2022_2023,0.00013176448379946594,-8.934494442623306,-9.259625499155954
2023-01-06,0.00010877043106118653,Fold6_2022_2023,0.0005140733770616914,-7.573144545768549,-9.126271033814179
2023-01-09,0.00018879534339030887,Fold6_2022_2023,3.21564361380691e-07,-14.950068122384542,-8.574846968803287
2023-01-10,0.00014709449632750385,Fold6_2022_2023,4.8838098922909295e-05,-9.926999834071708,-8.824435345553736
2023-01-11,0.00012328272081199085,Fold6_2022_2023,0.00015796213084681094,-8.753155231849455,-9.001030297014331
2023-01-12,0.00012664037148176602,Fold6_2022_2023,1.3207944108975833e-05,-11.23469208295929,-8.974159209027484
2023-01-13,0.00010141273361055197,Fold6_2022_2023,1.4992866461339526e-05,-11.107936039225013,-9.196311896678116
2023-01-17,8.25991630867825e-05,Fold6_2022_2023,3.362649622734589e-06,-12.602781316558763,-9.40151100960995
2023-01-18,6.798596000949895e-05,Fold6_2022_2023,0.00025324863232781936,-8.281138815332515,-9.59620934455467
2023-01-19,0.00011589810393845347,Fold6_2022_2023,5.338633400311694e-05,-9.837955762295234,-9.062799167213528
2023-01-20,0.00010604942780280868,Fold6_2022_2023,0.000340686230388706,-7.984548649762147,-9.151605272509782
2023-01-23,0.00015053934971410562,Fold6_2022_2023,0.00014225645517203329,-8.857879106922173,-8.801286048055635
2023-01-24,0.00014415873203179442,Fold6_2022_2023,1.153133748747758e-06,-13.673027322756374,-8.844595559704842
2023-01-25,0.00011399249124784416,Fold6_2022_2023,1.4037564840427613e-07,-15.77894380481191,-9.079377977986036
2023-01-26,9.041678019671403e-05,Fold6_2022_2023,0.00011947944086340264,-9.03236624437788,-9.311080686146642
2023-01-27,9.407356506075468e-05,Fold6_2022_2023,5.266288214130763e-06,-12.154184767257815,-9.271433474742164
2023-01-30,7.568856993442792e-05,Fold6_2022_2023,0.0001594173522235837,-8.74398493791196,-9.488883400540436
2023-01-31,0.0001002201838858264,Fold6_2022_2023,0.00021305029886641933,-8.453982275219904,-9.208140953612723
2023-02-01,0.00012012008519239645,Fold6_2022_2023,0.00011176196978504117,-9.099139218036305,-9.027018605621986
2023-02-02,0.00011508131810587621,Fold6_2022_2023,0.00020886223785585156,-8.473835672348748,-9.06987156552417
2023-02-03,0.00013054216057066607,Fold6_2022_2023,0.00011418996980364956,-9.077647094690287,-8.943814313870222
2023-02-06,0.00013147114976803353,Fold6_2022_2023,3.757801180830365e-05,-10.189091470958504,-8.936723123815693
2023-02-07,0.00011409504135438824,Fold6_2022_2023,0.00016883614208030662,-8.68658188687093,-9.078478760810208
2023-02-08,0.00012179034549103096,Fold6_2022_2023,0.00012088983920191838,-9.020630846870223,-9.013209471092607
2023-02-09,0.00012636491428802228,Fold6_2022_2023,7.581405460169337e-05,-9.487226865594655,-8.976336691618364
2023-02-10,0.00011934136476796789,Fold6_2022_2023,5.434158662710133e-06,-12.122805849243178,-9.033522559971527
2023-02-13,9.49120488204299e-05,Fold6_2022_2023,0.00013620281015051298,-8.901365531932246,-9.262559897073203
2023-02-14,0.00010076882169170987,Fold6_2022_2023,2.118126733380921e-07,-15.367563569223185,-9.202681558786772
2023-02-15,8.076416984047014e-05,Fold6_2022_2023,1.0511669693112935e-05,-11.463024518603737,-9.423977133355395
2023-02-16,6.638121797398625e-05,Fold6_2022_2023,0.00019222544621063777,-8.556841675755251,-9.620096403332397
2023-02-17,0.00010051201247744792,Fold6_2022_2023,6.2569755940015236e-06,-11.981813621546749,-9.205233310469158
2023-02-21,8.266705883223182e-05,Fold6_2022_2023,0.0004106645272685338,-7.797733912125864,-9.400689356540365
2023-02-22,0.00016149167284948125,Fold6_2022_2023,1.9016296966948155e-06,-13.172799304333886,-8.731056977934415
2023-02-23,0.0001275848362400571,Fold6_2022_2023,2.814347154102163e-05,-10.478195147113041,-8.966729032359474
2023-02-24,0.00010506809867399285,Fold6_2022_2023,0.00011533826880996219,-9.067641279340299,-9.160901859230188
2023-02-27,0.00011225220244822273,Fold6_2022_2023,1.1559976966735873e-05,-11.367961687218925,-9.09476241061482
2023-02-28,9.063607876190606e-05,Fold6_2022_2023,1.371205106773572e-05,-11.197235471806005,-9.308658203853923
2023-03-01,7.723763448766249e-05,Fold6_2022_2023,1.4769457572090009e-05,-11.122949187072344,-9.468623726356325
2023-03-02,6.730802421941609e-05,Fold6_2022_2023,6.001666223212636e-05,-9.720888330425982,-9.606231097820459
2023-03-03,6.511070531920681e-05,Fold6_2022_2023,0.000253146857161971,-8.281540774549494,-9.639421578041773
2023-03-06,0.00010120310602848706,Fold6_2022_2023,4.797110731966302e-07,-14.550081845117926,-9.1983811096008
2023-03-07,8.092180842006842e-05,Fold6_2022_2023,0.00023862386697771464,-8.340622024058646,-9.422027197668422
2023-03-08,0.00012153854759851497,Fold6_2022_2023,2.659686056634888e-06,-12.837302465957496,-9.015279081316002
2023-03-09,9.651617133842021e-05,Fold6_2022_2023,0.0003467888616142974,-7.966794431179501,-9.245799985022586
2023-03-10,0.000157387233090057,Fold6_2022_2023,0.00021125113454947286,-8.462462921093021,-8.756801336515538
2023-03-13,0.00017373627577429898,Fold6_2022_2023,2.0345431931761355e-06,-13.105239239365744,-8.657972064988474
2023-03-14,0.00013713068911450077,Fold6_2022_2023,0.00026879291576058483,-8.221569304719928,-8.894576151700784
2023-03-15,0.00015922336777172738,Fold6_2022_2023,3.936166909212954e-05,-10.142718080883348,-8.745202512839763
2023-03-16,0.00013579991826890103,Fold6_2022_2023,0.00030251759024654514,-8.103371132608643,-8.904327944688895
2023-03-17,0.00016493341763116826,Fold6_2022_2023,0.00013833499532660994,-8.885832312064629,-8.709968695011707
2023-03-20,0.00016304034615218568,Fold6_2022_2023,9.1578824625774e-05,-9.29831048521631,-8.721512865380081
2023-03-21,0.00014399393890368798,Fold6_2022_2023,0.0001701754351694738,-8.678680681445494,-8.845739350220734
2023-03-22,0.00014480045867249985,Fold6_2022_2023,0.0002956181241780504,-8.126442057582894,-8.840153910389914
2023-03-23,0.0001829057767959262,Fold6_2022_2023,7.288766533342086e-06,-11.82917622607551,-8.606539418616116
2023-03-24,0.00014383555065090135,Fold6_2022_2023,4.2778813836173395e-05,-10.059467581759087,-8.846839920346603
2023-03-27,0.0001202210665452367,Fold6_2022_2023,3.489786798442903e-06,-12.565669912887339,-9.02617828878026
2023-03-28,9.564265463307041e-05,Fold6_2022_2023,5.0491964250097366e-06,-12.196281451098983,-9.254891659244608
2023-03-29,7.870014502417958e-05,Fold6_2022_2023,0.0002082282871276806,-8.476875545845669,-9.449865559795732
2023-03-30,0.00010262156392815598,Fold6_2022_2023,3.4084904569164426e-05,-10.286655952943253,-9.184462472572859
2023-03-31,8.726418060180139e-05,Fold6_2022_2023,0.00019589440739991044,-8.537934781660642,-9.346570481700637
2023-04-03,0.0001065884130535269,Fold6_2022_2023,1.4465582012879426e-05,-11.143738384405113,-9.146535747698229
2023-04-04,8.691386021503557e-05,Fold6_2022_2023,3.095511425869703e-05,-10.38297232987739,-9.350593042265682
2023-04-05,7.880249991647449e-05,Fold6_2022_2023,6.872757162668516e-06,-11.88794519852109,-9.448565836775305
2023-04-06,6.648653657803506e-05,Fold6_2022_2023,1.5157608641937304e-05,-11.097007931489527,-9.618511088272903
2023-04-10,5.6448238474388734e-05,Fold6_2022_2023,1.0521686844384528e-06,-13.764657110078485,-9.782186472915035
2023-04-11,4.68560490741602e-05,Fold6_2022_2023,7.211485502313588e-08,-16.44500578026953,-9.968430441837402
2023-04-12,3.9595341469225545e-05,Fold6_2022_2023,1.668083844358236e-05,-11.001249895895166,-10.13679908628995
2023-04-13,3.920105181297046e-05,Fold6_2022_2023,0.00017411447552004641,-8.65579756978693,-10.146806979564296
2023-04-14,6.573840108499242e-05,Fold6_2022_2023,5.981150651027234e-06,-12.026897591951688,-9.629827311822089
2023-04-17,5.629994323480123e-05,Fold6_2022_2023,1.2827890608240525e-05,-11.263888803746859,-9.784817031081994
2023-04-18,4.834760838546576e-05,Fold6_2022_2023,4.25489726247096e-07,-14.67002503435469,-9.937093801911638
2023-04-19,4.075711362584271e-05,Fold6_2022_2023,2.8582753995474706e-08,-17.370462308153773,-10.107880166007194
2023-04-20,3.5177975405461146e-05,Fold6_2022_2023,2.994383039819171e-05,-10.416187251344533,-10.255090369899841
2023-04-21,3.9154253025313265e-05,Fold6_2022_2023,6.029639526896026e-07,-14.321408421957026,-10.148001507320101
2023-04-24,3.3735534011288525e-05,Fold6_2022_2023,1.0873977035218138e-06,-13.731723144135097,-10.2969588544181
2023-04-25,2.9598575729447373e-05,Fold6_2022_2023,0.00025604063563770146,-8.270174393121684,-10.42778431504033
2023-04-26,8.550504509606259e-05,Fold6_2022_2023,1.8015763378596368e-05,-10.924263440052151,-9.36693517679091
2023-04-27,7.454583926856368e-05,Fold6_2022_2023,0.00038857874440667816,-7.853014720389593,-9.504096329597907
2023-04-28,0.00013499656439718732,Fold6_2022_2023,7.223182678526573e-05,-9.535629794995174,-8.910261228759397
2023-05-01,0.0001189353320993223,Fold6_2022_2023,1.0207289270915e-06,-13.794993551494239,-9.0369306402999
2023-05-02,9.536608674329986e-05,Fold6_2022_2023,0.00012775350020828512,-8.965407930365117,-9.25778752758083
2023-05-03,0.00010745387955134463,Fold6_2022_2023,4.743909107770741e-05,-9.956063962865864,-9.138448829884508
2023-05-04,9.839291628498814e-05,Fold6_2022_2023,5.052534383545231e-05,-9.893035489443864,-9.226541745471094
2023-05-05,9.219637316537526e-05,Fold6_2022_2023,0.0003364758899751307,-7.996984060851691,-9.291589764776566
2023-05-08,0.0001378057087107189,Fold6_2022_2023,7.106323402570865e-08,-16.45969573619143,-8.889665772733967
2023-05-09,0.00010914020367100712,Fold6_2022_2023,1.9316823924505265e-05,-10.854534135835484,-9.122877230063462
2023-05-10,9.299879042956951e-05,Fold6_2022_2023,2.1729051750784618e-05,-10.736860402439872,-9.28292407102926
2023-05-11,7.793335924773131e-05,Fold6_2022_2023,3.0465876253329683e-06,-12.701488405047842,-9.459656465074394
2023-05-12,6.484461724281052e-05,Fold6_2022_2023,1.7191032769338818e-06,-13.273707753709237,-9.64351665384168
2023-05-15,5.4395449291637664e-05,Fold6_2022_2023,1.186200117806221e-05,-11.342170445233783,-9.81923006032871
2023-05-16,4.679258129357399e-05,Fold6_2022_2023,4.495633752048578e-05,-10.00981881654024,-9.969785886974273
2023-05-17,5.1547726067448826e-05,Fold6_2022_2023,0.0001455856116878312,-8.834746247910124,-9.873002459677942
2023-05-18,6.929624054614361e-05,Fold6_2022_2023,9.191069942654678e-05,-9.294693110716272,-9.577119902213342
2023-05-19,7.258155145494683e-05,Fold6_2022_2023,2.1206845842088634e-06,-13.063771604327199,-9.530799780616313
2023-05-22,6.046934574314171e-05,Fold6_2022_2023,1.648728615952297e-07,-15.618091195847601,-9.713374003265686
2023-05-23,5.0153784858738174e-05,Fold6_2022_2023,0.0001273790522817775,-8.968343253135265,-9.900416575641628
2023-05-24,7.27682567508967e-05,Fold6_2022_2023,5.287161305103681e-05,-9.847643978421845,-9.528230731493474
2023-05-25,7.31747260559699e-05,Fold6_2022_2023,7.435370353324053e-05,-9.5066770741502,-9.522660469076696
2023-05-26,7.227399689775547e-05,Fold6_2022_2023,0.00016557086937628155,-8.706111241050534,-9.535046149123858
2023-05-30,8.892366969354758e-05,Fold6_2022_2023,1.4509849417985478e-07,-15.745853054919527,-9.327732200111798
2023-05-31,7.188877566004726e-05,Fold6_2022_2023,3.092065773793096e-05,-10.384086062222567,-9.540390415854272
2023-06-01,6.738250734347177e-05,Fold6_2022_2023,8.941710213243352e-05,-9.322198595059621,-9.605125108694367
2023-06-02,7.06363638392157e-05,Fold6_2022_2023,0.00020614151341553756,-8.486947666694707,-9.557965477523217
2023-06-05,9.547762996329862e-05,Fold6_2022_2023,3.679067348301581e-06,-12.512851275865788,-9.256618579138353
2023-06-06,7.845550276278249e-05,Fold6_2022_2023,4.730278267379376e-06,-12.261526526878104,-9.452978937678798
2023-06-07,6.423365861025392e-05,Fold6_2022_2023,1.1995832761689947e-05,-11.330951238347586,-9.652983207235462
2023-06-08,5.68952297230889e-05,Fold6_2022_2023,3.636398429724939e-05,-10.221931715526079,-9.774299056496016
2023-06-09,5.288815304521518e-05,Fold6_2022_2023,3.214034090217272e-06,-12.647983683917007,-9.847331194176498
2023-06-12,4.450817740138864e-05,Fold6_2022_2023,8.155707372339588e-05,-9.41420749172223,-10.019837623845259
2023-06-13,5.165444682706416e-05,Fold6_2022_2023,4.31825107149755e-05,-10.050074989246646,-9.870934270711318
2023-06-14,5.007316976058631e-05,Fold6_2022_2023,1.4164420315221425e-06,-13.467362442253343,-9.902025227043687
2023-06-15,4.220414612012667e-05,Fold6_2022_2023,0.00015181909823450026,-8.79282088909491,-10.072992092456353
2023-06-16,6.31448877970826e-05,Fold6_2022_2023,1.1642128293343366e-05,-11.360880289304003,-9.670078665776698
2023-06-20,5.5989571280843597e-05,Fold6_2022_2023,2.705687892556973e-05,-10.517569280913982,-9.790345111699342
2023-06-21,5.434673112999778e-05,Fold6_2022_2023,2.6389468358518948e-05,-10.542545553217751,-9.820126091008076
2023-06-22,5.292036299002516e-05,Fold6_2022_2023,1.2982768673209936e-05,-11.251887566413389,-9.846722359519102
2023-06-23,4.591927787725417e-05,Fold6_2022_2023,5.758714738700922e-05,-9.762211150803092,-9.988625531746164
2023-06-26,5.375727336294183e-05,Fold6_2022_2023,1.6762374680808403e-05,-10.996373785547979,-9.831031581730896
2023-06-27,5.0097347816441405e-05,Fold6_2022_2023,0.00011889002670543614,-9.037311637470781,-9.901542489070291
2023-06-28,6.289898870261734e-05,Fold6_2022_2023,2.542089129488586e-07,-15.185109416064362,-9.67398047224695
2023-06-29,5.2051646121038e-05,Fold6_2022_2023,1.547444515782648e-05,-11.076320594134838,-9.863274137638962
2023-06-30,4.5654775128257634e-05,Fold6_2022_2023,0.00013763159933753968,-8.890930012481318,-9.994402353365167
2023-07-03,6.298072428977426e-05,Fold6_2022_2023,1.3220821614400226e-06,-13.536302669116482,-9.672681842043547
2023-07-05,5.211233320860591e-05,Fold6_2022_2023,2.215031148362781e-06,-13.020244092099784,-9.86210891536491
2023-07-06,4.49517321974409e-05,Fold6_2022_2023,6.18035311756328e-05,-9.691550056368701,-10.009921261694794
2023-07-07,5.3959952779737495e-05,Fold6_2022_2023,6.38995835394935e-06,-11.960782806974887,-9.827268401722629
2023-07-10,4.758867516346173e-05,Fold6_2022_2023,6.3899583539489605e-06,-11.960782806974949,-9.952915741767573
2023-07-11,4.090309329129099e-05,Fold6_2022_2023,4.0300887473718656e-05,-10.119137067573746,-10.104304867181455
2023-07-12,4.133702504090433e-05,Fold6_2022_2023,6.422224492070662e-05,-9.65316091319157,-10.09375196950999
2023-07-13,4.5947229843631506e-05,Fold6_2022_2023,6.24953200631469e-05,-9.68041888301514,-9.988016997299098
2023-07-14,4.914995253506422e-05,Fold6_2022_2023,3.8807355137735283e-07,-14.76207094988284,-9.92063467708745
2023-07-17,4.199764600147657e-05,Fold6_2022_2023,1.2014132148849384e-05,-11.329426922025517,-10.077896988835521
2023-07-18,3.741062151229263e-05,Fold6_2022_2023,5.480758329481527e-05,-9.811681992291863,-10.193555896208606
2023-07-19,4.120441757136434e-05,Fold6_2022_2023,4.933894634674052e-06,-12.219381895035665,-10.096965084750796
2023-07-20,3.579919068692721e-05,Fold6_2022_2023,4.430976077089608e-05,-10.024305571754224,-10.237585271323564
2023-07-21,4.296321708342504e-05,Fold6_2022_2023,0.0,,-10.055166225012862
2023-07-24,3.695790734835956e-05,Fold6_2022_2023,1.9868167959452404e-05,-10.826391706987417,-10.205730932156293
2023-07-25,3.479360634603238e-05,Fold6_2022_2023,7.43264451915916e-06,-11.809628838044,-10.266076913752203
2023-07-26,3.121724169259465e-05,Fold6_2022_2023,2.3608678779350677e-08,-17.561651447628684,-10.374539997433736
2023-07-27,2.7892247559464217e-05,Fold6_2022_2023,4.424927288582641e-05,-10.025671618604067,-10.487161773000835
2023-07-28,3.6874447409373946e-05,Fold6_2022_2023,9.49229069581964e-05,-9.262445501515927,-10.207991728925077
2023-07-31,4.815045921522645e-05,Fold6_2022_2023,3.6184014369677064e-06,-12.529478221654925,-9.941179882585422
2023-08-01,4.095957818761562e-05,Fold6_2022_2023,8.212707148877936e-06,-11.70982795086399,-10.102924875439964
2023-08-02,3.813763206334698e-05,Fold6_2022_2023,0.0001962381939987638,-8.536181361079402,-10.17430904510619
2023-08-03,7.837643485501025e-05,Fold6_2022_2023,8.236443452422136e-06,-11.706941927069236,-9.453987251618832
2023-08-04,6.672433544254049e-05,Fold6_2022_2023,2.0548702483728885e-05,-10.792712758493325,-9.614940822370485
2023-08-07,6.0955490055660746e-05,Fold6_2022_2023,7.55290762155183e-05,-9.490992860409882,-9.705366631349252
2023-08-08,6.301794655804186e-05,Fold6_2022_2023,1.8994354264199578e-05,-10.871368766943352,-9.672091006138693
2023-08-09,5.775841960411685e-05,Fold6_2022_2023,4.499309148617956e-05,-10.009001602509088,-9.759241425178603
2023-08-10,5.9839399248975766e-05,Fold6_2022_2023,1.2879593798208935e-07,-15.865036561179611,-9.723846263636952
2023-08-11,4.981667084516995e-05,Fold6_2022_2023,3.401780837017124e-07,-14.893796580865489,-9.907160874024823
2023-08-14,4.2515913382543294e-05,Fold6_2022_2023,3.030339861031944e-05,-10.404250686381937,-10.065632119585839
2023-08-15,4.0835000222250994e-05,Fold6_2022_2023,0.00013729382627633552,-8.893387211413728,-10.105970995711376
2023-08-16,6.729647599316422e-05,Fold6_2022_2023,5.424605532819159e-05,-9.821980281031808,-9.606402685341855
2023-08-17,6.921517526857016e-05,Fold6_2022_2023,5.8508617946320954e-05,-9.746336499254575,-9.57829042359387
2023-08-18,7.163850321468815e-05,Fold6_2022_2023,2.3146418276483024e-07,-15.278840693468686,-9.543877874140668
2023-08-21,5.8857701877130007e-05,Fold6_2022_2023,4.2059161555182614e-05,-10.076433322382409,-9.740387859802762
2023-08-22,5.543468208952641e-05,Fold6_2022_2023,7.355906579762556e-06,-11.82000695117199,-9.800305129589516
2023-08-23,4.900961101227638e-05,Fold6_2022_2023,0.0001226833140181061,-9.005904205567381,-9.92349413597951
2023-08-24,6.253834073225974e-05,Fold6_2022_2023,0.00019477335581975902,-8.54367395321664,-9.67973073759035
2023-08-25,9.632740002223586e-05,Fold6_2022_2023,4.935002502054894e-05,-9.916572285082907,-9.247757751881464
2023-08-28,8.541967042776028e-05,Fold6_2022_2023,3.996050815860695e-05,-10.127618887582923,-9.36793415081454
2023-08-29,7.543000443621182e-05,Fold6_2022_2023,0.0002059583773661278,-8.48783646121061,-9.492305425286435
2023-08-30,9.851582604436201e-05,Fold6_2022_2023,1.689463955296542e-05,-10.988514172564496,-9.225293352191215
2023-08-31,8.156770901466191e-05,Fold6_2022_2023,2.144218254332354e-06,-13.052735522207113,-9.4140770971727
2023-09-01,6.758911739247013e-05,Fold6_2022_2023,3.4722965751556137e-06,-12.570694345702535,-9.602063573193373
2023-09-05,5.596208063570186e-05,Fold6_2022_2023,1.876024098038241e-05,-10.883770769032536,-9.790836228091528
2023-09-06,5.229658444606761e-05,Fold6_2022_2023,4.5497289507614525e-05,-9.997857805043026,-9.858579495984543
2023-09-07,5.571786121740673e-05,Fold6_2022_2023,9.454723009122234e-06,-11.568996151986605,-9.795209794258023
2023-09-08,4.9783287527775055e-05,Fold6_2022_2023,2.264685889364291e-06,-12.998074488838629,-9.907831222068946
2023-09-11,4.217503423217656e-05,Fold6_2022_2023,4.296925827196727e-05,-10.055025621858414,-10.073682117862706
2023-09-12,4.278117584379078e-05,Fold6_2022_2023,3.0257335124505117e-05,-10.405771919427071,-10.059412368858132
2023-09-13,4.4899431790755e-05,Fold6_2022_2023,1.357517814298411e-06,-13.509852662352667,-10.011085418290461
2023-09-14,3.836192030034915e-05,Fold6_2022_2023,7.371459077106863e-05,-9.515309803179377,-10.168445249234603
2023-09-15,4.534904765626585e-05,Fold6_2022_2023,0.0001469316123947401,-8.825543301239264,-10.001121381485461
2023-09-18,7.272235318266496e-05,Fold6_2022_2023,3.436824323072834e-07,-14.883547767846819,-9.528861749121015
2023-09-19,5.968238222058585e-05,Fold6_2022_2023,4.310561303156611e-06,-12.354442429577212,-9.726473686300638
2023-09-20,5.143959956145038e-05,Fold6_2022_2023,8.529814903989723e-05,-9.369357803117115,-9.875102262640436
2023-09-21,6.386489214146442e-05,Fold6_2022_2023,0.0002777697485530917,-8.188718030070834,-9.658740766323001
2023-09-22,0.00011501451145661313,Fold6_2022_2023,5.067424653815598e-06,-12.192677827242763,-9.070452250982637
2023-09-25,9.39527529587103e-05,Fold6_2022_2023,1.760926511902173e-05,-10.947085367217221,-9.272718530152943
2023-09-26,7.822466258726143e-05,Fold6_2022_2023,0.00021904865581422075,-8.426216680156791,-9.455925581780582
2023-09-27,0.00011334559517176369,Fold6_2022_2023,1.5918893270831487e-07,-15.653174084116479,-9.085069042182552
2023-09-28,9.087210945337846e-05,Fold6_2022_2023,3.341805396704318e-05,-10.3064142660842,-9.306057430557289
2023-09-29,7.854922162790675e-05,Fold6_2022_2023,5.904781285127503e-06,-12.039748147929357,-9.451785102568179
2023-10-02,6.637194597989443e-05,Fold6_2022_2023,1.58242667379861e-07,-15.659136112667941,-9.62023609106308
2023-10-03,5.516721287516442e-05,Fold6_2022_2023,0.00018161635001005916,-8.613614062754777,-9.8051417508039
2023-10-04,8.741205473915106e-05,Fold6_2022_2023,5.264530961797598e-05,-9.85193340943102,-9.344877358736468
2023-10-05,7.929550537217338e-05,Fold6_2022_2023,1.4207447968816974e-07,-15.766914412003473,-9.442329109716995
2023-10-06,6.51452546509327e-05,Fold6_2022_2023,0.00013930840108994304,-8.878820369665082,-9.63889109433041
2023-10-09,7.796820833692243e-05,Fold6_2022_2023,4.072870796737675e-05,-10.108577358698172,-9.45920939978427
2023-10-10,6.994598309149984e-05,Fold6_2022_2023,2.6951047263606013e-05,-10.521488401861273,-9.567787283926993
2023-10-11,6.14281343045729e-05,Fold6_2022_2023,1.6708907776540363e-05,-10.999568580955831,-9.697642614329368
2023-10-12,5.32012434018034e-05,Fold6_2022_2023,3.739368899531074e-05,-10.194008611223452,-9.84142878967545
2023-10-13,5.4497310972550875e-05,Fold6_2022_2023,2.493231933212135e-05,-10.599345630976744,-9.817359197465526
2023-10-16,5.261030665321102e-05,Fold6_2022_2023,0.00010954743351191105,-9.119152919747105,-9.852598513437728
2023-10-17,6.280268766604607e-05,Fold6_2022_2023,2.108998810060355e-09,-19.977052499669774,-9.675512688175864
2023-10-18,5.234152546979373e-05,Fold6_2022_2023,0.00017995097543432908,-8.622826102868602,-9.857720515895442
2023-10-19,8.472368430461293e-05,Fold6_2022_2023,7.788749138927391e-05,-9.460245190647315,-9.37611536960191
2023-10-20,8.770231133327617e-05,Fold6_2022_2023,0.00015287159801794967,-8.785912217562194,-9.341562303935977
2023-10-23,0.00010620673237980718,Fold6_2022_2023,3.008629515216138e-06,-12.71402589344824,-9.150123057758865
2023-10-24,8.682920772609622e-05,Fold6_2022_2023,5.64137624323279e-05,-9.782797414469433,-9.351567498359282
2023-10-25,7.954493311886474e-05,Fold6_2022_2023,0.00020897852369035542,-8.473279068741787,-9.439188499503643
2023-10-26,0.00011176187865085944,Fold6_2022_2023,0.00014513103476652658,-8.837873535578897,-9.099140033467698
2023-10-27,0.00012301839094265669,Fold6_2022_2023,2.0638806962478116e-05,-10.788337421227041,-9.00317669390984
2023-10-30,0.00010422579772016271,Fold6_2022_2023,0.00014125112111650282,-8.864971250861238,-9.168950880399285
2023-10-31,0.00010842058789269521,Fold6_2022_2023,3.919610319758099e-05,-10.146933224334157,-9.129492561782872
2023-11-01,9.314392605841894e-05,Fold6_2022_2023,0.00011253445988735783,-9.092251073113315,-9.281364669071465
2023-11-02,9.455715368939656e-05,Fold6_2022_2023,0.0003603602734367347,-7.928406267393625,-9.266306105336964
2023-11-03,0.00014234670388868948,Fold6_2022_2023,8.248065798504874e-05,-9.4029467407771,-8.85724489948766
2023-11-06,0.00012688174448738775,Fold6_2022_2023,5.2802332867023696e-06,-12.151540278134577,-8.972255051059804
2023-11-07,0.00010190342310044538,Fold6_2022_2023,8.076491379255695e-06,-11.726553014979325,-9.19148502555747
2023-11-08,8.307991532839176e-05,Fold6_2022_2023,5.359164737779023e-07,-14.439287520522669,-9.39570757811442
2023-11-09,6.77866138156393e-05,Fold6_2022_2023,6.129574110755589e-05,-9.699800193658271,-9.599145818858549
2023-11-10,7.104981046547371e-05,Fold6_2022_2023,0.00023975969098037164,-8.335873423827353,-9.552129371046487
2023-11-13,0.000101208211495094,Fold6_2022_2023,9.095196568404577e-07,-13.910349226423044,-9.198330663146812
2023-11-14,8.243323351905921e-05,Fold6_2022_2023,0.0003692180952269436,-7.904123044545988,-9.4035218829542
2023-11-15,0.00013445222522204947,Fold6_2022_2023,4.47272085447588e-06,-12.317513642240316,-8.914301624831882
2023-11-16,0.00010767197616908215,Fold6_2022_2023,1.4938035577922942e-06,-13.414184967320367,-9.136421210361714
2023-11-17,8.683851077864462e-05,Fold6_2022_2023,1.5452245461059367e-06,-13.38034132088961,-9.35146036212651
2023-11-20,7.079489291487979e-05,Fold6_2022_2023,5.880031817653664e-05,-9.741363291908744,-9.555723693837004
2023-11-21,6.759500993093614e-05,Fold6_2022_2023,4.760020798779661e-06,-12.255258520238966,-9.60197639522971
2023-11-22,5.775414861624677e-05,Fold6_2022_2023,1.4848783735745379e-05,-11.117592599386635,-9.759315373631795
2023-11-24,5.009888419393952e-05,Fold6_2022_2023,3.783255785047047e-07,-14.787510693253484,-9.901511821699524
2023-11-27,4.24111087178289e-05,Fold6_2022_2023,3.2491100122236127e-06,-12.637129441517038,-10.068100231979859
2023-11-28,3.788635423170634e-05,Fold6_2022_2023,9.793130486051872e-07,-13.836414481887736,-10.180919557365078
2023-11-29,3.297566183497239e-05,Fold6_2022_2023,4.949595255062508e-07,-14.518789844374835,-10.319740788751929
2023-11-30,2.9678766099028124e-05,Fold6_2022_2023,1.544191606965668e-05,-11.078424923291445,-10.425078714012175
2023-12-01,2.8550137937072113e-05,Fold6_2022_2023,3.47912285564017e-05,-10.266145255931498,-10.463848790452836
2023-12-04,3.0909103421996524e-05,Fold6_2022_2023,2.7701212241669817e-05,-10.494034382491387,-10.38445980832322
2023-12-05,3.5189824933908555e-05,Fold6_2022_2023,3.885669125578312e-08,-17.06338554186708,-10.25475358152498
2023-12-06,3.113876347557828e-05,Fold6_2022_2023,1.6304089420188995e-05,-11.024094596943684,-10.377057100902437
2023-12-07,3.262298090071851e-05,Fold6_2022_2023,5.778096242198093e-05,-9.75885120640203,-10.330493582337146
2023-12-08,3.808553690473244e-05,Fold6_2022_2023,1.8403330181564568e-05,-10.902978921597201,-10.175675956700951
2023-12-11,3.5491088760205264e-05,Fold6_2022_2023,1.5071360584360448e-05,-11.102714265103943,-10.246228913833196
2023-12-12,3.2964445553272586e-05,Fold6_2022_2023,2.0764423976993616e-05,-10.782269421358128,-10.320080984795043
2023-12-13,3.192489831024189e-05,Fold6_2022_2023,0.00018757556587668586,-8.581328775734763,-10.352124341321163
2023-12-14,6.149703085571184e-05,Fold6_2022_2023,1.0266964171229958e-05,-11.486579179355497,-9.696521663086173
2023-12-15,5.2168191622563465e-05,Fold6_2022_2023,2.715213052564613e-06,-12.816640135257684,-9.861037604698025
2023-12-18,4.523366939976629e-05,Fold6_2022_2023,3.1462793675713893e-05,-10.366704863395782,-10.003668850200155
2023-12-19,4.312887130292628e-05,Fold6_2022_2023,3.675575311317017e-05,-10.21121579726053,-10.051317917298558
2023-12-20,4.2404231955815804e-05,Fold6_2022_2023,0.00019472035168764312,-8.54394612260691,-10.068262390428401
2023-12-21,8.05273086483056e-05,Fold6_2022_2023,8.906359917510246e-05,-9.326159845962277,-9.426914193200762
2023-12-22,8.046159997529746e-05,Fold6_2022_2023,4.030419491610246e-06,-12.421640095211922,-9.42773050628989
2023-12-26,6.593952660730065e-05,Fold6_2022_2023,1.775430673784873e-05,-10.938882438355266,-9.62677249948961
2023-12-27,5.6806996003307944e-05,Fold6_2022_2023,3.2632150404055495e-06,-12.632797639856618,-9.775851070749534
2023-12-28,4.774056357068908e-05,Fold6_2022_2023,1.4267483814749082e-07,-15.762697654938226,-9.949729132123498
2023-12-29,4.0640416753711914e-05,Fold6_2022_2023,8.405238687728606e-06,-11.686655393204884,-10.110747499980095
