date,forecast_var,fold,actual_var,target,log_forecast
2017-01-03,3.743853515498e-05,Fold1_2017,5.80823031976556e-05,-9.753649532626978,-10.192810032254371
2017-01-04,4.491205075073952e-05,Fold1_2017,3.518221746471543e-05,-10.254969788670985,-10.01080440834139
2017-01-05,4.618307022791397e-05,Fold1_2017,6.316253853864819e-07,-14.274969363183752,-9.982897272317308
2017-01-06,3.908914022108856e-05,Fold1_2017,1.2754658043141065e-05,-11.269614016362102,-10.149665873257055
2017-01-09,3.630376174055281e-05,Fold1_2017,1.0931632734675871e-05,-11.423849885900418,-10.223589192846275
2017-01-10,3.73965731791817e-05,Fold1_2017,0.0,,-10.193931483966814
2017-01-11,3.1294774715939365e-05,Fold1_2017,7.964006148940285e-06,-11.740578399670673,-10.372059416337299
2017-01-12,2.8974918784158134e-05,Fold1_2017,6.314686544569022e-06,-11.972632440041577,-10.449079971705006
2017-01-13,2.994574056122156e-05,Fold1_2017,5.25693212913637e-06,-12.155962946779761,-10.416123461839954
2017-01-17,2.694565344607011e-05,Fold1_2017,1.2460251208232585e-05,-11.292966883633836,-10.521688555766165
2017-01-18,3.046792841671764e-05,Fold1_2017,4.874374040602926e-06,-12.231518863686302,-10.398835954914361
2017-01-19,2.7161471089372193e-05,Fold1_2017,1.3776040375585367e-05,-11.192579679418984,-10.513711092919813
2017-01-20,3.100621954359362e-05,Fold1_2017,1.3450503713838887e-05,-11.21649400177465,-10.381322743164219
2017-01-23,3.036458020934832e-05,Fold1_2017,6.79033775033717e-06,-11.90000987531308,-10.402233753530048
2017-01-24,3.1125054227356456e-05,Fold1_2017,4.084788656595068e-05,-10.105655474448275,-10.377497460936535
2017-01-25,3.651401588232632e-05,Fold1_2017,7.427556952725e-05,-9.507728468826084,-10.217814374307657
2017-01-26,4.6811219064588724e-05,Fold1_2017,1.0939441297024488e-06,-13.725720925010409,-9.969387660167461
2017-01-27,3.99087695956174e-05,Fold1_2017,2.4679447436943564e-06,-12.912124841274546,-10.128914468854756
2017-01-30,3.612726173857369e-05,Fold1_2017,3.869966389662089e-05,-10.159679642808088,-10.22846280481128
2017-01-31,4.4413012902109424e-05,Fold1_2017,7.75793504335468e-09,-18.674549640823358,-10.021978048085796
2017-02-01,3.624888177442993e-05,Fold1_2017,1.5643497515992263e-07,-15.670625407493628,-10.22510202474132
2017-02-02,2.9619207190863738e-05,Fold1_2017,4.339473472678826e-07,-14.650342629865088,-10.427087515490138
2017-02-03,2.4387234062941086e-05,Fold1_2017,4.718842768006539e-05,-9.96136187170318,-10.621450756720689
2017-02-06,3.208237378711474e-05,Fold1_2017,3.202331987110345e-06,-12.651631267593022,-10.347203781845828
2017-02-07,3.071775629609846e-05,Fold1_2017,1.9430470030676598e-09,-20.05900847586704,-10.39066968958853
2017-02-08,2.6247147134918454e-05,Fold1_2017,1.7139060309155893e-06,-13.276735563728247,-10.547953255407338
2017-02-09,2.24198610424391e-05,Fold1_2017,3.499296577784209e-05,-10.26036349444954,-10.705563338268142
2017-02-10,2.8097162757431626e-05,Fold1_2017,1.550780921538184e-05,-11.074166840566717,-10.479841956208755
2017-02-13,2.8525567289564325e-05,Fold1_2017,2.9462401386696795e-05,-10.432395636786225,-10.464709774962026
2017-02-14,3.199108391170544e-05,Fold1_2017,1.590072461255932e-05,-11.049145876659573,-10.350053321747678
2017-02-15,3.155971806514218e-05,Fold1_2017,2.7108557367178228e-05,-10.515661109916898,-10.363628995323646
2017-02-16,3.3834587715530805e-05,Fold1_2017,7.253562288596741e-07,-14.136602952613421,-10.294026973501929
2017-02-17,3.014616339194502e-05,Fold1_2017,2.480830949212442e-06,-12.906916993741198,-10.409452893569892
2017-02-21,2.558122208575704e-05,Fold1_2017,3.525616367421923e-05,-10.252870187985307,-10.573651987905627
2017-02-22,3.059180506549702e-05,Fold1_2017,7.897092734101099e-07,-14.051600967558665,-10.394778393190082
2017-02-23,2.7805647067915866e-05,Fold1_2017,4.583198870940884e-07,-14.595698453193457,-10.490271425956761
2017-02-24,2.302025368116599e-05,Fold1_2017,1.6081022735322827e-06,-13.34045578628712,-10.679136134697982
2017-02-27,1.975509951921706e-05,Fold1_2017,2.4384756974621114e-06,-12.92413742802923,-10.83209889644127
2017-02-28,1.7676662092893326e-05,Fold1_2017,7.304095046516525e-06,-11.827075401815895,-10.943265314229748
2017-03-01,2.0882164243991824e-05,Fold1_2017,0.00019322324417475037,-8.55166433195919,-10.776615148789109
2017-03-02,5.140519371860586e-05,Fold1_2017,3.991118233242772e-05,-10.128854014375573,-9.875771345498805
2017-03-03,5.667309549625774e-05,Fold1_2017,3.957537058166688e-07,-14.742473774194593,-9.778210966083119
2017-03-06,4.303467168813167e-05,Fold1_2017,8.892126275822007e-06,-11.630344360903553,-10.053504448842055
2017-03-07,4.15599067692741e-05,Fold1_2017,8.948073119577145e-06,-11.624072342758565,-10.088374635015983
2017-03-08,4.047134002005568e-05,Fold1_2017,3.45334356724418e-06,-12.57616764631774,-10.114916488182722
2017-03-09,3.71412312253242e-05,Fold1_2017,1.6060937039438483e-06,-13.341705597974995,-10.20078285166501
2017-03-10,3.0146034653491715e-05,Fold1_2017,1.2236653614225253e-05,-11.311074715790628,-10.409457164054547
2017-03-13,2.9173700329957763e-05,Fold1_2017,2.54686651274978e-07,-15.183231865934046,-10.442242928171828
2017-03-14,2.43922658853872e-05,Fold1_2017,1.4698929370731649e-05,-11.127735898754974,-10.621244447821693
2017-03-15,2.8818445366026547e-05,Fold1_2017,7.424151177221423e-05,-9.508187106382582,-10.45449491173383
2017-03-16,3.998897409492863e-05,Fold1_2017,3.87653492119354e-06,-12.460568864894196,-10.126906789474912
2017-03-17,3.6988402396773914e-05,Fold1_2017,3.0894528289850157e-06,-12.687516560733156,-10.204906143191213
2017-03-20,3.432235542519485e-05,Fold1_2017,1.2047792832644412e-06,-13.629214175214257,-10.279713654429285
2017-03-21,3.101495090492642e-05,Fold1_2017,0.00016699141671504302,-8.697568143784295,-10.381041182486555
2017-03-22,6.211967223596896e-05,Fold1_2017,5.5243586718003814e-06,-12.106343394800165,-9.686447836002134
2017-03-23,4.9493651981989734e-05,Fold1_2017,1.139889896409578e-06,-13.684578882319082,-9.913666139401526
2017-03-24,4.193939232884629e-05,Fold1_2017,5.283860882094081e-07,-14.453438592787512,-10.079285021654927
2017-03-27,3.590060490506608e-05,Fold1_2017,1.053681332294263e-06,-13.763220494836233,-10.234756412888707
2017-03-28,3.207699790296251e-05,Fold1_2017,5.256894740677336e-05,-9.853384966031237,-10.347371360923464
2017-03-29,3.903495851910341e-05,Fold1_2017,8.72893823492355e-07,-13.951451911078056,-10.151052941051649
2017-03-30,3.0993168195876544e-05,Fold1_2017,1.0107473522229572e-05,-11.502235455051085,-10.381743758544715
2017-03-31,2.9235752529858727e-05,Fold1_2017,5.43101149288864e-06,-12.123385162749445,-10.44011819595102
2017-04-03,2.9577784741951706e-05,Fold1_2017,3.0296435528642127e-06,-12.707065584681786,-10.428486993886597
2017-04-04,2.8677259050679775e-05,Fold1_2017,4.058043311764738e-07,-14.717394736431581,-10.459406116859943
2017-04-05,2.3821465953369816e-05,Fold1_2017,8.862967132182025e-06,-11.633628958645215,-10.644923452968182
2017-04-06,2.6431214885064825e-05,Fold1_2017,7.879976477246145e-06,-11.75118563921999,-10.540964864265069
2017-04-07,2.5035081575241814e-05,Fold1_2017,1.0400370828298937e-06,-13.776254188879468,-10.595232453739829
2017-04-10,2.377666134228364e-05,Fold1_2017,3.541853816852511e-07,-14.853445383806644,-10.646806074275577
2017-04-11,2.019694702222201e-05,Fold1_2017,1.4177635740397942e-06,-13.466429875744524,-10.809979102493301
2017-04-12,2.0183448284001547e-05,Fold1_2017,1.928284578216344e-05,-10.85629467686479,-10.810647681323248
2017-04-13,2.6170461398654816e-05,Fold1_2017,4.2458685671699756e-05,-10.066979056673688,-10.550879210753994
2017-04-17,3.636389587737764e-05,Fold1_2017,7.780933848235305e-05,-9.46124910207633,-10.221934147052243
2017-04-18,4.6856681126155145e-05,Fold1_2017,8.934213814971245e-06,-11.625622402595049,-9.968416952698977
2017-04-19,4.412318793800107e-05,Fold1_2017,3.3861347354527755e-06,-12.595821483121567,-10.02852511011495
2017-04-20,3.956842575350502e-05,Fold1_2017,6.570976701392777e-05,-9.630262982732253,-10.13747908719698
2017-04-21,4.730426763435086e-05,Fold1_2017,1.0187935631684489e-05,-11.494306318919193,-9.958910041708688
2017-04-24,4.497685693354366e-05,Fold1_2017,0.00011963222858178736,-9.031088283000807,-10.0093624908523
2017-04-25,6.0112444275499646e-05,Fold1_2017,3.366151625667148e-05,-10.299155323969241,-9.719293678364464
2017-04-26,5.665686898243888e-05,Fold1_2017,3.9551614426441867e-07,-14.74307423068706,-9.778497324841005
2017-04-27,4.585093686803516e-05,Fold1_2017,7.031161458084195e-07,-14.167743744260939,-9.990114926143727
2017-04-28,3.548691775531545e-05,Fold1_2017,4.759129165372561e-06,-12.255445854909198,-10.246346443335627
2017-05-01,3.3943582094251676e-05,Fold1_2017,6.332938219175812e-06,-11.969746255857983,-10.290810761763547
2017-05-02,3.0140037194752005e-05,Fold1_2017,1.422656668209068e-07,-15.765569634180878,-10.409656130700595
2017-05-03,2.5199394660329767e-05,Fold1_2017,1.4770675289744788e-06,-13.425451835098308,-10.5886905851509
2017-05-04,2.4166628603358736e-05,Fold1_2017,1.3767225669736737e-06,-13.495804834933942,-10.630537859806427
2017-05-05,2.0559039215173657e-05,Fold1_2017,1.543925849876225e-05,-11.07859703921243,-10.792209849248717
2017-05-08,2.227875982810505e-05,Fold1_2017,2.7750471202257907e-08,-17.400013016636585,-10.711876807465877
2017-05-09,2.01410065827899e-05,Fold1_2017,8.436659518386097e-07,-13.985509212357062,-10.812752692638277
2017-05-10,1.964355385979201e-05,Fold1_2017,3.2179169957338423e-06,-12.646776303470114,-10.837761321316204
2017-05-11,1.7977548032128322e-05,Fold1_2017,4.179346351795649e-06,-12.385355698823986,-10.92638691018202
2017-05-12,1.9736107158467374e-05,Fold1_2017,2.797727006082847e-06,-12.786703253999644,-10.83306074915795
2017-05-15,2.0521867135207374e-05,Fold1_2017,3.034042931344422e-05,-10.403029434063438,-10.794019550806624
2017-05-16,2.527759399627036e-05,Fold1_2017,8.385051846340969e-07,-13.991645072477342,-10.585592167413134
2017-05-17,2.3567273047649974e-05,Fold1_2017,0.0003205232306266464,-8.04555580177584,-10.65565154360897
2017-05-18,8.257926711779755e-05,Fold1_2017,1.6160504202647096e-05,-11.032940304699201,-9.401751912360465
2017-05-19,6.661052090597946e-05,Fold1_2017,4.2031934952678264e-05,-10.077080872588946,-9.616648021332871
2017-05-22,6.30089019981733e-05,Fold1_2017,2.565087696906643e-05,-10.570932797104803,-9.67223453999656
2017-05-23,5.667287308280926e-05,Fold1_2017,4.885100656230198e-06,-12.229320667516982,-9.778214890588794
2017-05-24,4.553079753279084e-05,Fold1_2017,5.429829364159906e-06,-12.123602849160463,-9.997121592127229
2017-05-25,3.813880854012042e-05,Fold1_2017,2.2733719748624704e-05,-10.691661284187338,-10.17427819739583
2017-05-26,3.795936060071934e-05,Fold1_2017,4.2708731587453625e-08,-16.9688624507908,-10.178994428391825
2017-05-30,3.1909417717483496e-05,Fold1_2017,7.554838135041207e-07,-14.095907480341861,-10.35260936549077
2017-05-31,2.87467168298276e-05,Fold1_2017,6.17876953402193e-08,-16.5995615968339,-10.456986994465302
2017-06-01,2.528226957287616e-05,Fold1_2017,6.274068718846806e-05,-9.676500402305587,-10.585407215307292
2017-06-02,3.5092198658019575e-05,Fold1_2017,1.1040434061522593e-05,-11.413946200721323,-10.257531712651252
2017-06-05,3.2559047322876064e-05,Fold1_2017,5.435157904431003e-07,-14.42520707755401,-10.332455276383419
2017-06-06,2.898589371222669e-05,Fold1_2017,1.0253850128170246e-05,-11.487857300647725,-10.448701270036516
2017-06-07,3.109816540187356e-05,Fold1_2017,3.4174053985345705e-06,-12.58662895021365,-10.378361730812536
2017-06-08,2.684340746541142e-05,Fold1_2017,2.4225306445083036e-07,-15.233282936303718,-10.525490299171793
2017-06-09,2.2641636734765864e-05,Fold1_2017,2.3067497134367265e-06,-12.979671074715899,-10.695720013303951
2017-06-12,2.2771906004735776e-05,Fold1_2017,4.216130151143337e-08,-16.981763062425248,-10.689982974552333
2017-06-13,2.0659549084726834e-05,Fold1_2017,2.3795092116145825e-05,-10.646031212159112,-10.787332920032412
2017-06-14,2.4240228032708027e-05,Fold1_2017,1.6093218370173365e-06,-13.339697686949538,-10.627496989517473
2017-06-15,2.3550624469442736e-05,Fold1_2017,3.7103560363876644e-06,-12.504382719268127,-10.656358221104249
2017-06-16,2.4158098303816962e-05,Fold1_2017,4.7734727574497356e-08,-16.857606662551614,-10.630890900586015
2017-06-19,2.0978569449846352e-05,Fold1_2017,6.873128650398619e-05,-9.585306054775387,-10.772009143696213
2017-06-20,3.228059096137265e-05,Fold1_2017,4.578840011940693e-05,-9.991479771425064,-10.341044407376552
2017-06-21,4.236103043509807e-05,Fold1_2017,6.085722826024862e-08,-16.61473523639592,-10.069281711863617
2017-06-22,3.4905668967545914e-05,Fold1_2017,2.053112989868128e-07,-15.398738477968303,-10.262861307346794
2017-06-23,3.0045600360959806e-05,Fold1_2017,1.4241278059083319e-06,-13.46195099766178,-10.412794318319117
2017-06-26,2.4907066918833434e-05,Fold1_2017,4.328915235614343e-07,-14.652778663282845,-10.600358982759277
2017-06-27,2.088598232133459e-05,Fold1_2017,6.542681173059662e-05,-9.634578418214291,-10.776432326343425
2017-06-28,3.6008796399672986e-05,Fold1_2017,7.939905832192371e-05,-9.441024049706908,-10.231747304920043
2017-06-29,4.661418643017811e-05,Fold1_2017,7.793049901506123e-05,-9.459693166753697,-9.973605633329884
2017-06-30,6.0027024663520134e-05,Fold1_2017,3.469499737452554e-06,-12.571500142279803,-9.720715686088118
2017-07-03,4.6877645319693236e-05,Fold1_2017,2.870889349382865e-06,-12.760888698361214,-9.96796964177922
2017-07-05,3.7726756185441566e-05,Fold1_2017,5.332460492128572e-06,-12.141697795511883,-10.185141002095898
2017-07-06,3.2489909181677285e-05,Fold1_2017,8.438705684938322e-05,-9.38009652298755,-10.334581003557185
2017-07-07,4.9277677975791355e-05,Fold1_2017,4.1781140826219974e-05,-10.083065496650484,-9.918039358846885
2017-07-10,5.03410737549286e-05,Fold1_2017,1.1525487182986737e-06,-13.67353479112637,-9.896689238430383
2017-07-11,3.893516899077054e-05,Fold1_2017,5.521729254981341e-07,-14.409404568898424,-10.153612628614178
2017-07-12,3.358742762350905e-05,Fold1_2017,5.6052791418081844e-05,-9.789216607401062,-10.301358738888878
2017-07-13,4.0664645055696184e-05,Fold1_2017,2.818201205484851e-06,-12.779411746935569,-10.110151514879973
2017-07-14,3.342273311503254e-05,Fold1_2017,2.165374139001402e-05,-10.74033230597435,-10.306274257320053
2017-07-17,3.396551368863104e-05,Fold1_2017,1.4976552562134754e-08,-18.016780021381766,-10.290164851377344
2017-07-18,2.8850409952285572e-05,Fold1_2017,2.801299137741371e-07,-15.088012363616787,-10.45338635532653
2017-07-19,2.4026016335216037e-05,Fold1_2017,2.9155099819747795e-05,-10.442880709535158,-10.636373300767875
2017-07-20,2.798258162161809e-05,Fold1_2017,1.9828195878000353e-07,-15.433575784984635,-10.483928326306403
2017-07-21,2.3518008766863243e-05,Fold1_2017,7.936075742054915e-07,-14.04667673691155,-10.657744099790637
2017-07-24,2.2318219447012742e-05,Fold1_2017,5.899846805337746e-08,-16.645754358574784,-10.710107197512626
2017-07-25,2.032581708889071e-05,Fold1_2017,5.894190820412815e-06,-12.04154329880589,-10.80361870216301
2017-07-26,1.9540953736790057e-05,Fold1_2017,1.6388697272026288e-09,-20.229259023441514,-10.842998103083765
2017-07-27,1.772020143454454e-05,Fold1_2017,8.649655809596574e-07,-13.96057612160429,-10.940805245213996
2017-07-28,1.7707462014411604e-05,Fold1_2017,1.3774251977454336e-06,-13.495294600300925,-10.941524424490405
2017-07-31,1.8063482100345335e-05,Fold1_2017,3.2193724677272735e-07,-14.948909196193691,-10.921618221232286
2017-08-01,1.7382920826250534e-05,Fold1_2017,4.9564230553003155e-06,-12.214826235592684,-10.96002239550069
2017-08-02,1.6809621066781216e-05,Fold1_2017,2.3532707080218633e-07,-15.262289499797522,-10.99355915292863
2017-08-03,1.4867928036575173e-05,Fold1_2017,3.77044556711082e-06,-12.488317375925403,-11.116304145696
2017-08-04,1.681755376480307e-05,Fold1_2017,3.31457616479222e-06,-12.61718079625844,-10.993087350096026
2017-08-07,1.5729895178338853e-05,Fold1_2017,3.4505253880487256e-06,-12.576984052124466,-11.059947504721832
2017-08-08,1.4897558963256677e-05,Fold1_2017,6.0707610315875005e-06,-12.01202658487244,-11.114313186403479
2017-08-09,1.7672928135731597e-05,Fold1_2017,1.664157151851493e-09,-20.213947056788335,-10.943476573095918
2017-08-10,1.6148426728554773e-05,Fold1_2017,0.0002020793407290615,-8.506850161792883,-11.033687929229433
2017-08-11,5.5975366929085225e-05,Fold1_2017,2.177039512770365e-06,-13.03754462577535,-9.790598840269405
2017-08-14,4.303714359834321e-05,Fold1_2017,9.730525337048055e-05,-9.237657578755181,-10.053447010522577
2017-08-15,5.52286721872436e-05,Fold1_2017,1.4840413050722621e-08,-18.02591176598788,-9.80402831585306
2017-08-16,4.3380397922493595e-05,Fold1_2017,3.0380823909554045e-06,-12.704284034028284,-10.045502879659402
2017-08-17,3.540911024219142e-05,Fold1_2017,0.00024691569990458893,-8.306463575523848,-10.248541419459421
2017-08-18,7.68075572703646e-05,Fold1_2017,2.4476209337487594e-06,-12.920394052629133,-9.47420752069393
2017-08-21,6.1017268166278194e-05,Fold1_2017,6.124404035607694e-07,-14.30581419957046,-9.70435364915879
2017-08-22,4.5486614824348176e-05,Fold1_2017,0.00010821914466501429,-9.13135226944924,-9.998092454971356
2017-08-23,5.8637236331728724e-05,Fold1_2017,1.290228778686196e-05,-11.258105914502156,-9.744140630900857
2017-08-24,5.391572098925909e-05,Fold1_2017,5.445158242740632e-06,-12.120783739973978,-9.828088453017081
2017-08-25,4.754618796417683e-05,Fold1_2017,5.4451582427406e-06,-12.120783739973984,-9.953808941183913
2017-08-28,3.966723236898022e-05,Fold1_2017,1.6482272808972592e-09,-20.223565501802465,-10.134985092219685
2017-08-29,3.2574223350071575e-05,Fold1_2017,1.309773339573499e-06,-13.545656458947796,-10.33198927713869
2017-08-30,2.6840999398661786e-05,Fold1_2017,2.2338433957046013e-05,-10.709201867181173,-10.525580011134425
2017-08-31,2.9063702216637322e-05,Fold1_2017,3.5976256077029016e-05,-10.232651390525064,-10.4460205088783
2017-09-01,3.352143278593887e-05,Fold1_2017,1.996927028307651e-06,-13.123901044855382,-10.303325539053313
2017-09-05,2.789814521660155e-05,Fold1_2017,5.195550023083207e-05,-9.865122970550264,-10.486950351038528
2017-09-06,3.950834353499281e-05,Fold1_2017,1.1615894382508988e-05,-11.36313619233803,-10.13899867962885
2017-09-07,3.607518800393222e-05,Fold1_2017,1.4797158832821785e-08,-18.02883064536037,-10.229905241843706
2017-09-08,3.0301102858867806e-05,Fold1_2017,1.3817801085919487e-06,-13.492137956282674,-10.404326448128906
2017-09-11,2.796742298098378e-05,Fold1_2017,0.00011256262839901677,-9.092000794337874,-10.48447019010473
2017-09-12,4.4582845932562525e-05,Fold1_2017,1.1324114960930475e-05,-11.388576038794191,-10.018161393269764
2017-09-13,3.9606766725033594e-05,Fold1_2017,2.3035208505467726e-07,-15.28365689392463,-10.136510577406845
2017-09-14,3.176944727313115e-05,Fold1_2017,1.0245195434600731e-07,-16.09387188634772,-10.357005507595252
2017-09-15,2.7592618500348088e-05,Fold1_2017,1.8100289286808412e-06,-13.222167730117665,-10.497962266650696
2017-09-18,2.3528667543414516e-05,Fold1_2017,4.5136828628201375e-06,-12.308397138390559,-10.657290984817612
2017-09-19,2.1690020386031575e-05,Fold1_2017,1.0014782131151024e-06,-13.814033436330682,-10.738658293244349
2017-09-20,1.8569811822621352e-05,Fold1_2017,1.2943251983824092e-07,-15.860106173947583,-10.893973316058577
2017-09-21,1.6549878333963995e-05,Fold1_2017,7.197948942378128e-06,-11.841714441639327,-11.00913180759034
2017-09-22,1.9662251509326087e-05,Fold1_2017,4.017496885104098e-08,-17.030021700655034,-10.836809927456247
2017-09-25,1.759740418728038e-05,Fold1_2017,4.188728289422121e-06,-12.383113380976752,-10.947759156156863
2017-09-26,1.9403728939554903e-05,Fold1_2017,3.629350053136003e-07,-14.82904206743556,-10.850045296986497
2017-09-27,1.678022112090514e-05,Fold1_2017,1.5106676197337321e-05,-11.100373779581075,-10.995309679365725
2017-09-28,1.91022715476289e-05,Fold1_2017,1.4375719480503795e-06,-13.45255501470975,-10.865703300787976
2017-09-29,1.6798035230749373e-05,Fold1_2017,1.2312244798476744e-05,-11.304916278708145,-10.994248628944943
2017-10-02,1.8419123178467247e-05,Fold1_2017,1.8743628913733103e-05,-10.884656654557556,-10.902121129873404
2017-10-03,2.1171541878423945e-05,Fold1_2017,4.570068600459275e-06,-12.295982342129408,-10.76285264228955
2017-10-04,1.969181131085971e-05,Fold1_2017,1.4059804620095876e-06,-13.474775660824852,-10.835307678134352
2017-10-05,1.7116077448110154e-05,Fold1_2017,3.4900156795477116e-05,-10.263019236058904,-10.975492334524512
2017-10-06,2.3015099149070324e-05,Fold1_2017,1.2983032315345914e-06,-13.554452352532548,-10.679360072684782
2017-10-09,2.2183195218409744e-05,Fold1_2017,2.7306596249654584e-06,-12.810967357086557,-10.716175527877825
2017-10-10,2.2402906044029964e-05,Fold1_2017,6.942106763188867e-06,-11.877905261330225,-10.70631987340954
2017-10-11,2.1392038290322103e-05,Fold1_2017,2.464353412893117e-06,-12.913581092020909,-10.752491747669765
2017-10-12,1.893964617269149e-05,Fold1_2017,2.2234655240723356e-06,-13.016443532367797,-10.874253151864925
2017-10-13,1.9485981607957302e-05,Fold1_2017,1.4798309236163453e-06,-13.423582717513995,-10.845815242820889
2017-10-16,1.6956606032148057e-05,Fold1_2017,1.7762284276380559e-06,-13.241018302499459,-10.984853063655407
2017-10-17,1.5145946708362479e-05,Fold1_2017,4.967827494733952e-07,-14.515113030212225,-11.097777605807654
2017-10-18,1.325160209930778e-05,Fold1_2017,9.5665900060272e-07,-13.859818830200222,-11.231392099686145
2017-10-19,1.173934265942496e-05,Fold1_2017,7.49768710825229e-08,-16.406086156537068,-11.352564736663002
2017-10-20,1.102514698501552e-05,Fold1_2017,2.6493976794956025e-05,-10.538593141562933,-11.415331804746037
2017-10-23,1.5893700643479607e-05,Fold1_2017,1.51883782760977e-05,-11.094980009656672,-11.049587713185154
2017-10-24,2.1207197881067813e-05,Fold1_2017,3.082756302364835e-06,-12.689686457800866,-10.761169911219216
2017-10-25,1.8924669401775537e-05,Fold1_2017,2.4626581652104063e-05,-10.61168414344168,-10.87504422765593
2017-10-26,2.6056894909593335e-05,Fold1_2017,1.6688794562182675e-06,-13.303358141046763,-10.555228144955587
2017-10-27,2.1869403559848276e-05,Fold1_2017,6.630502749476015e-05,-9.621244834163805,-10.730421995716611
2017-10-30,3.2157181937705784e-05,Fold1_2017,1.392855599454037e-05,-11.18156943710068,-10.344874743808036
2017-10-31,3.430996901256177e-05,Fold1_2017,2.4240886213886195e-06,-12.930054930446703,-10.280074604254867
2017-11-01,2.8310642249557937e-05,Fold1_2017,1.7456278644253127e-06,-13.25839625933156,-10.472272772783493
2017-11-02,2.3606015194435226e-05,Fold1_2017,1.5082522689062028e-07,-15.707144108290398,-10.654008997289248
2017-11-03,2.0116310442928205e-05,Fold1_2017,1.1110884066572565e-05,-11.407585383529648,-10.813979607136522
2017-11-06,2.056476032799593e-05,Fold1_2017,2.3912851234029444e-06,-12.943679627997492,-10.791931610714208
2017-11-07,1.812168748527315e-05,Fold1_2017,4.839828246292137e-07,-14.54121641716271,-10.918401133359282
2017-11-08,1.7482699008663333e-05,Fold1_2017,2.8877741227132166e-06,-12.75502455234936,-10.954298794126252
2017-11-09,1.5921090742051147e-05,Fold1_2017,1.320746216473089e-05,-11.23472857259265,-11.047865865947074
2017-11-10,2.0597771835161627e-05,Fold1_2017,9.621299107888764e-08,-16.156701445992073,-10.790327651360483
2017-11-13,1.8810405975751874e-05,Fold1_2017,8.646272871342092e-07,-13.960967304796593,-10.881100331909662
2017-11-14,1.5903663579614634e-05,Fold1_2017,5.408167524179136e-06,-12.12760024259926,-11.048961061467033
2017-11-15,1.816377356142051e-05,Fold1_2017,2.5179012944349962e-05,-10.589499730102514,-10.916081411145159
2017-11-16,2.5309553858197743e-05,Fold1_2017,7.166168989055456e-05,-9.543554264303635,-10.5843286106587
2017-11-17,3.5912877862853e-05,Fold1_2017,8.662924387620334e-06,-11.656458203292408,-10.234414611950127
2017-11-20,3.539959333843588e-05,Fold1_2017,2.9073110945537574e-06,-12.748281926442937,-10.248810225505334
2017-11-21,2.9299267824156545e-05,Fold1_2017,4.252976407275533e-05,-10.065306396027655,-10.437948031190118
2017-11-22,3.437620658512884e-05,Fold1_2017,7.838297847745074e-07,-14.05907395142507,-10.27814590193526
2017-11-24,3.016377893612246e-05,Fold1_2017,5.324685772388236e-06,-12.14315685799008,-10.408868726382911
2017-11-27,2.656194087906152e-05,Fold1_2017,2.496612941382883e-07,-15.203160661134088,-10.536031160760038
2017-11-28,2.3667834219860385e-05,Fold1_2017,0.0001018833052766481,-9.191682465538207,-10.651393637574374
2017-11-29,3.863243116268662e-05,Fold1_2017,3.705970956523741e-07,-14.808150360005584,-10.161418448689973
2017-11-30,3.277867939441927e-05,Fold1_2017,7.598468992903754e-05,-9.484978686273516,-10.325732272390598
2017-12-01,4.265851944526581e-05,Fold1_2017,4.316470133225187e-06,-12.353072588505896,-10.062283551447717
2017-12-04,3.869494653472131e-05,Fold1_2017,1.4650189971591858e-06,-13.433642348235164,-10.159801546953071
2017-12-05,3.402535390903188e-05,Fold1_2017,1.2984545286500489e-05,-11.251750731830029,-10.288404608039784
2017-12-06,3.541084701498193e-05,Fold1_2017,3.612306962466689e-08,-17.136334127936948,-10.24849237190678
2017-12-07,2.9045740849055464e-05,Fold1_2017,9.909406354308832e-06,-11.522026115119115,-10.446638699905654
2017-12-08,2.7204713368848536e-05,Fold1_2017,2.9574622857685982e-05,-10.428593900245849,-10.51212031405511
2017-12-11,3.017312526261681e-05,Fold1_2017,9.053526881889097e-06,-11.612356165463956,-10.408558921738697
2017-12-12,2.7783558030008566e-05,Fold1_2017,3.1078775006026136e-06,-12.681570540456157,-10.491066150005468
2017-12-13,2.3833746554291575e-05,Fold1_2017,1.266638082918454e-08,-18.184314532259762,-10.644408059140419
2017-12-14,2.099763822823933e-05,Fold1_2017,1.67634354139199e-05,-10.99631050695105,-10.771100591887487
2017-12-15,2.5768591913776763e-05,Fold1_2017,6.876959473040149e-05,-9.584748847766056,-10.566354175313734
2017-12-18,3.5489484068430575e-05,Fold1_2017,3.9959668760718625e-05,-10.127639893489583,-10.246274128790219
2017-12-19,3.8755220287725965e-05,Fold1_2017,1.4802637696734797e-05,-11.120705170321642,-10.158245094135847
2017-12-20,3.96403180567216e-05,Fold1_2017,2.7530607067098486e-07,-15.105382373929512,-10.13566382490396
2017-12-21,3.336673717205679e-05,Fold1_2017,4.233243359966211e-06,-12.372542106944987,-10.307951047264787
2017-12-22,2.8441600227148455e-05,Fold1_2017,6.829263777485854e-08,-16.4994638686415,-10.467657687834778
2017-12-26,2.4709809492067307e-05,Fold1_2017,1.4325836180136187e-06,-13.456031017974805,-10.608310247743889
2017-12-27,2.3416658505661262e-05,Fold1_2017,2.3662792606205418e-07,-15.256776861673817,-10.662062886931276
2017-12-28,1.976417017002252e-05,Fold1_2017,4.223006694826806e-06,-12.374963196688883,-10.831639846917527
2017-12-29,1.8141399332079663e-05,Fold1_2017,1.4269681365961284e-05,-11.157373455669372,-10.91731397556451
2018-01-02,2.2628941094368417e-05,Fold2_2018,5.08594733010576e-05,-9.886444153882012,-10.696280891531668
2018-01-03,2.995590797788888e-05,Fold2_2018,3.9761656291354826e-05,-10.132607519816306,-10.415783991491043
2018-01-04,3.422412488442732e-05,Fold2_2018,1.7689529535950512e-05,-10.942537645061408,-10.282579756600164
2018-01-05,3.307590114447034e-05,Fold2_2018,4.411395954471627e-05,-10.02873428263654,-10.316705602847774
2018-01-08,3.749222754532233e-05,Fold2_2018,3.3393204465853046e-06,-12.609743230782474,-10.191376911928433
2018-01-09,3.0919492718080535e-05,Fold2_2018,5.109224726006665e-06,-12.18446288228299,-10.384123740651289
2018-01-10,2.6896331433507397e-05,Fold2_2018,2.34422855482711e-06,-12.963554184677381,-10.523520658593325
2018-01-11,2.5692311307895326e-05,Fold2_2018,5.2852306806716895e-05,-9.848009198412939,-10.569318781722655
2018-01-12,3.2765513325168724e-05,Fold2_2018,4.2219436584376266e-05,-10.072629860389744,-10.326134018720253
2018-01-16,3.683376202834426e-05,Fold2_2018,1.172388715164733e-05,-11.353882160575862,-10.20909568696373
2018-01-17,3.7189620609175e-05,Fold2_2018,8.998698441953007e-05,-9.315845515652914,-10.19948085149974
2018-01-18,4.81819909523514e-05,Fold2_2018,2.8285965049820834e-06,-12.77572990396069,-9.940525238419387
2018-01-19,4.1852425989499594e-05,Fold2_2018,2.0601470936126777e-05,-10.790148080051582,-10.081360794023137
2018-01-22,3.9505523056309374e-05,Fold2_2018,6.557960653133226e-05,-9.63224578639297,-10.139070071621328
2018-01-23,4.621723122293993e-05,Fold2_2018,4.497520822091504e-06,-12.311984241428938,-9.98215785921917
2018-01-24,3.763630825907871e-05,Fold2_2018,1.5106526511815106e-07,-15.70555387418585,-10.187541328315548
2018-01-25,3.169114754129726e-05,Fold2_2018,1.7934476514397688e-07,-15.533955821328432,-10.359473173452967
2018-01-26,2.596489394200908e-05,Fold2_2018,0.00013250535749756925,-8.928887479411507,-10.558765165328401
2018-01-29,4.425960811807815e-05,Fold2_2018,4.4241801981416496e-05,-10.025840469630882,-10.025438077468273
2018-01-30,5.104464671505011e-05,Fold2_2018,0.00010629676546962956,-9.149275701398894,-9.882809882416318
2018-01-31,6.775650917734136e-05,Fold2_2018,2.466076260661248e-07,-15.215467321851975,-9.599590026401184
2018-02-01,5.067730657120414e-05,Fold2_2018,1.2899813584420742e-06,-13.560882790515205,-9.890032349716755
2018-02-02,4.2558637141684316e-05,Fold2_2018,0.00048446920490663806,-7.632456689217726,-10.064627735490493
2018-02-05,0.00011482748974231269,Fold2_2018,0.0018251820941277308,-6.3060755193209,-9.072079645058572
2018-02-06,0.00039343146187547143,Fold2_2018,0.00038067116331649847,-7.873574643920963,-7.840603680943051
2018-02-07,0.0003337756627922209,Fold2_2018,2.959018561513281e-05,-10.428067818671094,-8.005041458944538
2018-02-08,0.0002279881227504362,Fold2_2018,0.0014615718884107135,-6.528242786520915,-8.386217023566573
2018-02-09,0.0004048825073754255,Fold2_2018,0.00022230823748044116,-8.411445681988175,-7.811913638192265
2018-02-12,0.00031311458887771956,Fold2_2018,0.00021250661848916939,-8.456537424253439,-8.068941335771019
2018-02-13,0.0002568024910295041,Fold2_2018,6.171845654625351e-06,-11.995512631127742,-8.267203285924861
2018-02-14,0.0001639064729717199,Fold2_2018,0.0001797144349131463,-8.624141439559208,-8.716214579573224
2018-02-15,0.00015643417801175285,Fold2_2018,0.0001607687139990936,-8.735543784831826,-8.762875224240243
2018-02-16,0.00014792861002202015,Fold2_2018,8.588054160786334e-08,-16.270308557390006,-8.818780765291525
2018-02-20,9.84242442906679e-05,Fold2_2018,3.94511447411589e-05,-10.14044749357352,-9.22622339918612
2018-02-21,8.978559174459437e-05,Fold2_2018,2.4865465677606546e-05,-10.602030637736203,-9.318086043807781
2018-02-22,7.938158388459634e-05,Fold2_2018,1.6779375838460884e-06,-13.297945147365493,-9.441244157613705
2018-02-23,5.616473660806701e-05,Fold2_2018,0.00025006596085638393,-8.293785831477047,-9.787221460491512
2018-02-26,9.100971365144556e-05,Fold2_2018,0.00013329299752116937,-8.922960863883612,-9.30454431372162
2018-02-27,9.791947281650788e-05,Fold2_2018,0.00015788469143267997,-8.753645592430725,-9.231365123033093
2018-02-28,0.00011569889768076086,Fold2_2018,0.00010366737796999127,-9.174323073029829,-9.064519451201898
2018-03-01,0.00011760043667781599,Fold2_2018,0.00021453470235820009,-8.447039050125877,-9.048217809259906
2018-03-02,0.0001402270143417817,Fold2_2018,2.6434654741469166e-05,-10.540834729021537,-8.872247917604184
2018-03-05,0.00010652213028720589,Fold2_2018,0.00013206063175422349,-8.932249409366921,-9.14715779827742
2018-03-06,0.0001088059442853964,Fold2_2018,6.4089882577620425e-06,-11.957809137592085,-9.125944590058799
2018-03-07,7.8412716591937e-05,Fold2_2018,1.3428478189971926e-07,-15.823303054061743,-9.453524442333373
2018-03-08,5.837923421516546e-05,Fold2_2018,2.330191982457848e-05,-10.666974804882319,-9.748550309870561
2018-03-09,5.180120588734693e-05,Fold2_2018,0.0002976634038366641,-8.119547227170953,-9.868097129291293
2018-03-12,9.39404961886873e-05,Fold2_2018,1.577497053263528e-06,-13.359671110511533,-9.272848995404845
2018-03-13,7.114659712130933e-05,Fold2_2018,4.203634180816632e-05,-10.076976032674011,-9.550768061398443
2018-03-14,7.1813261281584e-05,Fold2_2018,2.6470924216624868e-05,-10.539463626708624,-9.541441401449484
2018-03-15,6.792176075148868e-05,Fold2_2018,1.1885435008893462e-06,-13.64278194931043,-9.597154092394247
2018-03-16,5.3698957388726545e-05,Fold2_2018,1.1748525938964229e-06,-13.654367870240957,-9.832116972117891
2018-03-19,3.984053252354785e-05,Fold2_2018,0.0001855808375252677,-8.592019989034727,-10.130625758782292
2018-03-20,7.477119792738435e-05,Fold2_2018,2.887569736602373e-06,-12.755095331203712,-9.501077801583076
2018-03-21,5.524836072544965e-05,Fold2_2018,3.69004756574901e-06,-12.509871209548033,-9.803671888134186
2018-03-22,4.7301521736024114e-05,Fold2_2018,0.0006408348122260559,-7.352738837490271,-9.958968090974928
2018-03-23,0.00015439500615482105,Fold2_2018,0.00046420997908579685,-7.675173566970693,-8.775996264453521
2018-03-26,0.00020943296077578633,Fold2_2018,0.000728564995500577,-7.224433718051243,-8.471106866108784
2018-03-27,0.0002745048644224513,Fold2_2018,0.00029440669963145237,-8.130548414468173,-8.200541576142738
2018-03-28,0.00026237608375485617,Fold2_2018,8.756842367563348e-06,-11.64567517832123,-8.245731649275148
2018-03-29,0.00017929538204659282,Fold2_2018,0.00016119624539760827,-8.732888019741111,-8.62647593314168
2018-04-02,0.00016447850917421217,Fold2_2018,0.0004761415747447767,-7.649795322020774,-8.712730639611289
2018-04-03,0.0002183841432872081,Fold2_2018,0.00016219207914973198,-8.726729251324128,-8.429254920725622
2018-04-04,0.00019048679761564288,Fold2_2018,0.0001132605483825835,-9.085819655487551,-8.565927669654034
2018-04-05,0.0001621997190738521,Fold2_2018,6.179449084493722e-05,-9.6916963423782,-8.726682148258247
2018-04-06,0.0001317251241116705,Fold2_2018,0.0005079609884021799,-7.585105907818537,-8.934793199666517
2018-04-09,0.00019969439813883702,Fold2_2018,2.416891628583492e-05,-10.630443201414424,-8.51872236931884
2018-04-10,0.00014374756062405245,Fold2_2018,0.0002488655456399909,-8.298597784689273,-8.847451848002608
2018-04-11,0.00015632893287672255,Fold2_2018,2.762741752879318e-05,-10.496701889600836,-8.763548226492354
2018-04-12,0.0001255461784635877,Fold2_2018,6.7133255322383e-05,-9.608831028378642,-8.982836911186439
2018-04-13,0.00010947528437436498,Fold2_2018,8.627787729208044e-06,-11.660522432288918,-9.119811747660957
2018-04-16,8.669404303139306e-05,Fold2_2018,6.704406458273253e-05,-9.610160474410952,-9.353125384365338
2018-04-17,8.269645656215957e-05,Fold2_2018,0.00011324317195183562,-9.085973087234777,-9.400333803743035
2018-04-18,8.891977742903552e-05,Fold2_2018,5.476416839515861e-07,-14.417644625261206,-9.327775971918696
2018-04-19,6.27299070475101e-05,Fold2_2018,3.094656973966022e-05,-10.38324839729718,-9.676672237643583
2018-04-20,6.293068074918457e-05,Fold2_2018,7.251417722569785e-05,-9.531728467279992,-9.673476742921816
2018-04-23,7.312570143927685e-05,Fold2_2018,2.254127702382498e-08,-17.60791767404681,-9.523330660126268
2018-04-24,5.4934640045171024e-05,Fold2_2018,0.0001838369033205885,-8.601461588432436,-9.80936644220987
2018-04-25,8.743089573302724e-05,Fold2_2018,6.094470640172988e-06,-12.008128650292104,-9.344661839678956
2018-04-26,6.559440809954882e-05,Fold2_2018,0.00010230003116902155,-9.187600580324222,-9.632020108032496
2018-04-27,7.413780934554765e-05,Fold2_2018,8.797798136400667e-07,-13.943594172554999,-9.509584908216024
2018-04-30,5.310192820074289e-05,Fold2_2018,5.959922692868789e-05,-9.727867954972265,-9.843297317743977
2018-05-01,6.263531360432496e-05,Fold2_2018,3.1518113155845803e-06,-12.667533249567354,-9.678181323826259
2018-05-02,4.7619482546499706e-05,Fold2_2018,4.543038922475786e-05,-9.999329310658503,-9.952268583270776
2018-05-03,5.5123425973348494e-05,Fold2_2018,4.867982402966935e-06,-12.232830997683871,-9.805935778376387
2018-05-04,4.800678796890857e-05,Fold2_2018,0.00016547958781026504,-8.706662707247594,-9.944168141035757
2018-05-07,7.051379300967086e-05,Fold2_2018,1.1406056412614518e-05,-11.38136607937029,-9.559702221754895
2018-05-08,5.691806850633363e-05,Fold2_2018,0.0,,-9.773897718798109
2018-05-09,4.4026811487609166e-05,Fold2_2018,9.2532877135045e-05,-9.287946548108664,-10.030711757634435
2018-05-10,5.547063142233866e-05,Fold2_2018,8.662141626170232e-05,-9.353963472026278,-9.7996568408298
2018-05-11,6.348816203770159e-05,Fold2_2018,9.282446694531096e-06,-11.58738539348844,-9.664657094047978
2018-05-14,5.13065393490708e-05,Fold2_2018,2.2691285191652647e-07,-15.298699805440187,-9.877692341220065
2018-05-15,3.921735382490621e-05,Fold2_2018,4.775836947668612e-05,-9.949356229398092,-10.146391209515466
2018-05-16,4.890671656601953e-05,Fold2_2018,1.7605798751029177e-05,-10.947282235694674,-9.925595817827185
2018-05-17,4.3917366460273266e-05,Fold2_2018,7.133847897787028e-07,-14.153244884996454,-10.033200724758588
2018-05-18,3.6933420180474324e-05,Fold2_2018,6.266079048167315e-06,-11.980359750102531,-10.206393720865078
2018-05-21,3.547522606033362e-05,Fold2_2018,5.610632809718185e-05,-9.788261951490828,-10.246675962554155
2018-05-22,4.212664006954852e-05,Fold2_2018,7.751879137954859e-06,-11.767575274576446,-10.074830236647887
2018-05-23,4.002749256668435e-05,Fold2_2018,7.548870442309986e-06,-11.794112616186144,-10.125944025775437
2018-05-24,3.421777421786663e-05,Fold2_2018,4.2056593857394544e-06,-12.379079466906605,-10.28276533492754
2018-05-25,3.241576224547396e-05,Fold2_2018,5.690558562334127e-06,-12.076702149031638,-10.336865764405589
2018-05-29,3.176215260531921e-05,Fold2_2018,0.00013380705289182073,-8.919111699463416,-10.357235146636546
2018-05-30,5.8780724595264754e-05,Fold2_2018,0.00017572786386595477,-8.64657398760472,-9.741696569807823
2018-05-31,8.086337067747046e-05,Fold2_2018,3.775580639075813e-05,-10.184371282421331,-9.4227496092696
2018-06-01,7.794639586583904e-05,Fold2_2018,9.544991397629097e-05,-9.256908909036602,-9.459489200016419
2018-06-04,8.201320653914926e-05,Fold2_2018,2.2469194476502344e-05,-10.703365321252418,-9.408630268312564
2018-06-05,6.847343409500488e-05,Fold2_2018,5.289516045482124e-07,-14.452368894059088,-9.589064711349636
2018-06-06,5.0015509239505925e-05,Fold2_2018,6.931833060518349e-05,-9.576801175847947,-9.903177415843366
2018-06-07,5.6060969706862506e-05,Fold2_2018,1.1772486913664841e-08,-18.257500645413508,-9.78907071471647
2018-06-08,4.370931312361227e-05,Fold2_2018,8.715967149406311e-06,-11.650353909887821,-10.037949363611693
2018-06-11,3.727835330247991e-05,Fold2_2018,1.766451460805524e-06,-13.246537848132697,-10.197097740193271
2018-06-12,2.9427745912146182e-05,Fold2_2018,1.6683784738425794e-06,-13.303658376982941,-10.43357259015247
2018-06-13,2.3782985804881503e-05,Fold2_2018,1.0216642061965884e-05,-11.491492592543516,-10.64654011508477
2018-06-14,2.6698212434486452e-05,Fold2_2018,6.323742857025939e-06,-11.971199300888097,-10.530913944818558
2018-06-15,2.3948375994792977e-05,Fold2_2018,1.6292252265655e-06,-13.327405977271958,-10.639610044557033
2018-06-18,2.3002476676680744e-05,Fold2_2018,4.239137643678167e-06,-12.37115069533109,-10.679908666237557
2018-06-19,2.3735382626795532e-05,Fold2_2018,1.4746861881923918e-05,-11.124480251581609,-10.648543685307466
2018-06-20,2.8083269885471063e-05,Fold2_2018,2.9046761778640746e-06,-12.749188644488486,-10.480336536673525
2018-06-21,2.3514305059884596e-05,Fold2_2018,3.954374071031652e-05,-10.138103138972907,-10.657901596060114
2018-06-22,3.400579929275364e-05,Fold2_2018,3.31812573187578e-06,-12.61611047303942,-10.288979480459153
2018-06-25,2.7999447037789955e-05,Fold2_2018,0.000187864111823729,-8.57979166593527,-10.483325796634436
2018-06-26,6.551180455043072e-05,Fold2_2018,4.891294308795765e-06,-12.228053604675033,-9.633280209417148
2018-06-27,5.041067194668931e-05,Fold2_2018,6.920402896587352e-05,-9.578451474985293,-9.89530766032776
2018-06-28,6.238272605136307e-05,Fold2_2018,3.250613911716997e-05,-10.334081590554247,-9.68222214701226
2018-06-29,5.7557951593720324e-05,Fold2_2018,2.069074867923835e-06,-13.088408974295456,-9.76271826390079
2018-07-02,4.351307078195755e-05,Fold2_2018,4.561424516742718e-06,-12.297875589200306,-10.042449187257882
2018-07-03,3.5473093397586286e-05,Fold2_2018,1.2512107010770565e-05,-11.288813821546793,-10.246736081321288
2018-07-05,3.670976814736576e-05,Fold2_2018,6.601113474374477e-05,-9.625687121928927,-10.212467676265023
2018-07-06,4.498845297216949e-05,Fold2_2018,7.093946043519777e-05,-9.553683714579527,-10.009104701739982
2018-07-09,5.2470757280232626e-05,Fold2_2018,8.035278837525743e-05,-9.429083763517202,-9.855254547737202
2018-07-10,5.995937273438199e-05,Fold2_2018,1.2903661266223629e-05,-11.257999467778562,-9.721843346185832
2018-07-11,5.0167699910862106e-05,Fold2_2018,5.389679192841422e-05,-9.828439600774,-9.900139166425744
2018-07-12,5.892838911016972e-05,Fold2_2018,8.145275948704506e-05,-9.415487343968387,-9.739187595137667
2018-07-13,6.511391795448392e-05,Fold2_2018,6.199178308939754e-07,-14.293678898506426,-9.639372238136662
2018-07-16,4.7586243507942924e-05,Fold2_2018,8.00424520389446e-07,-14.038123599536858,-9.952966840429978
2018-07-17,3.957132096703216e-05,Fold2_2018,1.6297005568974013e-05,-11.024529174452741,-10.13740592008062
2018-07-18,3.669325778807425e-05,Fold2_2018,4.416551428270738e-06,-12.330151386252833,-10.212917531277387
2018-07-19,3.0507777686762228e-05,Fold2_2018,1.4278937065284096e-05,-11.156725039027467,-10.397528900736091
2018-07-20,3.3418279329874556e-05,Fold2_2018,1.307538491473748e-06,-13.547364202454993,-10.30640752236203
2018-07-23,2.990176949247331e-05,Fold2_2018,3.450396263752311e-06,-12.577021474458162,-10.417592898968444
2018-07-24,2.5169083200642538e-05,Fold2_2018,2.519367714174585e-05,-10.58891750200292,-10.589894173769563
2018-07-25,2.773850833965311e-05,Fold2_2018,7.202301493989875e-05,-9.538524838082978,-10.49268891742704
2018-07-26,3.852486832482877e-05,Fold2_2018,5.5791429837367995e-06,-12.09647538051071,-10.164206594678829
2018-07-27,3.630464414784327e-05,Fold2_2018,4.6227059019904886e-05,-9.981945238256293,-10.223564886919716
2018-07-30,4.6157459415124946e-05,Fold2_2018,2.7435822427384595e-05,-10.503661010596847,-9.98345197594625
2018-07-31,4.937877937223326e-05,Fold2_2018,2.418652570720089e-05,-10.629714868824808,-9.915989793424588
2018-08-01,4.597948310260319e-05,Fold2_2018,2.795979686080763e-06,-12.787327998969332,-9.987315280480093
2018-08-02,4.014033537324605e-05,Fold2_2018,2.9517205889530125e-05,-10.430537214150414,-10.123128859542643
2018-08-03,4.040715669463312e-05,Fold2_2018,1.8277934611204385e-05,-10.909815984579664,-10.116503642778893
2018-08-06,3.7822521270557695e-05,Fold2_2018,1.3402476260412184e-05,-11.220071072526855,-10.182605831949163
2018-08-07,3.4519183157845084e-05,Fold2_2018,1.0869169401017157e-05,-11.429580271800646,-10.273995354895614
2018-08-08,3.1283121086613276e-05,Fold2_2018,1.7654723648061286e-07,-15.549677367593914,-10.372431868280955
2018-08-09,2.6915919154901492e-05,Fold2_2018,1.869475349318943e-06,-13.18985272832415,-10.522792656250177
2018-08-10,2.5445145079062348e-05,Fold2_2018,4.519602364497249e-05,-10.004501447452252,-10.578985596267014
2018-08-13,3.6777618393605126e-05,Fold2_2018,1.406616367125694e-05,-11.171738384197266,-10.210621093641443
2018-08-14,3.819097396256752e-05,Fold2_2018,4.045794622731547e-05,-10.115247488083588,-10.172911353973557
2018-08-15,4.123327619613624e-05,Fold2_2018,5.6181506329075045e-05,-9.786922924097341,-10.096264952938954
2018-08-16,5.215891596287001e-05,Fold2_2018,6.494141261375049e-05,-9.6420250389276,-9.861215423482282
2018-08-17,5.68352327380939e-05,Fold2_2018,1.2348921135734587e-05,-11.301941856136569,-9.775354129855646
2018-08-20,4.7734160068393416e-05,Fold2_2018,4.570189849629978e-06,-12.295955811332414,-9.94986327238725
2018-08-21,3.8289955955720594e-05,Fold2_2018,5.4886075673487365e-06,-12.112835965332266,-10.170322942757252
2018-08-22,3.208727466053988e-05,Fold2_2018,3.5322283911362657e-07,-14.85616670690508,-10.34705103444723
2018-08-23,2.7814074031683146e-05,Fold2_2018,1.7645006976537e-06,-13.24764279844794,-10.48996840524162
2018-08-24,2.6031163814213576e-05,Fold2_2018,3.600752275872816e-05,-10.23178267581819,-10.55621612946118
2018-08-27,3.058416495501139e-05,Fold2_2018,6.184071300802087e-05,-9.690948623867667,-10.395028168077927
2018-08-28,3.907778760283416e-05,Fold2_2018,2.336233668799429e-07,-15.269555561543141,-10.149956344397479
2018-08-29,3.072499617178713e-05,Fold2_2018,2.8793571839681185e-05,-10.455358395746273,-10.390434027108208
2018-08-30,3.2875773307950484e-05,Fold2_2018,1.6453990843905737e-05,-11.014942505683855,-10.3227745450677
2018-08-31,3.590023471887943e-05,Fold2_2018,1.1632787494831339e-09,-20.572023310716045,-10.234766724361068
2018-09-04,2.935809230768287e-05,Fold2_2018,2.970441153964391e-06,-12.7268000794918,-10.435942332225345
2018-09-05,2.79856279189868e-05,Fold2_2018,7.264743882582723e-06,-11.832477515165278,-10.483819468174378
2018-09-06,2.891150128277295e-05,Fold2_2018,9.08640582344071e-06,-11.608731126927086,-10.451271073752213
2018-09-07,3.0305252680022998e-05,Fold2_2018,3.783733612088626e-06,-12.484799307749396,-10.40418950469699
2018-09-10,2.910496689945228e-05,Fold2_2018,3.0174714223514477e-06,-12.711091354657038,-10.44460171452168
2018-09-11,2.432026836649161e-05,Fold2_2018,1.0836773637719519e-05,-11.432565241151554,-10.624200466120792
2018-09-12,2.3529717976422477e-05,Fold2_2018,5.8686559852646476e-08,-16.651055099656464,-10.657246340999235
2018-09-13,2.000528564498669e-05,Fold2_2018,3.477349220822694e-05,-10.266655179592922,-10.81951403707735
2018-09-14,2.5259486435602335e-05,Fold2_2018,2.9619478370359686e-08,-17.334833638985675,-10.586308772380741
2018-09-17,2.1394346977606e-05,Fold2_2018,2.818394293797565e-05,-10.476758141552152,-10.7523838307578
2018-09-18,2.9394956607714158e-05,Fold2_2018,2.92862516473634e-05,-10.43839237911516,-10.434687442290286
2018-09-19,3.189432177265382e-05,Fold2_2018,1.1343632542067294e-06,-13.689439073965113,-10.353082564874756
2018-09-20,2.5114136116449625e-05,Fold2_2018,6.514607990682213e-05,-9.638878426475065,-10.592079678469146
2018-09-21,3.4928721417453826e-05,Fold2_2018,8.35318883767757e-07,-13.995452288271698,-10.262201103953648
2018-09-24,3.0453067872606588e-05,Fold2_2018,1.107350560840847e-05,-11.410955184915473,-10.3993238177305
2018-09-25,3.218623220915874e-05,Fold2_2018,8.619982117898853e-07,-13.964012640774563,-10.343971767992656
2018-09-26,2.8470903008362665e-05,Fold2_2018,8.977612701329819e-06,-11.620776557170606,-10.466627939286122
2018-09-27,2.9854551837091003e-05,Fold2_2018,7.782857566452928e-06,-11.763586990751561,-10.419173239396327
2018-09-28,2.6769190068718964e-05,Fold2_2018,1.0782437578808004e-08,-18.345347176543825,-10.52825895607391
2018-10-01,2.260689196819905e-05,Fold2_2018,1.2027255092334488e-05,-11.328335225888619,-10.697255743830068
2018-10-02,2.2468343799425315e-05,Fold2_2018,3.4002716704468697e-07,-14.894240319455676,-10.70340318167423
2018-10-03,2.0528938885519048e-05,Fold2_2018,3.012487423847012e-07,-15.015329526806854,-10.793675014313086
2018-10-04,1.7269893364513466e-05,Fold2_2018,6.156597279843817e-05,-9.695401229683906,-10.966545840433119
2018-10-05,3.241913572889342e-05,Fold2_2018,3.15015479865956e-05,-10.36547387090853,-10.336761700590332
2018-10-08,3.9267053897976104e-05,Fold2_2018,0.0,,-10.145124713885183
2018-10-09,3.170076609530497e-05,Fold2_2018,2.132937672283662e-06,-13.058010339584758,-10.359169710328736
2018-10-10,2.9092973580618192e-05,Fold2_2018,0.0010352603371848893,-6.8731023503820845,-10.445013870653149
2018-10-11,0.0002529764912223787,Fold2_2018,0.0004960758614694086,-7.608781696423567,-8.28221399362374
2018-10-12,0.0002831862497148177,Fold2_2018,0.0001902440218992548,-8.567202984059115,-8.169405750590345
2018-10-15,0.00023237723037654158,Fold2_2018,3.172674979874319e-05,-10.358350390684084,-8.367148513791035
2018-10-16,0.00017109855289622916,Fold2_2018,0.0004678446916709014,-7.667374172526874,-8.67327083475105
2018-10-17,0.00020739541124912875,Fold2_2018,3.1859808599113505e-08,-17.261920540043334,-8.480883387538352
2018-10-18,0.00013338141659122613,Fold2_2018,0.00021159007590204786,-8.460859759353857,-8.922297740099568
2018-10-19,0.00015108575617184245,Fold2_2018,2.947047960310545e-07,-15.037291673052682,-8.797662960687997
2018-10-22,0.00010359522958256701,Fold2_2018,2.0241458648549137e-05,-10.807777648525692,-9.175019275699382
2018-10-23,8.732925994012443e-05,Fold2_2018,2.6046908670745243e-05,-10.55561146587591,-9.345824985866027
2018-10-24,7.848989195437914e-05,Fold2_2018,0.0009466003025831398,-6.96263362083959,-9.452540706379192
2018-10-25,0.00022732770405701187,Fold2_2018,0.0003161773623300123,-8.059207228636007,-8.389117951308068
2018-10-26,0.00022352308602853772,Fold2_2018,0.0003148461485254818,-8.063426455832683,-8.405995856052462
2018-10-29,0.0002322921817082578,Fold2_2018,3.0865282512446884e-05,-10.385878548995008,-8.367514574766952
2018-10-30,0.00017368575900785,Fold2_2018,0.0002163830920353591,-8.438460146967962,-8.658262874216144
2018-10-31,0.00017073048599213777,Fold2_2018,0.00011286528848472292,-9.089315587716202,-8.675424350131339
2018-11-01,0.00014912942146424956,Fold2_2018,0.00011205589390314996,-9.09651275844787,-8.810696028602663
2018-11-02,0.0001346600209976466,Fold2_2018,3.528946722511525e-05,-10.25192601744078,-8.912757318916315
2018-11-05,0.00011391934524848532,Fold2_2018,3.0270592871993276e-05,-10.405333848997799,-9.080019857784775
2018-11-06,9.17087906370972e-05,Fold2_2018,3.978564422600825e-05,-10.132004408579983,-9.296892320296449
2018-11-07,7.956666691879634e-05,Fold2_2018,0.0004487313318523724,-7.709086219356078,-9.438915310118814
2018-11-08,0.00013753097177709997,Fold2_2018,3.2991522931967507e-06,-12.621845003340846,-8.891661416934461
2018-11-09,0.0001013640904293462,Fold2_2018,9.635923507040703e-05,-9.247427318497275,-9.196791667306433
2018-11-12,0.00010669903211884564,Fold2_2018,0.00035578357142155106,-7.941187957431089,-9.145498470748826
2018-11-13,0.00015564120603489133,Fold2_2018,3.5075334419579756e-06,-12.560597490601,-8.767957161003032
2018-11-14,0.00011290303358770215,Fold2_2018,4.706001855040559e-05,-9.96408678047887,-9.088981217482289
2018-11-15,0.00010320005927073929,Fold2_2018,0.00010779990396632924,-9.135233790340152,-9.178841130588108
2018-11-16,0.00010259980394619209,Fold2_2018,6.7435684477096905e-06,-11.906921329865332,-9.184674536085259
2018-11-19,7.581384422935026e-05,Fold2_2018,0.00029100607627909476,-8.142166410326606,-9.48722964044473
2018-11-20,0.00012130526066692228,Fold2_2018,0.000348936001970263,-7.960622028020552,-9.01720037389514
2018-11-21,0.00016556147191036435,Fold2_2018,1.1573983178458642e-05,-11.366750808204158,-8.706168000628189
2018-11-23,0.0001179806664775928,Fold2_2018,4.490756032947203e-05,-10.010904395887922,-9.044989790332638
2018-11-26,0.00010625140182928466,Fold2_2018,0.0002564974529018898,-8.268391823609813,-9.149702556559399
2018-11-27,0.0001297393808286255,Fold2_2018,1.1281681584162034e-05,-11.392330246395066,-8.949982882592282
2018-11-28,9.568030790610475e-05,Fold2_2018,0.0005181985385846748,-7.565152110016476,-9.254498049684932
2018-11-29,0.00015909754122281334,Fold2_2018,4.784766331382705e-06,-12.250073367818587,-8.745993077027737
2018-11-30,0.00011689247617458225,Fold2_2018,3.6928876355681324e-05,-10.206516755891387,-9.054256052767256
2018-12-03,9.660845129057579e-05,Fold2_2018,0.00017304012666272456,-8.661987044334506,-9.244844333092528
2018-12-04,0.00010939906189756665,Fold2_2018,0.0010849767580955517,-6.82619671332924,-9.120508242989697
2018-12-06,0.00026615575683675805,Fold2_2018,2.305293764699532e-06,-12.980302442911997,-8.231428868533376
2018-12-07,0.0001793713826802421,Fold2_2018,0.0005527213220818072,-7.5006566218308,-8.626052137896282
2018-12-10,0.00024126872521793876,Fold2_2018,3.591540288045158e-06,-12.536929397884794,-8.329599203273576
2018-12-11,0.00015889283024817102,Fold2_2018,5.163681255703881e-08,-16.779030997175106,-8.747280606596478
2018-12-12,0.00010890513688120589,Fold2_2018,2.5227403478192145e-05,-10.587579714670259,-9.125033358511542
2018-12-13,8.79781841531843e-05,Fold2_2018,1.1488139661104081e-07,-15.979365574590862,-9.338421681570352
2018-12-14,6.573948734206043e-05,Fold2_2018,0.00034735671137335714,-7.965158319367141,-9.629810788023585
2018-12-17,0.000122279205428412,Fold2_2018,0.00039256490648235503,-7.842808667579373,-9.009203558931251
2018-12-18,0.0001735895596703003,Fold2_2018,1.2034136403942652e-06,-13.630348339344671,-8.658816897694555
2018-12-19,0.0001232642093847547,Fold2_2018,0.00022768242095765742,-8.387558790520192,-9.001180462560956
2018-12-20,0.00014806544240019472,Fold2_2018,0.0002693523221225471,-8.219490287666254,-8.817856203552516
2018-12-21,0.00017372844654243852,Fold2_2018,0.0004285845182697215,-7.755022597206407,-8.65801712989066
2018-12-24,0.0002185141420523807,Fold2_2018,0.0007170829219645396,-7.240319072776239,-8.428659822171237
2018-12-26,0.0002954188167524942,Fold2_2018,0.0024295032295761207,-6.020068474802007,-8.127116490665866
2018-12-27,0.0005705072871839648,Fold2_2018,5.8489815335138206e-05,-9.746657915718322,-7.468984615415125
2018-12-28,0.0003783327286242124,Fold2_2018,1.6659599329552644e-06,-13.305109064355605,-7.879736515068258
2018-12-31,0.0002446775752530679,Fold2_2018,7.605320137511283e-05,-9.484077444482736,-8.31556923350877
2019-01-02,0.00019129259243134654,Fold3_2019,1.080837147633855e-06,-13.737774680393429,-8.561706404529442
2019-01-03,0.0001259399722241861,Fold3_2019,0.0005833265050542325,-7.446763485404651,-8.979705175451691
2019-01-04,0.00021020583721602265,Fold3_2019,0.001085505792106034,-6.825709232772523,-8.46742333008767
2019-01-07,0.00032904701246382236,Fold3_2019,6.168100745174427e-05,-9.69353449531885,-8.019309922380609
2019-01-08,0.00024167521263379635,Fold3_2019,8.744997001910669e-05,-9.344443699334407,-8.327915829780347
2019-01-09,0.0001942434459038363,Fold3_2019,2.1740754356185612e-05,-10.736321977876628,-8.546398309806532
2019-01-10,0.00014298232866907472,Fold3_2019,1.240064157626697e-05,-11.297762346670222,-8.852789511081214
2019-01-11,0.00010588097574899924,Fold3_2019,1.4916312939946539e-07,-15.718225301703917,-9.15319496503583
2019-01-14,7.554600162261731e-05,Fold3_2019,3.745075611458686e-05,-10.192483658229243,-9.490768794238122
2019-01-15,7.494287882107848e-05,Fold3_2019,0.0001298612221847973,-8.949044199371182,-9.498784350323513
2019-01-16,8.697798757014277e-05,Fold3_2019,5.840354928331218e-06,-12.050718987571708,-9.349855487758889
2019-01-17,6.593896388718589e-05,Fold3_2019,5.712680249571558e-05,-9.770237155712206,-9.626781033407653
2019-01-18,6.62805189108017e-05,Fold3_2019,0.00017482893118954529,-8.651702598200474,-9.621614536365923
2019-01-22,8.74369050649172e-05,Fold3_2019,0.00018503585477727108,-8.594960942057734,-9.344593109679895
2019-01-23,0.00011464933723487294,Fold3_2019,4.3693998869826716e-06,-12.34088488392006,-9.073632329445731
2019-01-24,8.321445043006357e-05,Fold3_2019,2.823358860804129e-07,-15.080168389396212,-9.394089542164618
2019-01-25,6.080694476386742e-05,Fold3_2019,7.099466291304006e-05,-9.552905853987255,-9.707806552425188
2019-01-28,6.521565589163932e-05,Fold3_2019,5.820622610507498e-05,-9.751518231198164,-9.637810996818697
2019-01-29,7.242069687410228e-05,Fold3_2019,1.7632797766359892e-06,-13.248334973641581,-9.53301843099837
2019-01-30,5.844076762001368e-05,Fold3_2019,0.00024670032705410063,-8.30733620871399,-9.747496835986425
2019-01-31,9.183517930140566e-05,Fold3_2019,7.64602626799859e-05,-9.478739394180252,-9.295515116955718
2019-02-01,8.958683671453847e-05,Fold3_2019,2.3176220956773767e-07,-15.27755394966928,-9.320302160444063
2019-02-04,6.522676125334317e-05,Fold3_2019,4.915662551118324e-05,-9.920498918600849,-9.637640724571773
2019-02-05,6.407619824570725e-05,Fold3_2019,1.7494536488260188e-05,-10.953621926450428,-9.655437585214672
2019-02-06,5.510678377063901e-05,Fold3_2019,1.7390926697705213e-06,-13.26214703489721,-9.80623773194927
2019-02-07,4.6338138965674264e-05,Fold3_2019,9.175187032882081e-05,-9.2964226861821,-9.979545200196485
2019-02-08,6.410731968728381e-05,Fold3_2019,1.4906409261569586e-06,-13.41630437871247,-9.65495200886773
2019-02-11,4.783565982344651e-05,Fold3_2019,3.0706990395607677e-07,-14.996190415096306,-9.9477391751915
2019-02-12,3.7041513076088126e-05,Fold3_2019,0.00016326281167659143,-8.720149314010522,-10.203471299234229
2019-02-13,6.0785103972939445e-05,Fold3_2019,1.0509374363256866e-05,-11.463242902605884,-9.70816579945474
2019-02-14,5.042034588889991e-05,Fold3_2019,4.930604899762271e-06,-12.220048879715883,-9.895115776075317
2019-02-15,4.522483433842668e-05,Fold3_2019,0.00011746195918647319,-9.04939602840341,-10.003864189742655
2019-02-19,6.058217689962307e-05,Fold3_2019,2.990540881205579e-06,-12.720056290197245,-9.711509818715276
2019-02-20,4.6665699331356646e-05,Fold3_2019,4.054512165944063e-06,-12.415680181963499,-9.972501152851706
2019-02-21,3.760197078218185e-05,Fold3_2019,1.2691136145405467e-05,-11.274606749480805,-10.188454094522283
2019-02-22,3.8744380430516164e-05,Fold3_2019,3.820696514922658e-05,-10.172492725223135,-10.158524833829471
2019-02-25,4.128745449766244e-05,Fold3_2019,1.8499005649012494e-06,-13.200378669020582,-10.094951869333048
2019-02-26,3.245971411725789e-05,Fold3_2019,5.120939658845846e-07,-14.484757701627615,-10.335510803148347
2019-02-27,2.8576848514287596e-05,Fold3_2019,1.8473265867545453e-07,-15.504356145255892,-10.462913660461876
2019-02-28,2.5111762332514383e-05,Fold3_2019,3.4753184698736094e-06,-12.569824437139964,-10.592174202768772
2019-03-01,2.5098599664735615e-05,Fold3_2019,3.874421397396206e-05,-10.158529130114761,-10.592698503632446
2019-03-04,3.0204593308375917e-05,Fold3_2019,1.3279064210433314e-05,-11.229321882480667,-10.407516548845082
2019-03-05,3.2999331479625324e-05,Fold3_2019,1.8524860041042485e-06,-13.198982034944116,-10.319023254896166
2019-03-06,3.0238027816351464e-05,Fold3_2019,3.691546229635139e-05,-10.206880062265913,-10.406410226492955
2019-03-07,3.914596444844024e-05,Fold3_2019,7.056878457425816e-05,-9.558922656080465,-10.148213220062962
2019-03-08,5.381370796536423e-05,Fold3_2019,4.006727142737552e-06,-12.427535823777948,-9.829982328355996
2019-03-11,4.705989988141689e-05,Fold3_2019,0.00020727494523887867,-8.481464408157523,-9.964089302134026
2019-03-12,7.614211355421062e-05,Fold3_2019,1.4167932240300553e-05,-11.16452944008266,-9.482909048605979
2019-03-13,6.236431310906737e-05,Fold3_2019,4.352656055586382e-05,-10.042139218711212,-9.682517351492516
2019-03-14,6.060269049572904e-05,Fold3_2019,4.0943884383251393e-07,-14.708478288316485,-9.71117126825526
2019-03-15,4.864750926815439e-05,Fold3_2019,2.428484799216616e-05,-10.625657941516353,-9.930909947597558
2019-03-18,4.574205915375493e-05,Fold3_2019,1.3099218001923182e-05,-11.242958024048637,-9.992492351717559
2019-03-19,4.0422223942600785e-05,Fold3_2019,6.158841662484324e-08,-16.602792025893507,-10.116130826656255
2019-03-20,3.249075623336388e-05,Fold3_2019,9.088907138509231e-06,-11.60845588378937,-10.334554932673447
2019-03-21,3.3385043060456445e-05,Fold3_2019,0.0001261463649965161,-8.978067698222876,-10.307402570840793
2019-03-22,5.176090752644647e-05,Fold3_2019,0.00037768121963848697,-7.881460052440822,-9.868875374570498
2019-03-25,0.0001172813175231676,Fold3_2019,5.65604735780174e-07,-14.385370349378992,-9.05093508589204
2019-03-26,8.649988194629936e-05,Fold3_2019,5.515067605790471e-05,-9.805441553810347,-9.355367508810039
2019-03-27,8.095311824819907e-05,Fold3_2019,2.748535905256357e-05,-10.50185709315453,-9.421640357912993
2019-03-28,7.61852057973866e-05,Fold3_2019,1.4313097233211796e-05,-11.154335549435741,-9.48234326376175
2019-03-29,6.252076800245746e-05,Fold3_2019,3.95095356439154e-05,-10.138968506484872,-9.680011768378042
2019-04-01,5.9813606782242234e-05,Fold3_2019,0.00013899823752404987,-8.881049304597065,-9.724277384725983
2019-04-02,7.608196528958155e-05,Fold3_2019,2.3948664519704505e-07,-15.244768182831594,-9.48369930817879
2019-04-03,5.639102662767307e-05,Fold3_2019,2.472540530734182e-06,-12.910264380971492,-9.783200514464603
2019-04-04,4.335724083892645e-05,Fold3_2019,7.021445696280788e-06,-11.866541421488073,-10.046036836646195
2019-04-05,3.65073065527788e-05,Fold3_2019,2.331458287022069e-05,-10.66643151891183,-10.21799813788089
2019-04-08,3.6195406741332253e-05,Fold3_2019,5.807655838521597e-07,-14.358918631644451,-10.226578332781763
2019-04-09,2.847764269164716e-05,Fold3_2019,2.6397348039032617e-05,-10.542247005924697,-10.466391245504635
2019-04-10,3.527937473676912e-05,Fold3_2019,1.1593261831680961e-05,-11.365086505205344,-10.252212049863429
2019-04-11,3.214452626311419e-05,Fold3_2019,7.692987669363608e-08,-16.38037152231533,-10.345268377977614
2019-04-12,2.7485904628007874e-05,Fold3_2019,4.5464550263338364e-05,-9.998577650766736,-10.501837243676539
2019-04-15,3.3497902228773837e-05,Fold3_2019,4.289782387952527e-07,-14.661859644723963,-10.304027741130572
2019-04-16,2.9218964845921925e-05,Fold3_2019,4.289782387952667e-07,-14.66185964472393,-10.440692578486837
2019-04-17,2.3674295961441112e-05,Fold3_2019,6.000884400820822e-06,-12.023603699461749,-10.651120656971427
2019-04-18,2.511027997553547e-05,Fold3_2019,3.869145510836073e-06,-12.462476873535675,-10.592233234895353
2019-04-22,2.1725883649934698e-05,Fold3_2019,7.430967886609773e-07,-14.11243953333589,-10.737006213304683
2019-04-23,1.781679700392905e-05,Fold3_2019,8.013364556031338e-05,-9.431814747635578,-10.935368893719666
2019-04-24,3.077006558418238e-05,Fold3_2019,4.9374128037684845e-06,-12.21866908788923,-10.388968237199954
2019-04-25,3.0327292093893282e-05,Fold3_2019,3.8015527885357856e-07,-14.782686039129844,-10.40346252169065
2019-04-26,2.6776046790421292e-05,Fold3_2019,2.158761680300006e-05,-10.743390703828636,-10.528002846580629
2019-04-29,2.8062770617302358e-05,Fold3_2019,2.453866977710715e-06,-12.917845419456622,-10.48106674913004
2019-04-30,2.3232139202714748e-05,Fold3_2019,2.6019590691462944e-07,-15.16183100152736,-10.66997392748745
2019-05-01,1.951238254075887e-05,Fold3_2019,5.691830373040698e-05,-9.77389358612823,-10.844461291832893
2019-05-02,3.384883551917475e-05,Fold3_2019,4.672761731651929e-06,-12.273760283850677,-10.293605960403788
2019-05-03,3.254598639517516e-05,Fold3_2019,9.487117955033344e-05,-9.262990591303447,-10.332856502744278
2019-05-06,4.6169977532151116e-05,Fold3_2019,1.7005565654411668e-05,-10.98196987605296,-9.983180808078567
2019-05-07,4.68001063411353e-05,Fold3_2019,0.0002836020110470216,-8.16793867219244,-9.969625082796775
2019-05-08,9.785122782688012e-05,Fold3_2019,1.9324960558676217e-06,-13.156698097435108,-9.232062316148998
2019-05-09,7.559803790525577e-05,Fold3_2019,9.18439650957142e-06,-11.59800454536744,-9.490080228749772
2019-05-10,6.538860726712761e-05,Fold3_2019,2.5110780203884404e-05,-10.592213313836453,-9.635162515484291
2019-05-13,5.8213270306934015e-05,Fold3_2019,0.0006477886224873591,-7.341946114691935,-9.751397217071068
2019-05-14,0.00016653106667127872,Fold3_2019,8.105917650984386e-05,-9.420331095835653,-8.700328679334607
2019-05-15,0.00014220468365368257,Fold3_2019,3.4107259136940575e-05,-10.286000318413945,-8.858243104051173
2019-05-16,0.00011356515352312382,Fold3_2019,8.498671022635642e-05,-9.373015663976096,-9.083133845889355
2019-05-17,0.00010685497187764113,Fold3_2019,4.2069666004580315e-05,-10.076183599433522,-9.144038045904587
2019-05-20,9.914100502942568e-05,Fold3_2019,4.401046268392015e-05,-10.03108316404225,-9.218967427946675
2019-05-21,9.41677062608147e-05,Fold3_2019,8.055444170744701e-05,-9.426577307621383,-9.270433256168973
2019-05-22,9.19569862083592e-05,Fold3_2019,9.459677869142927e-06,-11.568472227367906,-9.294189631460194
2019-05-23,7.704822938922819e-05,Fold3_2019,0.0001511558948408526,-8.797198837559803,-9.47107897648519
2019-05-24,0.00010010307781850059,Fold3_2019,5.135314054184576e-06,-12.179369556924305,-9.209310124678224
2019-05-28,7.432045981148975e-05,Fold3_2019,8.731142198298065e-05,-9.34602926767493,-9.507124276563275
2019-05-29,8.571715596618244e-05,Fold3_2019,4.5340895248805836e-05,-10.001301167848114,-9.364457566091966
2019-05-30,8.47130553143615e-05,Fold3_2019,7.438517536692265e-06,-11.808838984794285,-9.376240832241114
2019-05-31,6.545229996379978e-05,Fold3_2019,0.00018406408609466303,-8.600226567002828,-9.634188925449626
2019-06-03,9.624570194812664e-05,Fold3_2019,6.481243133689246e-06,-11.94659822438063,-9.248606240877846
2019-06-04,7.84259408864859e-05,Fold3_2019,0.00046115074557036826,-7.681785571520613,-9.453355806682024
2019-06-05,0.00013862642180830867,Fold3_2019,7.438825097085436e-05,-9.506212545653849,-8.883727855839155
2019-06-06,0.00012219876224191435,Fold3_2019,4.201136309624093e-05,-10.077570426362435,-9.009861640231316
2019-06-07,0.00010284666405937982,Fold3_2019,9.914776486598913e-05,-9.218899246207794,-9.182271377399795
2019-06-10,0.0001020801072066173,Fold3_2019,2.096240877470904e-05,-10.77277978265702,-9.18975268814678
2019-06-11,8.273927491573287e-05,Fold3_2019,5.856372069117401e-08,-16.653150432918707,-9.39981616037607
2019-06-12,6.278221246095368e-05,Fold3_2019,3.1224888624514984e-06,-12.676880161822055,-9.675838765678066
2019-06-13,5.298494735258733e-05,Fold3_2019,1.6955776783590273e-05,-10.984901969010272,-9.845502696966593
2019-06-14,4.6912041349447454e-05,Fold3_2019,1.2219813978742173e-06,-13.615036920019593,-9.967236170274669
2019-06-17,3.999617415947094e-05,Fold3_2019,1.4455470015168005e-07,-15.74960785326256,-10.126726754437936
2019-06-18,3.190201446686631e-05,Fold3_2019,0.00010849733125422491,-9.12878498202152,-10.352841400735771
2019-06-19,4.7904655796805614e-05,Fold3_2019,5.083787467449722e-06,-12.18945400971039,-9.946297860007684
2019-06-20,3.898057844048418e-05,Fold3_2019,9.041905979070527e-05,-9.311055474396676,-10.152447024577718
2019-06-21,5.0892673317349026e-05,Fold3_2019,2.1154244381680916e-06,-13.066255085614655,-9.885791587453234
2019-06-24,4.378001412989706e-05,Fold3_2019,1.5005475639499933e-06,-13.409680473834632,-10.036333143121846
2019-06-25,3.8080933609676325e-05,Fold3_2019,9.715444883590826e-05,-9.239208589716249,-10.17579683128082
2019-06-26,5.790154712711354e-05,Fold3_2019,9.955367299265028e-07,-13.819983818164484,-9.75676645306678
2019-06-27,4.768584126894512e-05,Fold3_2019,1.2527879118863515e-05,-11.28755406763981,-9.95087603287564
2019-06-28,4.173930934853594e-05,Fold3_2019,2.6348121791079835e-05,-10.5441135647933,-10.084067202965388
2019-07-01,4.1038251799565217e-05,Fold3_2019,8.167648163143994e-05,-9.412744460066962,-10.101005955485538
2019-07-02,5.111082303298284e-05,Fold3_2019,6.7632967344747835e-06,-11.904000104173306,-9.881514282144442
2019-07-03,4.202442317307111e-05,Fold3_2019,6.341631767057064e-05,-9.665789353129322,-10.07725960456817
2019-07-05,4.86966588806903e-05,Fold3_2019,1.2959678260910047e-06,-13.556252785889415,-9.92990013637523
2019-07-08,4.1485310491187916e-05,Fold3_2019,3.0360515913260986e-05,-10.402367612390814,-10.09017115745545
2019-07-09,4.69514832428713e-05,Fold3_2019,1.5516645104318777e-06,-13.376182325529317,-9.966395760841579
2019-07-10,3.6235185222000085e-05,Fold3_2019,2.2721277565952544e-05,-10.692208734796422,-10.225479943728496
2019-07-11,3.586097970834988e-05,Fold3_2019,5.482664075855535e-06,-12.113919429905545,-10.235860769793781
2019-07-12,3.0460015241465716e-05,Fold3_2019,1.9951580281805004e-05,-10.822202205644965,-10.399095710120966
2019-07-15,3.062908708361857e-05,Fold3_2019,1.1080235107270363e-07,-16.015517843790626,-10.393560442212188
2019-07-16,2.5356818241643348e-05,Fold3_2019,1.0438003110447657e-05,-11.47005726675041,-10.582462899924069
2019-07-17,2.8149516393010117e-05,Fold3_2019,4.662696094094885e-05,-9.973331623169974,-10.477980383170546
2019-07-18,3.947245677845918e-05,Fold3_2019,1.3356091691326397e-05,-11.223537970727754,-10.139907426029517
2019-07-19,3.584639890106966e-05,Fold3_2019,3.103012478012947e-05,-10.380552058238159,-10.236267445027597
2019-07-22,4.247374958678547e-05,Fold3_2019,6.020547108646239e-06,-12.020332420938125,-10.066624329643952
2019-07-23,3.5517404925980244e-05,Fold3_2019,5.0754707257305044e-05,-9.888506190505225,-10.245487702025603
2019-07-24,4.1042319826290964e-05,Fold3_2019,2.1984758770786238e-05,-10.725161127837174,-10.100906832717545
2019-07-25,3.9360499733477624e-05,Fold3_2019,2.2931539435223e-05,-10.682997327053933,-10.14274778938019
2019-07-26,4.324920169411065e-05,Fold3_2019,4.459275080783247e-05,-10.017939250089954,-10.048531782696374
2019-07-29,4.606397248140337e-05,Fold3_2019,3.322500766503098e-06,-12.61479281565833,-9.98547942149383
2019-07-30,4.110227706067563e-05,Fold3_2019,6.041591597771606e-06,-12.016843071165262,-10.099447035060624
2019-07-31,3.8847510169983145e-05,Fold3_2019,0.00012100935713922201,-9.01964268362837,-10.155866571493082
2019-08-01,6.256456687952944e-05,Fold3_2019,7.649384040474024e-05,-9.478300337958594,-9.67931146439911
2019-08-02,7.40435785794565e-05,Fold3_2019,5.7125182401960567e-05,-9.77026551572287,-9.510856738371114
2019-08-05,7.875482911262625e-05,Fold3_2019,0.0009323495285623934,-6.9778027829387534,-9.449170960073557
2019-08-06,0.00022792415433267564,Fold3_2019,0.00019391373489042262,-8.548097163307258,-8.386497640787892
2019-08-07,0.00020719286844526135,Fold3_2019,3.487669317424083e-07,-14.868861955190319,-8.48186046687176
2019-08-08,0.00013746083063230833,Fold3_2019,0.00037753784987204736,-7.881839729739635,-8.892171549568948
2019-08-09,0.0001738324064635398,Fold3_2019,4.672236918408964e-05,-9.971287510454134,-8.657418904150893
2019-08-12,0.0001464393827606004,Fold3_2019,0.00015001107302420685,-8.804801446431213,-8.82889898468561
2019-08-13,0.00015251187810425503,Fold3_2019,0.00023815171853674237,-8.342602614548849,-8.788268075741785
2019-08-14,0.00016300234138607076,Fold3_2019,0.0009008019927439856,-7.012225088387705,-8.721745992928955
2019-08-15,0.00028519413365766757,Fold3_2019,6.9608353029039195e-06,-11.875211076034098,-8.162340438858447
2019-08-16,0.0001890827506526675,Fold3_2019,0.0002145259695966303,-8.447079756544069,-8.573325804584933
2019-08-19,0.00018523746525073688,Fold3_2019,0.00014342432629902056,-8.849703004722716,-8.593871960041021
2019-08-20,0.00016895024863581705,Fold3_2019,5.916425558740671e-05,-9.735192989182622,-8.685906273151804
2019-08-21,0.00014715726488864097,Fold3_2019,6.56510667070074e-05,-9.631156708954366,-8.824008713870516
2019-08-22,0.00012563961934932682,Fold3_2019,9.476504750077992e-08,-16.171865192920134,-8.982092912991773
2019-08-23,9.049475290227189e-05,Fold3_2019,0.0006772151497323871,-7.297521536820871,-9.310218687919662
2019-08-26,0.00019536866388627762,Fold3_2019,0.00012094879165709354,-9.020143311391433,-8.540622200273004
2019-08-27,0.00017199418662237626,Fold3_2019,1.5455159128683175e-05,-11.077567686174179,-8.668049880429125
2019-08-28,0.00013423690148556554,Fold3_2019,4.923525365262662e-05,-9.918900653401542,-8.9159043974131
2019-08-29,0.00011331162101430076,Fold3_2019,0.00016109266650592613,-8.73353079019596,-9.085368826661414
2019-08-30,0.00012144501878827604,Fold3_2019,1.9729790784216847e-07,-15.438551027916443,-9.016048917862966
2019-09-03,8.901394109362811e-05,Fold3_2019,3.439121102133627e-05,-10.277709519794769,-9.326717558997693
2019-09-04,8.438080831829715e-05,Fold3_2019,0.00012738050238300365,-8.968331869058007,-9.380170571812933
2019-09-05,9.36235402420687e-05,Fold3_2019,0.00016316763912420026,-8.720732424776411,-9.276228707788427
2019-09-06,0.00010681536990485574,Fold3_2019,5.952047491005143e-07,-14.334360374459841,-9.144408728825843
2019-09-09,7.599406700980102e-05,Fold3_2019,2.53118369605265e-07,-15.189408593580719,-9.484855286385738
2019-09-10,5.646554901501548e-05,Fold3_2019,5.4833031496688955e-08,-16.7189730600439,-9.781879857732829
2019-09-11,4.485764906268894e-05,Fold3_2019,5.020779462996723e-05,-9.899340271806674,-10.012016436337992
2019-09-12,4.856193236387772e-05,Fold3_2019,1.195586706024172e-05,-11.334288432687561,-9.932670618679442
2019-09-13,4.208795772986171e-05,Fold3_2019,4.411734257730981e-07,-14.633827783083019,-10.07574889786383
2019-09-16,3.5590760546036044e-05,Fold3_2019,9.57025218737852e-06,-11.556851000978432,-10.24342448901509
2019-09-17,3.609493481454211e-05,Fold3_2019,6.394620199565629e-06,-11.960053514913614,-10.229358012316265
2019-09-18,3.093239451121558e-05,Fold3_2019,3.578316004650285e-07,-14.843203350976172,-10.38370655715374
2019-09-19,2.5024896782155015e-05,Fold3_2019,4.4235967668043e-09,-19.23631272362455,-10.595639357360707
2019-09-20,2.1781726017565823e-05,Fold3_2019,2.2432174940788402e-05,-10.7050142484269,-10.73443919577728
2019-09-23,2.8573267329426244e-05,Fold3_2019,5.5143238932672646e-08,-16.713331692911357,-10.463038986012425
2019-09-24,2.4745530625631018e-05,Fold3_2019,6.205406012628993e-05,-9.68750461531507,-10.606865666038832
2019-09-25,3.9752983870433565e-05,Fold3_2019,3.477799272824953e-05,-10.266525764094949,-10.132825653758381
2019-09-26,4.140295006509777e-05,Fold3_2019,4.348542070204163e-06,-12.345669925316002,-10.09215842206065
2019-09-27,3.818983944390855e-05,Fold3_2019,2.9179629956085387e-05,-10.442039696372753,-10.17294106087529
2019-09-30,4.401657708434828e-05,Fold3_2019,2.140989978870893e-05,-10.751657135957059,-10.030944243082189
2019-10-01,4.15389337929184e-05,Fold3_2019,0.0001431920472158265,-8.85132384118225,-10.088879406843342
2019-10-02,6.941929617101326e-05,Fold3_2019,0.0003176268703842914,-8.054633227685507,-9.575345686288264
2019-10-03,0.00012287228464122292,Fold3_2019,6.657908411892062e-05,-9.61712008201113,-9.00436507828661
2019-10-04,0.00010930476564208835,Fold3_2019,0.00018065687123412278,-8.618911064923914,-9.12137056224933
2019-10-07,0.00012184843152555406,Fold3_2019,1.8696471047886652e-05,-10.88717576592922,-9.012732650150268
2019-10-08,0.00010168004425734296,Fold3_2019,0.0002448145414281561,-8.315009607831481,-9.193679495822126
2019-10-09,0.0001365321631673249,Fold3_2019,8.93360022622602e-05,-9.323105990497732,-8.898950343495633
2019-10-10,0.00012409986349311365,Fold3_2019,4.543221807265878e-05,-9.99928905542138,-8.994423965729228
2019-10-11,0.00010490979515280812,Fold3_2019,0.00010637839065060283,-9.148508097072463,-9.162409670822079
2019-10-14,0.00010512407054926285,Fold3_2019,1.2425382685250364e-06,-13.59835427983219,-9.16036928109657
2019-10-15,7.986533771542838e-05,Fold3_2019,9.706270708695859e-05,-9.240153323515251,-9.435168620152714
2019-10-16,8.47440171195816e-05,Fold3_2019,2.583885381656868e-06,-12.866216329971653,-9.375875408654835
2019-10-17,6.768443601693624e-05,Fold3_2019,8.671902045732508e-06,-11.655422408795204,-9.600654300828754
2019-10-18,5.427601694552776e-05,Fold3_2019,1.924498267622295e-05,-10.85826017139925,-9.821428105470288
2019-10-21,5.3821231813627056e-05,Fold3_2019,4.564769380527381e-05,-9.994557471251479,-9.829842525271783
2019-10-22,5.466721193400377e-05,Fold3_2019,1.0708164840802364e-05,-11.444504038251855,-9.81424644445542
2019-10-23,5.102461202197032e-05,Fold3_2019,8.440422002385524e-06,-11.682478250323737,-9.883202452982324
2019-10-24,4.2516867484687685e-05,Fold3_2019,2.6668127186475014e-06,-12.83462653695953,-10.065609678778078
2019-10-25,3.370368489858434e-05,Fold3_2019,1.6699377596798285e-05,-11.000139108888893,-10.297903382411954
2019-10-28,3.236694125907658e-05,Fold3_2019,3.1591306162202886e-05,-10.362628596673533,-10.338372987568519
2019-10-29,3.4827925500077736e-05,Fold3_2019,8.801795245597812e-08,-16.245725038092864,-10.265091036081456
2019-10-30,2.9451353754584348e-05,Fold3_2019,9.379388115128995e-06,-11.57699603000258,-10.432770681025568
2019-10-31,2.6961654380167625e-05,Fold3_2019,7.113428026329294e-06,-11.853526288804836,-10.521094909553335
2019-11-01,2.8311047381380964e-05,Fold3_2019,8.503347101219543e-05,-9.372465602369557,-10.472258462655141
2019-11-04,4.125039070573568e-05,Fold3_2019,1.607531597570514e-05,-11.038225631691308,-10.095849973574241
2019-11-05,3.7874247093659305e-05,Fold3_2019,1.223565086752898e-06,-13.613741758296015,-10.18123917304759
2019-11-06,3.336462666811782e-05,Fold3_2019,5.182166260240428e-08,-16.77545757814334,-10.308014300997911
2019-11-07,2.7399130404620536e-05,Fold3_2019,1.2325054629753676e-05,-11.303876405610968,-10.504999282131525
2019-11-08,2.6260344552124536e-05,Fold3_2019,6.065934788427294e-06,-12.012821899097363,-10.54745056837888
2019-11-11,2.3397582772121653e-05,Fold3_2019,3.6543652739908594e-06,-12.519588139489938,-10.662877841273147
2019-11-12,2.3880509493604168e-05,Fold3_2019,4.435014774647898e-06,-12.32597961083333,-10.64244793408941
2019-11-13,2.0955991878815876e-05,Fold3_2019,1.045647962025178e-07,-16.073458898344683,-10.773085943953408
2019-11-14,1.803477937021783e-05,Fold3_2019,2.1165149161619373e-06,-13.065739729449701,-10.92320847710651
2019-11-15,1.5463496022373875e-05,Fold3_2019,5.198933736324644e-05,-9.864471911115416,-11.077028406968664
2019-11-18,2.4201134328296358e-05,Fold3_2019,5.439560130160826e-07,-14.424397451786007,-10.629111052830044
2019-11-19,1.9805118541427123e-05,Fold3_2019,8.322837428702327e-08,-16.30167751015554,-10.829570141479016
2019-11-20,1.8131235604858946e-05,Fold3_2019,1.388097891462806e-05,-11.184991078382033,-10.917874383017919
2019-11-21,2.3180300327364e-05,Fold3_2019,2.592907611823446e-06,-12.862730681883058,-10.672207763822364
2019-11-22,2.3089353966099282e-05,Fold3_2019,4.934915070785797e-06,-12.21917509479413,-10.676138913936915
2019-11-25,2.0521132298362697e-05,Fold3_2019,5.960349844251039e-05,-9.727796286915833,-10.794055358951978
2019-11-26,3.003529162022146e-05,Fold3_2019,5.120610079030793e-06,-12.182236969950676,-10.413137480362806
2019-11-27,2.5785319501330294e-05,Fold3_2019,1.978290778189744e-05,-10.830692236411394,-10.565705239561572
2019-11-29,2.6796996272552363e-05,Fold3_2019,1.3804392049474863e-05,-11.190523751981804,-10.5272207561112
2019-12-02,3.0496380049939088e-05,Fold3_2019,7.27782465474062e-05,-9.528093458576587,-10.397902568281998
2019-12-03,4.736557943622629e-05,Fold3_2019,4.528567198677562e-05,-10.002519867188708,-9.957614765285523
2019-12-04,5.5545693499339624e-05,Fold3_2019,3.7837980275406804e-05,-10.182197190590768,-9.798304569648199
2019-12-05,5.4053602239214524e-05,Fold3_2019,3.2279098954756688e-06,-12.643675721367575,-9.82553436967588
2019-12-06,4.19140432440921e-05,Fold3_2019,8.267388005112137e-05,-9.4006068455913,-10.079889626233216
2019-12-09,5.222038291073926e-05,Fold3_2019,9.917475940305513e-06,-11.521212110544683,-9.860037662074843
2019-12-10,4.883474486038543e-05,Fold3_2019,1.2448568293509877e-06,-13.59649003116544,-9.927068513602174
2019-12-11,4.130234187498149e-05,Fold3_2019,8.03556730791066e-06,-11.731632956673451,-10.094591355610188
2019-12-12,3.523489355039429e-05,Fold3_2019,7.365524083298863e-05,-9.516115258958795,-10.25347367232241
2019-12-13,4.5064541989687154e-05,Fold3_2019,3.58501973775666e-07,-14.841331671271499,-10.00741482933414
2019-12-16,3.491276865569891e-05,Fold3_2019,4.68765515859302e-05,-9.967992973721664,-10.262657931607688
2019-12-17,3.988148995562774e-05,Fold3_2019,4.790183195708684e-08,-16.854112087810215,-10.129598252594926
2019-12-18,3.205280483803666e-05,Fold3_2019,3.9960155762927355e-09,-19.337968078196546,-10.348125863979439
2019-12-19,2.67215468963874e-05,Fold3_2019,1.6728200224778096e-05,-10.998414626470424,-10.530040318142685
2019-12-20,2.6802639197174877e-05,Fold3_2019,1.9137229241933982e-05,-10.86387494511797,-10.52701019778953
2019-12-23,2.7442594413929667e-05,Fold3_2019,2.3310281859625867e-06,-12.969201106193717,-10.503414210963431
2019-12-24,2.2545664141656484e-05,Fold3_2019,9.532960882486357e-10,-20.771095569816605,-10.699967788035144
2019-12-26,1.9691953241149225e-05,Fold3_2019,2.819058942013884e-05,-10.476522344218996,-10.835300470581132
2019-12-27,2.3513964793243997e-05,Fold3_2019,6.15029299926101e-08,-16.604181021112527,-10.657916066787687
2019-12-30,2.0896980025502334e-05,Fold3_2019,3.056386928740067e-05,-10.395691988873066,-10.775905905821565
2019-12-31,2.9878901842121426e-05,Fold3_2019,5.887412119331527e-06,-12.042694025385961,-10.418357950646746
2020-01-02,2.5934216301162026e-05,Fold4_2020_COVID,8.664829089358633e-05,-9.35365326624893,-10.559947368424995
2020-01-03,3.9228095827735623e-05,Fold4_2020_COVID,5.7779151222715526e-05,-9.758882552845167,-10.146117337596978
2020-01-06,5.173571170712386e-05,Fold4_2020_COVID,1.4499739128988108e-05,-11.141379899803855,-9.869362266219847
2020-01-07,4.490144389045955e-05,Fold4_2020_COVID,7.928020687808076e-06,-11.745107151478832,-10.011040605816426
2020-01-08,4.249795761399178e-05,Fold4_2020_COVID,2.825277329005519e-05,-10.474318935630665,-10.066054539330006
2020-01-09,4.184062890655891e-05,Fold4_2020_COVID,4.566903547003485e-05,-9.994090050542942,-10.081642707093067
2020-01-10,4.512303902277298e-05,Fold4_2020_COVID,8.304519878046322e-06,-11.698710627762644,-10.00611759881454
2020-01-13,4.2840171049895056e-05,Fold4_2020_COVID,4.6973535772943927e-05,-9.965926183497674,-10.058034319631375
2020-01-14,4.616895365809937e-05,Fold4_2020_COVID,2.327771592137588e-06,-12.970599146251471,-9.98320298451138
2020-01-15,4.033021853202394e-05,Fold4_2020_COVID,5.094304726185178e-06,-12.187387362586614,-10.118409530496505
2020-01-16,3.3224590583709865e-05,Fold4_2020_COVID,6.862957333400912e-05,-9.586787017965152,-10.312220275977838
2020-01-17,4.236820001097738e-05,Fold4_2020_COVID,9.657810822679676e-06,-11.547743558333707,-10.06911247685797
2020-01-21,3.6486314564529436e-05,Fold4_2020_COVID,3.843102047955407e-06,-12.46923069249124,-10.218573311122244
2020-01-22,3.41427761260601e-05,Fold4_2020_COVID,1.4579813211033129e-08,-18.043627921762564,-10.284959527967793
2020-01-23,2.812289930184082e-05,Fold4_2020_COVID,1.3141617491830552e-06,-13.542311548686886,-10.478926391719343
2020-01-24,2.2363258166093168e-05,Fold4_2020_COVID,7.979426540118709e-05,-9.43605891823123,-10.708091206245536
2020-01-27,4.126001221077415e-05,Fold4_2020_COVID,0.0002611350905890675,-8.250472696080427,-10.09561675437419
2020-01-28,9.042045681749066e-05,Fold4_2020_COVID,0.00010867756355586089,-9.127125192171771,-9.311040023937489
2020-01-29,9.451991567796787e-05,Fold4_2020_COVID,6.827302322603796e-07,-14.197166030127265,-9.266699997753795
2020-01-30,7.166715118778361e-05,Fold4_2020_COVID,1.0496738208047961e-05,-11.4644459959141,-9.543478057767803
2020-01-31,5.74987483648727e-05,Fold4_2020_COVID,0.000335794470955159,-7.999011278747755,-9.763747377965318
2020-02-03,0.0001160450846505856,Fold4_2020_COVID,5.477979931194643e-05,-9.812189057663865,-9.061531781586035
2020-02-04,0.00010132537365793433,Fold4_2020_COVID,0.0002288004021340032,-8.38266054088149,-9.19717369773961
2020-02-05,0.0001234596329945361,Fold4_2020_COVID,0.00013183270660148538,-8.933976813407009,-8.999596313669912
2020-02-06,0.0001230754842183489,Fold4_2020_COVID,1.128369419074418e-05,-11.392151866331064,-9.002712697992191
2020-02-07,9.198952351376763e-05,Fold4_2020_COVID,2.8556133635155248e-05,-10.463638806577507,-9.293835862249818
2020-02-10,8.441452450197509e-05,Fold4_2020_COVID,5.5317022943095265e-05,-9.802429867816542,-9.379771079912736
2020-02-11,7.920390955579833e-05,Fold4_2020_COVID,2.998620628084851e-06,-12.717358165670674,-9.443484897283948
2020-02-12,5.859900651208057e-05,Fold4_2020_COVID,4.124135190284392e-05,-10.096069118003541,-9.744792815243784
2020-02-13,5.702204797205624e-05,Fold4_2020_COVID,1.1390210170391119e-06,-13.68534142148412,-9.77207255839278
2020-02-14,4.695549053463255e-05,Fold4_2020_COVID,2.56238081321554e-06,-12.874573726497347,-9.96631041485283
2020-02-18,3.6496674171140494e-05,Fold4_2020_COVID,6.65882794030607e-06,-11.919567073838172,-10.21828942012627
2020-02-19,3.5542154126836164e-05,Fold4_2020_COVID,2.2751385921791085e-05,-10.690884494783672,-10.244791125739836
2020-02-20,3.5161526819057675e-05,Fold4_2020_COVID,1.694734804004494e-05,-10.985399194193073,-10.255558061202256
2020-02-21,3.8275625360594236e-05,Fold4_2020_COVID,0.00010715623080406023,-9.14122268744081,-10.170697277936254
2020-02-24,6.0676684088618326e-05,Fold4_2020_COVID,0.0011375712802251864,-6.7788597451682415,-9.70995105084692
2020-02-25,0.00027137626210896467,Fold4_2020_COVID,0.0009468441833974442,-6.9623760153830165,-8.21200427898358
2020-02-26,0.00038218972561795186,Fold4_2020_COVID,1.3578984519663574e-05,-11.206987216268622,-7.869593408733062
2020-02-27,0.0002543757177096246,Fold4_2020_COVID,0.0021115289796898055,-6.160342958991205,-8.276698180308497
2020-02-28,0.0005543309767669363,Fold4_2020_COVID,1.7727371828250957e-05,-10.940400681902931,-7.4977486186205855
2020-03-02,0.0003534151369233299,Fold4_2020_COVID,0.0017973379772715176,-6.321448610250079,-7.947867166728466
2020-03-03,0.0005475103078341688,Fold4_2020_COVID,0.0008439308322826381,-7.0774400189983435,-7.510129269356473
2020-03-04,0.0005510758143080228,Fold4_2020_COVID,0.0016952906529174158,-6.37990107620272,-7.503638164251099
2020-03-05,0.000666685281033964,Fold4_2020_COVID,0.0011429019052065852,-6.774184720068861,-7.313192465929155
2020-03-06,0.0006791641229315676,Fold4_2020_COVID,0.0002778606931483571,-8.188390673650984,-7.294647746901213
2020-03-09,0.0005176741569759869,Fold4_2020_COVID,0.0036087934734205444,-5.62438178038964,-7.566164554220727
2020-03-10,0.0009691394504043577,Fold4_2020_COVID,0.002545257265119155,-5.973523547597719,-6.939102044761794
2020-03-11,0.0010695581911937036,Fold4_2020_COVID,0.0024977023283624133,-5.992384038365567,-6.840509621203686
2020-03-12,0.0011586106578885726,Fold4_2020_COVID,0.0036087934734205444,-5.62438178038964,-6.760533700406919
2020-03-13,0.0013865240086975423,Fold4_2020_COVID,0.003944062616333454,-5.535543966015481,-6.580955377012533
2020-03-16,0.0015443189791908504,Fold4_2020_COVID,0.0036087934734205444,-5.62438178038964,-6.473172255976706
2020-03-17,0.0016325060749814721,Fold4_2020_COVID,0.0027651941236872357,-5.8906444389904475,-6.41763897554559
2020-03-18,0.0015210001458240909,Fold4_2020_COVID,0.0026998090703268846,-5.914574223166002,-6.488387169831159
2020-03-19,0.0014825085512463075,Fold4_2020_COVID,4.506186773652359e-06,-12.31005926682382,-6.514019658983358
2020-03-20,0.0008062220787404366,Fold4_2020_COVID,0.0019404511917605596,-6.2448347598753715,-7.123151321473573
2020-03-23,0.0009244245917206735,Fold4_2020_COVID,0.0006708404361310585,-7.3069792493742645,-6.986339077017993
2020-03-24,0.000765992063944752,Fold4_2020_COVID,0.003944062616333454,-5.535543966015481,-7.174338748662794
2020-03-25,0.0011755008338270462,Fold4_2020_COVID,0.00022080092333942225,-8.418249061779216,-6.746060980646209
2020-03-26,0.0007790544171851979,Fold4_2020_COVID,0.003220417029340142,-5.738244415594368,-7.157429659353314
2020-03-27,0.0010784275083091624,Fold4_2020_COVID,0.0009143619038987181,-6.997284108754552,-6.832251309684643
2020-03-30,0.000919565505360557,Fold4_2020_COVID,0.0010214114761778717,-6.88656980808067,-6.991609276260996
2020-03-31,0.0008182685333735346,Fold4_2020_COVID,0.000225526159294825,-8.39707440000767,-7.108319994826006
2020-04-01,0.0006015644436683007,Fold4_2020_COVID,0.002120514955181306,-6.156096316407059,-7.4159768900202705
2020-04-02,0.0008261974170316108,Fold4_2020_COVID,0.0005204382196176557,-7.560839371252428,-7.098676809329892
2020-04-03,0.0006641644392945393,Fold4_2020_COVID,0.00021198026624447017,-8.459017371377323,-7.316980789607957
2020-04-06,0.0005084627139727247,Fold4_2020_COVID,0.003944062616333454,-5.535543966015481,-7.584118670684806
2020-04-07,0.0010137511068779178,Fold4_2020_COVID,1.0386775676145787e-06,-13.777562223542969,-6.89409786067047
2020-04-08,0.0005853328613286884,Fold4_2020_COVID,0.0010901176434957318,-6.82146965875249,-7.4433298788237146
2020-04-09,0.0006235059284249017,Fold4_2020_COVID,0.00022810395437159652,-8.385709092692695,-7.380152284589625
2020-04-13,0.0004760949510406493,Fold4_2020_COVID,8.413294922250117e-05,-9.383112281476922,-7.649893246649587
2020-04-14,0.00035619872324620284,Fold4_2020_COVID,0.0008448439316630566,-7.076358643922292,-7.940021771488515
2020-04-15,0.00042388062744798063,Fold4_2020_COVID,0.00046125630887646586,-7.681556684922121,-7.766058681409653
2020-04-16,0.00041997945419086077,Fold4_2020_COVID,2.3164365850987895e-05,-10.672895414778472,-7.775304766476602
2020-04-17,0.00028145542447186587,Fold4_2020_COVID,0.0007106125091961575,-7.249383270822528,-8.175536472934349
2020-04-20,0.0003473941604885743,Fold4_2020_COVID,0.0003159714875055682,-8.05985857786104,-7.965050513485148
2020-04-21,0.0003374218803216102,Fold4_2020_COVID,0.0009507233211572562,-6.958287472388686,-7.99417654015776
2020-04-22,0.00044919470424277275,Fold4_2020_COVID,0.00048189347384473504,-7.637787476960559,-7.708054124477645
2020-04-23,0.00042386295282066834,Fold4_2020_COVID,5.1792051256803925e-09,-19.078614243090623,-7.7661003794601635
2020-04-24,0.0002697226322914512,Fold4_2020_COVID,0.0001916173570179848,-8.560010106666306,-8.218116414797112
2020-04-27,0.00024208290229836384,Fold4_2020_COVID,0.00020492928641626564,-8.492845582643739,-8.326230318990957
2020-04-28,0.00022613198402265852,Fold4_2020_COVID,2.1241041383978854e-05,-10.759575333414901,-8.394391729053424
2020-04-29,0.00017310827411391093,Fold4_2020_COVID,0.0006677829547155906,-7.311547355315382,-8.661593297306274
2020-04-30,0.0002588846122849017,Fold4_2020_COVID,8.750759459144714e-05,-9.343784973036378,-8.259128107948383
2020-05-01,0.00022074165268865808,Fold4_2020_COVID,0.0007198330226607794,-7.236491285821284,-8.418517532610062
2020-05-04,0.00032239146124472974,Fold4_2020_COVID,7.5856577073048676e-06,-11.78925123734689,-8.039744032655456
2020-05-05,0.0002140016937643177,Fold4_2020_COVID,8.458363193928272e-05,-9.377769785965976,-8.449526628187213
2020-05-06,0.00017832967796999502,Fold4_2020_COVID,4.6261051262445375e-05,-9.981210176333905,-8.631876597310965
2020-05-07,0.00015269110896326877,Fold4_2020_COVID,0.00014386959074775733,-8.846603288516881,-8.787093572953728
2020-05-08,0.0001501682897990621,Fold4_2020_COVID,0.00026931201286329925,-8.219639951405638,-8.80375396076963
2020-05-11,0.0001730157919425478,Fold4_2020_COVID,4.202558320528053e-08,-16.984987280168475,-8.662127684727626
2020-05-12,0.00011895517990291474,Fold4_2020_COVID,0.0004053280870723857,-7.810813727268029,-9.03676377527051
2020-05-13,0.00018715715078855197,Fold4_2020_COVID,0.00031841601159408525,-8.052151817588562,-8.583561915481623
2020-05-14,0.0002239055094438773,Fold4_2020_COVID,0.00014151847938863207,-8.863080253021854,-8.40428642794557
2020-05-15,0.0001999911939060469,Fold4_2020_COVID,2.1038180152403884e-05,-10.769171668493254,-8.517237222855373
2020-05-18,0.00014738737934456356,Fold4_2020_COVID,0.0009002779000504492,-7.012807064468195,-8.822446203689154
2020-05-19,0.000274984789744082,Fold4_2020_COVID,0.00010658470458654177,-9.146570540706152,-8.198794771848878
2020-05-20,0.00023829406610079848,Fold4_2020_COVID,0.00028376374756099035,-8.167368540788152,-8.34200507513143
2020-05-21,0.00024074788947639893,Fold4_2020_COVID,4.799539665825175e-05,-9.944405454608454,-8.331760273777636
2020-05-22,0.00019602009989943135,Fold4_2020_COVID,3.599165689848313e-06,-12.534808492180957,-8.537293353484397
2020-05-26,0.00013382625393612555,Fold4_2020_COVID,0.000149953436577735,-8.805185734874254,-8.918968211759546
2020-05-27,0.00013788968398772871,Fold4_2020_COVID,0.00021812868598221848,-8.430425366664545,-8.889056583884019
2020-05-28,0.00015431437585908166,Fold4_2020_COVID,3.4105015709240615e-06,-12.588651189237739,-8.77651863469732
2020-05-29,0.00011543529549315448,Fold4_2020_COVID,1.9767496580307858e-05,-10.831471555997027,-9.06680039716038
2020-06-01,9.128946140486814e-05,Fold4_2020_COVID,1.6270614726249665e-05,-11.026149854641323,-9.301475205230867
2020-06-02,7.330873999316948e-05,Fold4_2020_COVID,6.79958510063938e-05,-9.59606386926149,-9.520830720256521
2020-06-03,7.48573130895597e-05,Fold4_2020_COVID,0.00017478611428069725,-8.651947535651633,-9.49992674860396
2020-06-04,9.702295460113338e-05,Fold4_2020_COVID,6.919459841021786e-06,-11.881172849037165,-9.240562962084482
2020-06-05,7.978509564118545e-05,Fold4_2020_COVID,0.0006404320481056046,-7.35336753420629,-9.43617384236618
2020-06-08,0.0001785423909051138,Fold4_2020_COVID,0.00014436229782583974,-8.843184460985805,-8.630684500877194
2020-06-09,0.0001691894417602085,Fold4_2020_COVID,5.6022193297147196e-05,-9.789762636861118,-8.684491513683565
2020-06-10,0.00015041875293678102,Fold4_2020_COVID,3.131092394018772e-05,-10.37154351363345,-8.80208746714166
2020-06-11,0.0001286192715315944,Fold4_2020_COVID,0.003525682547399207,-5.647681230994005,-8.958653900999343
2020-06-12,0.0008491751816872103,Fold4_2020_COVID,0.00014171962435293036,-8.861659928599005,-7.071245054083667
2020-06-15,0.000594865772595603,Fold4_2020_COVID,8.635048328812713e-05,-9.357096156535748,-7.427174770144707
2020-06-16,0.00042365435775251547,Fold4_2020_COVID,0.0003634608672557444,-7.919838922203445,-7.766592629163532
2020-06-17,0.0003891270516589181,Fold4_2020_COVID,1.7326523795318964e-05,-10.963272063202231,-7.851604656723197
2020-06-18,0.0002778822679215287,Fold4_2020_COVID,1.4814532527947706e-07,-15.725072117393779,-8.188313030658833
2020-06-19,0.00018497298481323207,Fold4_2020_COVID,3.2846987510852953e-05,-10.323650521626798,-8.595300771585665
2020-06-22,0.00015362547136972367,Fold4_2020_COVID,4.0889533652841326e-05,-10.104636428572267,-8.780992921768878
2020-06-23,0.00012553525428635185,Fold4_2020_COVID,2.1098239340268586e-05,-10.76632096455303,-8.982923928192223
2020-06-24,9.90680426809015e-05,Fold4_2020_COVID,0.0006676975772752606,-7.311675215570025,-9.219703644104944
2020-06-25,0.00021778844995076004,Fold4_2020_COVID,0.00011371873673177479,-9.08178237982764,-8.43198637940069
2020-06-26,0.00019150678886249812,Fold4_2020_COVID,0.0005778370942628664,-7.456218572853206,-8.560587298992843
2020-06-29,0.00027599321875240246,Fold4_2020_COVID,0.00021287805318854073,-8.454791076448736,-8.195134262286638
2020-06-30,0.00025565299840148224,Fold4_2020_COVID,0.00016200591096129585,-8.727877735982133,-8.27168950796614
2020-07-01,0.00022981847056190117,Fold4_2020_COVID,4.872692828114645e-05,-9.929278738573895,-8.378220819096008
2020-07-02,0.00018072283865785542,Fold4_2020_COVID,3.0162287448567655e-05,-10.408918173915113,-8.618545978436435
2020-07-06,0.0001408561054413273,Fold4_2020_COVID,0.00023468856058521937,-8.357251196877947,-8.867771717465077
2020-07-07,0.00016065712166053397,Fold4_2020_COVID,0.00010748393285769086,-9.138169183356005,-8.736238143098417
2020-07-08,0.0001601381572098384,Fold4_2020_COVID,5.805268089798515e-05,-9.75415966832026,-8.739473632755558
2020-07-09,0.00013617290255227694,Fold4_2020_COVID,3.25932833024586e-05,-10.331404324486378,-8.901585137403377
2020-07-10,0.00012007444089263703,Fold4_2020_COVID,0.00010320082322349035,-9.178833727976821,-9.027398666742053
2020-07-13,0.00011858828669933757,Fold4_2020_COVID,7.562986370376884e-05,-9.489659330243024,-9.039852839352768
2020-07-14,0.0001204234593806178,Fold4_2020_COVID,0.00016578834935332412,-8.704798587012395,-9.024496198715475
2020-07-15,0.00013176084721188853,Fold4_2020_COVID,8.363484242717556e-05,-9.389050349255696,-8.934522042152837
2020-07-16,0.00012267732629468392,Fold4_2020_COVID,1.0885076570308821e-05,-11.428117828823055,-9.00595301309752
2020-07-17,0.00010084960561283616,Fold4_2020_COVID,8.381953072617405e-06,-11.689429607067211,-9.201880204202972
2020-07-20,7.70016817820919e-05,Fold4_2020_COVID,6.478758189788024e-05,-9.644396610349226,-9.47168329502324
2020-07-21,7.732787914764286e-05,Fold4_2020_COVID,4.517440890661528e-06,-12.307564899089918,-9.467456005716548
2020-07-22,5.858993491414124e-05,Fold4_2020_COVID,3.221531153746653e-05,-10.343068704848752,-9.744947635277946
2020-07-23,5.52952269503996e-05,Fold4_2020_COVID,0.00014408912174460322,-8.845078548824327,-9.802823965088749
2020-07-24,8.492946695620372e-05,Fold4_2020_COVID,4.1744033345635374e-05,-10.083954030757567,-9.373689446464232
2020-07-27,8.539529507574073e-05,Fold4_2020_COVID,5.279160445636454e-05,-9.84915838640318,-9.368219551477335
2020-07-28,8.08837000514846e-05,Fold4_2020_COVID,4.048143574796707e-05,-10.114667065531851,-9.422498236876523
2020-07-29,8.191189754644813e-05,Fold4_2020_COVID,0.0001494221730626235,-8.808734882204051,-9.409866308468397
2020-07-30,9.824752345164677e-05,Fold4_2020_COVID,1.2776346515441916e-05,-11.267915025046017,-9.228020514131611
2020-07-31,8.460097700832125e-05,Fold4_2020_COVID,6.195677873842005e-05,-9.689073533140567,-9.377564742857064
2020-08-03,8.249204353548608e-05,Fold4_2020_COVID,4.799898409642958e-05,-9.944330711938075,-9.402808711268575
2020-08-04,7.747329435408278e-05,Fold4_2020_COVID,1.4860371619169871e-05,-11.116812510967849,-9.465577269968975
2020-08-05,6.377006870375646e-05,Fold4_2020_COVID,3.833914056780236e-05,-10.169039236669946,-9.660226620269688
2020-08-06,6.087359811980918e-05,Fold4_2020_COVID,4.4385514619513916e-05,-10.022597389064572,-9.706711005659391
2020-08-07,6.013918267747332e-05,Fold4_2020_COVID,5.152247537683441e-07,-14.478662616399877,-9.718848970827578
2020-08-10,4.4961602485912714e-05,Fold4_2020_COVID,8.90680778651792e-06,-11.628694653794781,-10.009701710533752
2020-08-11,3.791039144128809e-05,Fold4_2020_COVID,6.870651045853749e-05,-9.585666596726213,-10.18028530294758
2020-08-12,5.4135269550931966e-05,Fold4_2020_COVID,0.00019170988020727816,-8.559527369296744,-9.824024651977973
2020-08-13,8.237910260533766e-05,Fold4_2020_COVID,3.2737665450614073e-06,-12.62956938728116,-9.404178762371613
2020-08-14,6.745441311979678e-05,Fold4_2020_COVID,8.782264934807302e-10,-20.85311659032073,-9.604058549433086
2020-08-17,5.1805892534771246e-05,Fold4_2020_COVID,1.0059302833926597e-05,-11.507012696496618,-9.868006659670987
2020-08-18,4.3444817640517466e-05,Fold4_2020_COVID,4.657165436917245e-06,-12.277103570240866,-10.044018985161085
2020-08-19,3.499370323438823e-05,Fold4_2020_COVID,1.740856013603752e-05,-10.958548510876106,-10.26034242024908
2020-08-20,3.85600159360247e-05,Fold4_2020_COVID,9.665042522762256e-06,-11.546995045648655,-10.163294674943366
2020-08-21,3.351051491838255e-05,Fold4_2020_COVID,1.253916939664494e-05,-11.286653261265426,-10.303651290222025
2020-08-24,3.0611183481421214e-05,Fold4_2020_COVID,0.00010164260402046578,-9.194047779804432,-10.39414514252596
2020-08-25,4.63695447873695e-05,Fold4_2020_COVID,1.2202726669720136e-05,-11.313851133678869,-9.978867676573303
2020-08-26,4.01941690412813e-05,Fold4_2020_COVID,9.952086103068799e-05,-9.215143277175141,-10.121788621584228
2020-08-27,5.436861645700086e-05,Fold4_2020_COVID,4.771144241106974e-06,-12.25292439899966,-9.819723473939106
2020-08-28,4.281985799007143e-05,Fold4_2020_COVID,4.145206287731706e-05,-10.090972909772928,-10.058508591247485
2020-08-31,4.5230693661388846e-05,Fold4_2020_COVID,1.3168703530862605e-05,-11.237667488143368,-10.003734638280187
2020-09-01,4.530534874415568e-05,Fold4_2020_COVID,8.787485818825017e-05,-9.33959682162422,-10.00208545862303
2020-09-02,5.65602738761343e-05,Fold4_2020_COVID,0.00020622386833108087,-8.4865482397773,-9.780203694164655
2020-09-03,8.681999716076922e-05,Fold4_2020_COVID,0.0012264380072337247,-6.703641239991799,-9.351673580795325
2020-09-04,0.0003220873149428275,Fold4_2020_COVID,6.721201878402182e-05,-9.60765847547439,-8.040687884759572
2020-09-08,0.0002576492470072883,Fold4_2020_COVID,0.0007674515770587523,-7.17243517227342,-8.263911405735401
2020-09-09,0.00036445101304347994,Fold4_2020_COVID,0.0003824000316783578,-7.869043293946137,-7.917118410489812
2020-09-10,0.00035181578698073655,Fold4_2020_COVID,0.00030682999042256986,-8.089216740893441,-7.952402851793483
2020-09-11,0.0003436643416272005,Fold4_2020_COVID,2.594821293261257e-07,-15.164578002507103,-7.975845128029579
2020-09-14,0.00022260397329688675,Fold4_2020_COVID,0.0001712180174892618,-8.672572857450401,-8.410116269790276
2020-09-15,0.0002076797637616595,Fold4_2020_COVID,2.5399501771672394e-05,-10.580780999420654,-8.479513261960467
2020-09-16,0.00015508022797533488,Fold4_2020_COVID,1.581313013140787e-05,-11.05466994206292,-8.771567975112749
2020-09-17,0.00012491284610901879,Fold4_2020_COVID,7.804598799363694e-05,-9.458212315352368,-8.987894294968486
2020-09-18,0.00012574292012658018,Fold4_2020_COVID,0.00013407338322258595,-8.91712327192178,-8.981271051749673
2020-09-21,0.00014040888735080627,Fold4_2020_COVID,0.0001252688299059135,-8.985048490728843,-8.87095176815652
2020-09-22,0.00014936910086189747,Fold4_2020_COVID,0.00010267795352981776,-9.183913132722692,-8.809090128196258
2020-09-23,0.00013961782467340736,Fold4_2020_COVID,0.0005505712071939998,-7.50455426013202,-8.87660169187997
2020-09-24,0.00023247446892324847,Fold4_2020_COVID,7.08560915560577e-06,-11.857444710309249,-8.366730150049344
2020-09-25,0.00016021651109518974,Fold4_2020_COVID,0.000257211610330936,-8.265611425364062,-8.738984463127856
2020-09-28,0.00018011812379292404,Fold4_2020_COVID,0.0002713499231197539,-8.212101340779927,-8.621897679013513
2020-09-29,0.00019777441518853382,Fold4_2020_COVID,2.9821125613153266e-05,-10.420293502420117,-8.528383494014625
2020-09-30,0.0001607992772060923,Fold4_2020_COVID,5.7058627492601e-05,-9.771431266225648,-8.7353536962165
2020-10-01,0.00013553192427844443,Fold4_2020_COVID,4.094976427252425e-05,-10.103164504152478,-8.906303341863717
2020-10-02,0.00011302458118920892,Fold4_2020_COVID,9.10108941105885e-05,-9.30453134311178,-9.087905230260862
2020-10-05,0.00012029830538774384,Fold4_2020_COVID,0.0003089802070991924,-8.082233337813289,-9.025536021635277
2020-10-06,0.0001585485136721363,Fold4_2020_COVID,0.0002049975296007632,-8.49251262962646,-8.749449931529464
2020-10-07,0.00018121275971094372,Fold4_2020_COVID,0.00029779464742236473,-8.119106411608719,-8.6158387490038
2020-10-08,0.0002035853776061555,Fold4_2020_COVID,7.785484278976855e-05,-9.460664454942483,-8.499425095090235
2020-10-09,0.00017096392980642038,Fold4_2020_COVID,7.904528423178602e-05,-9.445489651600132,-8.67405796051647
2020-10-12,0.00014885921850274058,Fold4_2020_COVID,0.00025470149714820875,-8.2754182979113,-8.812509540927113
2020-10-13,0.00017091268677949556,Fold4_2020_COVID,4.287188998877383e-05,-10.057294191814067,-8.67435773549272
2020-10-14,0.0001477582520875989,Fold4_2020_COVID,3.9729434131106015e-05,-10.133418231100864,-8.819933051544998
2020-10-15,0.00013042025173773164,Fold4_2020_COVID,1.5296646435725211e-06,-13.39046203379246,-8.944748615793047
2020-10-16,9.770212306995469e-05,Fold4_2020_COVID,3.649810381711911e-07,-14.823420434929293,-9.23358726865057
2020-10-19,7.36667481336303e-05,Fold4_2020_COVID,0.0002347054013117792,-8.357179441687492,-9.515959039228859
2020-10-20,0.00011956913011080906,Fold4_2020_COVID,1.5978573962566973e-05,-11.044261860496347,-9.031615859205113
2020-10-21,9.297503064578732e-05,Fold4_2020_COVID,3.5889554513329383e-06,-12.537649358432837,-9.283179588539994
2020-10-22,7.480210676920297e-05,Fold4_2020_COVID,2.9923262676596367e-05,-10.416874364125468,-9.500664508016802
2020-10-23,6.669105706042831e-05,Fold4_2020_COVID,1.1489800298341456e-05,-11.374050846729721,-9.615439691086875
2020-10-26,5.4480740662857374e-05,Fold4_2020_COVID,0.00034793002471359677,-7.963509176817978,-9.817663301082218
2020-10-27,0.0001240283989379831,Fold4_2020_COVID,1.192662148178229e-05,-11.336737557118326,-8.994999994887747
2020-10-28,0.00010202750612055212,Fold4_2020_COVID,0.0012094240930123196,-6.717610988864752,-9.190268113185292
2020-10-29,0.0003260935750816027,Fold4_2020_COVID,0.00010225964445424798,-9.187995445198498,-8.028326177658087
2020-10-30,0.0002599392203068004,Fold4_2020_COVID,0.0001098255503827897,-9.116617356662315,-8.255062722327525
2020-11-02,0.0002311547147020455,Fold4_2020_COVID,0.0001242354541875796,-8.993331968753477,-8.372423311017108
2020-11-03,0.00020299093227308282,Fold4_2020_COVID,0.00030632245517138657,-8.090872235773208,-8.502349248525661
2020-11-04,0.00022187254918887124,Fold4_2020_COVID,0.0004885432359044957,-7.6240825829169365,-8.413407443704912
2020-11-05,0.0002691711932662332,Fold4_2020_COVID,0.0003730725275127747,-7.8937377134882105,-8.220162974588805
2020-11-06,0.0002833005526561187,Fold4_2020_COVID,5.218398522014345e-08,-16.768490185678484,-8.169002200349196
2020-11-09,0.0001908533555579969,Fold4_2020_COVID,0.00015593121009971006,-8.76609560886588,-8.564005196753135
2020-11-10,0.0001822246439117841,Fold4_2020_COVID,2.1532234293696254e-06,-13.048544569132842,-8.610270324810767
2020-11-11,0.000132799954852847,Fold4_2020_COVID,5.477573118694586e-05,-9.812263323654527,-8.9266666608855
2020-11-12,0.00011557328446726463,Fold4_2020_COVID,9.503332909939499e-05,-9.261282895265898,-9.065605731658817
2020-11-13,0.00012341425840424488,Fold4_2020_COVID,0.00018905493378882553,-8.573472930169272,-8.99996390694229
2020-11-16,0.00013912516645622918,Fold4_2020_COVID,0.00015388676284856578,-8.77929353219897,-8.880136551918397
2020-11-17,0.00014391720119466734,Fold4_2020_COVID,2.9081207764233967e-05,-10.445418373691187,-8.846272415463096
2020-11-18,0.00012389934600341845,Fold4_2020_COVID,0.0001466016917855972,-8.82779122843099,-8.996041047765882
2020-11-19,0.00014197833143969686,Fold4_2020_COVID,1.7651945546627972e-05,-10.944664551389062,-8.859836107501984
2020-11-20,0.00010892457397479249,Fold4_2020_COVID,4.721700211027753e-05,-9.960756516033529,-9.124854897147738
2020-11-23,0.00010516953117041292,Fold4_2020_COVID,3.571947180725945e-05,-10.239814589096115,-9.159936927268527
2020-11-24,9.038443285170047e-05,Fold4_2020_COVID,0.0002555306570909394,-8.27216816690433,-9.311438508362691
2020-11-25,0.00012504188631137176,Fold4_2020_COVID,2.381213394433604e-06,-12.947900370605891,-8.98686178630128
2020-11-27,9.555701977223636e-05,Fold4_2020_COVID,7.735504986963939e-06,-11.769689790102092,-9.255787422972517
2020-11-30,7.27156639270373e-05,Fold4_2020_COVID,1.968436470755441e-05,-10.835685907010138,-9.528953736838742
2020-12-01,6.884819169123834e-05,Fold4_2020_COVID,0.00011832480469631605,-9.042077132743229,-9.58360659760456
2020-12-02,8.236983002748434e-05,Fold4_2020_COVID,4.416293424954771e-06,-12.330209805328527,-9.404291328537777
2020-12-03,6.17298363081639e-05,Fold4_2020_COVID,7.427522842220674e-08,-16.415488340244586,-9.692743173300785
2020-12-04,4.832757917769957e-05,Fold4_2020_COVID,7.362687820104547e-05,-9.516500405947172,-9.937508162794872
2020-12-07,5.682000115193021e-05,Fold4_2020_COVID,4.230786151018017e-06,-12.373122730869806,-9.77562216126491
2020-12-08,4.96695925247429e-05,Fold4_2020_COVID,8.535920509744359e-06,-11.671227356362404,-9.910117632527893
2020-12-09,4.1125959272312785e-05,Fold4_2020_COVID,8.116419684104857e-05,-9.41903633363577,-10.098871023380257
2020-12-10,6.026491273921206e-05,Fold4_2020_COVID,1.0697411257162271e-07,-16.05067897033933,-9.716760501876363
2020-12-11,4.747930626996558e-05,Fold4_2020_COVID,1.3763418541633525e-06,-13.496081408783667,-9.955216599324377
2020-12-14,4.048240667332092e-05,Fold4_2020_COVID,2.013579563398512e-05,-10.813011449468366,-10.114643081360033
2020-12-15,4.405584497052702e-05,Fold4_2020_COVID,0.00018033081118057294,-8.620717553943377,-10.030052524928776
2020-12-16,7.274280563453467e-05,Fold4_2020_COVID,2.4583864331582506e-06,-12.916005344710996,-9.528580548424287
2020-12-17,5.374435109154832e-05,Fold4_2020_COVID,3.109776300829581e-05,-10.378374670359804,-9.831271992450665
2020-12-18,5.142420720455999e-05,Fold4_2020_COVID,1.6006845057376704e-05,-11.042494111125658,-9.87540153908157
2020-12-21,5.128452930581244e-05,Fold4_2020_COVID,1.2830387811488146e-05,-11.263694152865405,-9.878121424255939
2020-12-22,4.9910854566570585e-05,Fold4_2020_COVID,2.8454479832692468e-06,-12.769790039418503,-9.905272052478054
2020-12-23,4.3597286339505264e-05,Fold4_2020_COVID,8.074532911155482e-07,-14.029380627342372,-10.040515649465874
2020-12-24,3.295761686751361e-05,Fold4_2020_COVID,1.5073250476257692e-05,-11.102588876728825,-10.32028815931394
2020-12-28,3.100302532966455e-05,Fold4_2020_COVID,7.317353268736693e-05,-9.522676777690316,-10.381425766961346
2020-12-29,4.209957514174328e-05,Fold4_2020_COVID,3.646579776670921e-06,-12.521720877160742,-10.075472908971912
2020-12-30,3.834200499085664e-05,Fold4_2020_COVID,2.0327220212208128e-06,-13.106134765957217,-10.168964526699593
2020-12-31,2.969334174505509e-05,Fold4_2020_COVID,2.5686331060370803e-05,-10.569551572908871,-10.424587720956714
2021-01-04,3.118909553667631e-05,Fold5_2021,0.00018789430994248715,-8.579630934374386,-10.375442026268512
2021-01-05,7.324326938939584e-05,Fold5_2021,4.711228958824485e-05,-9.962976665536582,-9.521724199757825
2021-01-06,7.032928912426816e-05,Fold5_2021,3.552716034582028e-05,-10.245213073843587,-9.562322215412363
2021-01-07,6.512614806227101e-05,Fold5_2021,0.000217508480764163,-8.433272716176564,-9.639184429450793
2021-01-08,9.709420943627899e-05,Fold5_2021,3.2279384602966025e-05,-10.341081779088553,-9.239828819499005
2021-01-11,8.358227183743443e-05,Fold5_2021,4.57461531833412e-05,-9.99240285320219,-9.389679119722215
2021-01-12,8.564393790572804e-05,Fold5_2021,4.4568359815956266e-08,-16.926241650845565,-9.365312113215301
2021-01-13,6.34851135208014e-05,Fold5_2021,7.231941167011738e-06,-11.837003069999891,-9.664705112292564
2021-01-14,5.0499182042921074e-05,Fold5_2021,1.2305156571430158e-05,-11.305492149990085,-9.893553418984014
2021-01-15,4.9074037858003385e-05,Fold5_2021,5.357492772713857e-05,-9.834429365609022,-9.922180423536409
2021-01-19,6.0320535896374204e-05,Fold5_2021,6.11743772867871e-05,-9.701782127898019,-9.715837950080328
2021-01-20,6.375858631578432e-05,Fold5_2021,0.00018889232970606878,-8.574333389331144,-9.660406695688838
2021-01-21,9.082802203237941e-05,Fold5_2021,8.302115635380078e-07,-14.001585272807265,-9.306542707276725
2021-01-22,6.492276059395786e-05,Fold5_2021,1.2571262547758372e-05,-11.284097099056899,-9.642312293209672
2021-01-25,6.0117511083858896e-05,Fold5_2021,1.5490840739843093e-05,-11.075261628711237,-9.719209393073879
2021-01-26,5.149534230499978e-05,Fold5_2021,2.440289040727107e-06,-12.923394066360526,-9.874019195064204
2021-01-27,4.446414199343139e-05,Fold5_2021,0.000612267543218002,-7.39834120885855,-10.020827491522136
2021-01-28,0.00016690851657095318,Fold5_2021,7.3334381399058e-05,-9.520481008576812,-8.69806470061183
2021-01-29,0.00014493780572090486,Fold5_2021,0.00040895552375532965,-7.8019041517090155,-8.839205833621522
2021-02-01,0.00020956359238293653,Fold5_2021,0.0002725275317529587,-8.20777091500875,-8.47048332106815
2021-02-02,0.00021984475912854395,Fold5_2021,0.00019715472526367245,-8.53152173006749,-8.422588901018027
2021-02-03,0.00021200564914491314,Fold5_2021,6.179382330912946e-07,-14.296877330937916,-8.458897636737317
2021-02-04,0.00014321860882826758,Fold5_2021,0.00012772261341261392,-8.965649728280264,-8.851138361962418
2021-02-05,0.00014131811973640051,Fold5_2021,1.5432206231311366e-05,-11.079053918575637,-8.864497040568915
2021-02-08,0.00010800607935165984,Fold5_2021,5.1782067214080527e-05,-9.86846666141576,-9.133323042131147
2021-02-09,9.732959295919683e-05,Fold5_2021,4.4366241008909357e-07,-14.628201901354629,-9.237407473603898
2021-02-10,7.421240566426149e-05,Fold5_2021,1.8971237193898072e-07,-15.477756743687262,-9.508579229525283
2021-02-11,5.762898317719167e-05,Fold5_2021,2.603092612792779e-06,-12.85881035333284,-9.761484936655537
2021-02-12,4.3710274326283064e-05,Fold5_2021,2.4283081787062966e-05,-10.625730672847995,-10.037927373055599
2021-02-16,4.191805139972251e-05,Fold5_2021,7.508306680648872e-07,-14.102085685885426,-10.079794002817138
2021-02-17,3.56948036564222e-05,Fold5_2021,5.271808190077232e-08,-16.758307330176315,-10.240505435615475
2021-02-18,2.8753341531443084e-05,Fold5_2021,1.8192749865765606e-05,-10.914487402271426,-10.456756570294141
2021-02-19,3.379637299861788e-05,Fold5_2021,3.124067384038161e-06,-12.676374756424913,-10.295157068966386
2021-02-22,3.167252350317154e-05,Fold5_2021,5.962272091245996e-05,-9.727473833176711,-10.360061019401758
2021-02-23,4.6921253082448295e-05,Fold5_2021,1.4736859120844635e-06,-13.427743872327435,-9.967039827748572
2021-02-24,3.541122942090022e-05,Fold5_2021,0.00012009658302434943,-9.027214280370924,-10.248481572847007
2021-02-25,5.442780429016092e-05,Fold5_2021,0.0005949051902837919,-7.4271085091761115,-9.818635426398705
2021-02-26,0.00017391928484742597,Fold5_2021,2.668731602579723e-05,-10.531322160646134,-8.656919246562651
2021-03-01,0.00014289485249956822,Fold5_2021,0.0005736508007636073,-7.463489707810383,-8.853401495373763
2021-03-02,0.00022257870947939442,Fold5_2021,6.136872616820199e-05,-9.698610198366566,-8.410229768443736
2021-03-03,0.00018950279140233643,Fold5_2021,0.0001778043261928088,-8.634826903387408,-8.571106803194946
2021-03-04,0.0001981385384664336,Fold5_2021,0.00015504869334380354,-8.771771339774812,-8.526544082713711
2021-03-05,0.00019896194584030855,Fold5_2021,0.00033231039313242364,-8.009441106738853,-8.522396978459106
2021-03-08,0.00022343448415596413,Fold5_2021,2.491177150318684e-05,-10.60017011507322,-8.406392322650836
2021-03-09,0.0001753909375994059,Fold5_2021,0.0002009774921034316,-8.512317635760297,-8.648493146411116
2021-03-10,0.00018036548758702296,Fold5_2021,3.850372351522648e-05,-10.164755606665892,-8.620525279131158
2021-03-11,0.00014273317731615054,Fold5_2021,0.00010176723128921527,-9.192822398699784,-8.854533563545004
2021-03-12,0.00013479304146686154,Fold5_2021,1.812157382594521e-06,-13.220992498378736,-8.911769981984202
2021-03-15,9.352560159797454e-05,Fold5_2021,3.5352715166935766e-05,-10.25013536045429,-9.277275345267732
2021-03-16,8.185452878635707e-05,Fold5_2021,1.5930586206301051e-06,-13.34985472882447,-9.410566925361888
2021-03-17,6.495758233193642e-05,Fold5_2021,1.1586234704744413e-05,-11.365692827878556,-9.641776080599996
2021-03-18,5.3262927855101304e-05,Fold5_2021,0.00021480716985028782,-8.445769816695353,-9.840270006218594
2021-03-19,9.859410856213047e-05,Fold5_2021,3.4295357394566927e-06,-12.583085658875538,-9.224499049032012
2021-03-22,7.859723488593612e-05,Fold5_2021,6.325117609818376e-05,-9.668396836091832,-9.451174038716172
2021-03-23,7.847252514732821e-05,Fold5_2021,6.243849816722058e-05,-9.681328515021095,-9.452761992562758
2021-03-24,8.63379530875935e-05,Fold5_2021,2.5976420558854055e-05,-10.55832133300937,-9.357241275697385
2021-03-25,8.130498956604021e-05,Fold5_2021,3.147180930605477e-05,-10.366418355497888,-9.417303171017693
2021-03-26,7.211487197093573e-05,Fold5_2021,0.00025557095008914955,-8.272010495718296,-9.537250266276203
2021-03-29,0.00010986312314938495,Fold5_2021,2.554015880330629e-07,-15.180428675540119,-9.116275302005082
2021-03-30,8.175913824961086e-05,Fold5_2021,7.056633490693876e-06,-11.861542462862669,-9.411732971564293
2021-03-31,6.952129851141515e-05,Fold5_2021,1.6363990783291367e-05,-11.02042732112807,-9.573877398939123
2021-04-01,5.8648384386492544e-05,Fold5_2021,0.00011536723727226024,-9.067390149985458,-9.743950529936576
2021-04-05,7.356035058469304e-05,Fold5_2021,0.00020309719942368136,-8.501825878622778,-9.517404392270329
2021-04-06,0.00010184255521456496,Fold5_2021,3.4891707820628806e-07,-14.868431541237708,-9.192082513549082
2021-04-07,7.672036163100038e-05,Fold5_2021,1.3373642836074626e-06,-13.524809833524726,-9.475343413753167
2021-04-08,5.5461086468603514e-05,Fold5_2021,2.2428489886084477e-05,-10.705178537330173,-9.79982892783864
2021-04-09,5.037140602455659e-05,Fold5_2021,5.2473148425308865e-05,-9.855208977771788,-9.896086884668238
2021-04-12,5.4069492988953114e-05,Fold5_2021,1.3279160721404612e-07,-15.83448480059061,-9.825240431552494
2021-04-13,4.1495360068991924e-05,Fold5_2021,8.757503370276528e-06,-11.64559969703025,-10.08992894254479
2021-04-14,3.5383635374291215e-05,Fold5_2021,1.1703719219058256e-05,-11.355603884703541,-10.249261122270154
2021-04-15,3.707634596865509e-05,Fold5_2021,0.00011417695128119821,-9.077761108772568,-10.202531366657103
2021-04-16,5.506012140337581e-05,Fold5_2021,1.1134028370858145e-05,-11.405504520078116,-9.807084853323515
2021-04-19,4.619891565686273e-05,Fold5_2021,2.4257698937611165e-05,-10.62677650900417,-9.982554230782696
2021-04-20,5.008553146568488e-05,Fold5_2021,5.400037638470288e-05,-9.8265195413372,-9.901778384682315
2021-04-21,6.145920134486952e-05,Fold5_2021,8.869094253084988e-05,-9.330352787381848,-9.697136996060499
2021-04-22,7.05711891317232e-05,Fold5_2021,8.418418793923925e-05,-9.382503446046558,-9.55888858270774
2021-04-23,8.547112801105263e-05,Fold5_2021,0.00011630214583560539,-9.05931904774482,-9.367331923130923
2021-04-26,9.513756731456067e-05,Fold5_2021,4.348430544731665e-06,-12.34569557228017,-9.260186636820778
2021-04-27,7.029616128986744e-05,Fold5_2021,4.647477396916266e-08,-16.884356166843734,-9.5627933653346
2021-04-28,5.420995341013441e-05,Fold5_2021,8.264839311027629e-08,-16.308670454970297,-9.822646024125445
2021-04-29,4.3187766155168244e-05,Fold5_2021,4.035542248018021e-05,-10.11778478615142,-10.049953293672898
2021-04-30,4.559211441850073e-05,Fold5_2021,4.345659507191145e-05,-10.04374793245668,-9.995775785816793
2021-05-03,5.504704893211435e-05,Fold5_2021,4.641680239980438e-06,-12.280434136590543,-9.807322303278555
2021-05-04,4.3189293794571566e-05,Fold5_2021,3.829318907287266e-05,-10.170238508586971,-10.04991792225821
2021-05-05,5.167027404389533e-05,Fold5_2021,9.757738679596276e-08,-16.14262006303657,-9.870627911946029
2021-05-06,3.995157298488074e-05,Fold5_2021,6.32640503752639e-05,-9.668193314705775,-10.127842512687803
2021-05-07,4.789239283316317e-05,Fold5_2021,5.2588316603489274e-05,-9.85301658069681,-9.946553879663504
2021-05-10,5.209233653074723e-05,Fold5_2021,9.903601269744835e-05,-9.220027009355302,-9.862492711564334
2021-05-11,7.349748062017618e-05,Fold5_2021,8.037065211024198e-05,-9.428861471921103,-9.518259429609477
2021-05-12,8.684818988230402e-05,Fold5_2021,0.00046113806810429346,-7.681813062835454,-9.351348907379167
2021-05-13,0.0001731628594498149,Fold5_2021,0.00014258797228960032,-8.855551399336614,-8.661278022187643
2021-05-14,0.0001658730219215407,Fold5_2021,0.00023221705797832765,-8.367838028959751,-8.70428799049806
2021-05-17,0.00017932709560617067,Fold5_2021,6.491927658431655e-06,-11.944951051560759,-8.626299069940757
2021-05-18,0.00013495240464633335,Fold5_2021,7.487234981112356e-05,-9.499725896998164,-8.910588399864398
2021-05-19,0.0001322020709464829,Fold5_2021,6.8919508171483655e-06,-11.885156375547448,-8.931178965416112
2021-05-20,0.00010412086062531796,Fold5_2021,0.00011450335853425614,-9.07490640322325,-9.169958212165982
2021-05-21,0.00010909268234885234,Fold5_2021,6.71424771275864e-07,-14.213863858121496,-9.123312740254182
2021-05-24,8.212465897704676e-05,Fold5_2021,0.00010287763949824789,-9.18197024196206,-9.407272233654615
2021-05-25,8.979652320284359e-05,Fold5_2021,4.932600791469003e-06,-12.219644165103524,-9.317964300523203
2021-05-26,7.364380690133427e-05,Fold5_2021,3.929243315290721e-06,-12.447063691259926,-9.516270506828393
2021-05-27,5.543249731285366e-05,Fold5_2021,2.7561087284376505e-07,-15.10427584704749,-9.800344542095269
2021-05-28,4.1911365638917166e-05,Fold5_2021,3.193156538480421e-06,-12.654500619914888,-10.079953511520781
2021-06-01,3.2945072112750284e-05,Fold5_2021,7.765094163419113e-07,-14.068457067783532,-10.320668864717891
2021-06-02,2.900097524106302e-05,Fold5_2021,2.4691112665944932e-06,-12.911652283167278,-10.448181099541069
2021-06-03,2.3246530422608323e-05,Fold5_2021,1.382358316434632e-05,-11.189134499399264,-10.66935466620181
2021-06-04,2.7895063547771415e-05,Fold5_2021,8.288727875691556e-05,-9.398028960470068,-10.487060818563215
2021-06-07,4.156392540235081e-05,Fold5_2021,9.421796116741872e-07,-13.875069909978293,-10.088277944741368
2021-06-08,3.565451384545119e-05,Fold5_2021,4.545240660910973e-08,-16.906600067029277,-10.241634803538366
2021-06-09,2.8731258697594826e-05,Fold5_2021,2.229557545712706e-06,-13.013707402172416,-10.457524874669454
2021-06-10,2.7162088975317272e-05,Fold5_2021,2.1507429074241082e-05,-10.747112144178486,-10.513688344560007
2021-06-11,2.8280704789928625e-05,Fold5_2021,2.7263009667035997e-06,-12.812564824803447,-10.47333079539607
2021-06-14,2.291246397238784e-05,Fold5_2021,5.001425818555957e-06,-12.205787522470425,-10.683829517199563
2021-06-15,1.9974101921806707e-05,Fold5_2021,3.3698855493600543e-06,-12.600631775790939,-10.821074027432473
2021-06-16,2.090246654096005e-05,Fold5_2021,3.1349702679483015e-05,-10.370305774838355,-10.775643389643008
2021-06-17,3.089404243146811e-05,Fold5_2021,1.0995402549574202e-07,-16.023203508558165,-10.384947194219798
2021-06-18,2.632729757211981e-05,Fold5_2021,0.00018447905327329138,-8.597974633323068,-10.544904226559133
2021-06-21,6.977722568873209e-05,Fold5_2021,0.0002020522100047414,-8.506984428589481,-9.570202880967754
2021-06-22,9.94203445758624e-05,Fold5_2021,2.84314089196339e-05,-10.468016076032502,-9.216153791443139
2021-06-23,8.349469696866962e-05,Fold5_2021,1.4551130329707274e-06,-13.440426974467677,-9.39072743748152
2021-06-24,6.578874031033601e-05,Fold5_2021,3.4791023509156264e-05,-10.266151149596602,-9.629061854179392
2021-06-25,6.149550819925989e-05,Fold5_2021,1.2571496234563639e-05,-11.28407851026103,-9.696546423229572
2021-06-28,5.124672031790686e-05,Fold5_2021,4.05589402669195e-06,-12.415339419558155,-9.878858935790387
2021-06-29,4.0034521970133996e-05,Fold5_2021,2.8933154720806487e-07,-15.05569258421724,-10.125768426809852
2021-06-30,3.1149054658123435e-05,Fold5_2021,7.07913604112919e-07,-14.160943778787821,-10.376726661245145
2021-07-01,2.4243733872563405e-05,Fold5_2021,3.0487193444564117e-05,-10.398203849591637,-10.627352370978736
2021-07-02,2.8005838125206634e-05,Fold5_2021,5.798214468541048e-05,-9.755375445065015,-10.483097565051441
2021-07-06,3.691070180933346e-05,Fold5_2021,3.3251487654316754e-06,-12.613996143374116,-10.207009027032868
2021-07-07,3.42305883461665e-05,Fold5_2021,1.2445330507967222e-05,-11.294165065007027,-10.282390917542825
2021-07-08,3.12091166644845e-05,Fold5_2021,6.693412062287334e-05,-9.61180169659006,-10.374800305046413
2021-07-09,4.877611153211696e-05,Fold5_2021,0.00011275154380256733,-9.090323887412987,-9.928269882742606
2021-07-12,6.510738661336178e-05,Fold5_2021,1.2782985383758999e-05,-11.267395538191465,-9.639472549543452
2021-07-13,5.3796847765111866e-05,Fold5_2021,1.1661306256194842e-05,-11.359234354483512,-9.830295684239642
2021-07-14,5.132955342941247e-05,Fold5_2021,2.223168532679262e-06,-13.01657711268483,-9.877243881421872
2021-07-15,3.882344995777201e-05,Fold5_2021,1.1704288259087224e-05,-11.355555265441128,-10.15648611354435
2021-07-16,3.983445084850876e-05,Fold5_2021,6.200834687142806e-05,-9.688241555022062,-10.130778420880068
2021-07-19,5.5011351863385026e-05,Fold5_2021,0.0002213543115260023,-8.41574592065641,-9.807970996512749
2021-07-20,0.00010176339582120995,Fold5_2021,0.00020245900219367574,-8.504973150217966,-9.192860088044727
2021-07-21,0.00012484866464283257,Fold5_2021,6.50223315597697e-05,-9.64077978461471,-8.988408236987862
2021-07-22,0.00011219137110470838,Fold5_2021,4.3763482909986285e-06,-12.339295904832959,-9.095304474208273
2021-07-23,8.096456152196271e-05,Fold5_2021,0.00010475925691341032,-9.163845631578154,-9.421499011102702
2021-07-26,8.925836877157524e-05,Fold5_2021,6.011578774266111e-06,-12.021823152688814,-9.323975373951704
2021-07-27,6.70413916719703e-05,Fold5_2021,2.0867745926592024e-05,-10.777305848142191,-9.610200343175801
2021-07-28,6.498150435969965e-05,Fold5_2021,1.6818743529360908e-07,-15.598186793187066,-9.641407876872503
2021-07-29,5.0787695068319714e-05,Fold5_2021,1.7131093664061576e-05,-10.974615402712274,-9.887856455785155
2021-07-30,4.508085455021082e-05,Fold5_2021,2.3701403601217757e-05,-10.649976287896767,-10.00705291266778
2021-08-02,4.905985709418453e-05,Fold5_2021,4.4098245513533715e-06,-12.331675653570546,-9.922469432016596
2021-08-03,4.400557209591336e-05,Fold5_2021,6.564973580123032e-05,-9.631176981576495,-10.03119429352051
2021-08-04,5.1863892648198896e-05,Fold5_2021,2.4313849021982136e-05,-10.62446445135961,-9.866887719964945
2021-08-05,5.4589941611137296e-05,Fold5_2021,3.984929760018416e-05,-10.130405778976638,-9.815660911760165
2021-08-06,5.4347018414383184e-05,Fold5_2021,2.7262944892761076e-06,-12.81256720070958,-9.820120804882855
2021-08-09,4.1231455757800984e-05,Fold5_2021,6.623568939170579e-07,-14.227461311601177,-10.096309103651445
2021-08-10,3.5003461262106734e-05,Fold5_2021,1.5454332518909472e-06,-13.380206264989559,-10.26006360816142
2021-08-11,2.690076133180383e-05,Fold5_2021,6.1594760471854715e-06,-11.997518841311507,-10.523355969459443
2021-08-12,2.3420041692603572e-05,Fold5_2021,8.955269926319875e-06,-11.623268380379926,-10.661918419582642
2021-08-13,2.1742779832741052e-05,Fold5_2021,3.3047797817608854e-06,-12.62014071872302,-10.736228817254123
2021-08-16,1.8291476120437145e-05,Fold5_2021,5.532489426853836e-06,-12.104872676120396,-10.909075392397249
2021-08-17,1.6551944759814256e-05,Fold5_2021,4.325536215789336e-05,-10.04838935174201,-11.009006954898867
2021-08-18,3.0219930683341933e-05,Fold5_2021,0.00012111864725351945,-9.018739936984142,-10.40700889485686
2021-08-19,6.005233017131688e-05,Fold5_2021,2.393577844126856e-06,-12.942721305506362,-9.72029420633906
2021-08-20,4.477521289283736e-05,Fold5_2021,6.281484466673811e-05,-9.675319132379881,-10.013855855303232
2021-08-23,5.1947135123866065e-05,Fold5_2021,7.670381453409434e-05,-9.4755591176583,-9.865283988737252
2021-08-24,6.0627815214996685e-05,Fold5_2021,2.516336815857004e-06,-12.892706358508306,-9.710756773248741
2021-08-25,4.530795656286966e-05,Fold5_2021,4.3930839171262345e-06,-12.335479090688652,-10.002027899334008
2021-08-26,3.5994203914429085e-05,Fold5_2021,3.5054523853190766e-05,-10.258605884247661,-10.232152634847408
2021-08-27,4.501397654277967e-05,Fold5_2021,7.923281466756712e-05,-9.443120018342768,-10.008537526577445
2021-08-30,5.5479801450234034e-05,Fold5_2021,1.9255286862801743e-05,-10.857724892714286,-9.799491541286953
2021-08-31,4.9201925858940105e-05,Fold5_2021,2.1981798927733473e-06,-13.027880861485942,-9.919577791757705
2021-09-01,4.24427088710737e-05,Fold5_2021,2.821660839186409e-07,-15.080769989305221,-10.067355418002043
2021-09-02,3.281574271074497e-05,Fold5_2021,9.43597645086752e-06,-11.570980892090938,-10.324602197025024
2021-09-03,2.912570010443782e-05,Fold5_2021,5.884066223191017e-08,-16.64843268648538,-10.443889608446703
2021-09-07,2.4847652307319892e-05,Fold5_2021,1.2830821978536593e-05,-11.26366031447259,-10.60274728443917
2021-09-08,2.8930691877375808e-05,Fold5_2021,1.4863988916242639e-06,-13.419154214565086,-10.450607523694424
2021-09-09,2.6706581252635902e-05,Fold5_2021,1.8397000916391424e-05,-10.903322900308625,-10.530600534068691
2021-09-10,3.2308119670867816e-05,Fold5_2021,6.266049194093214e-05,-9.67777942151458,-10.340191976328072
2021-09-13,4.871731912661035e-05,Fold5_2021,6.533660652016649e-06,-11.938543181852399,-9.929475962213523
2021-09-14,3.947923933946461e-05,Fold5_2021,2.9282677254754368e-05,-10.43851443675495,-10.139735610568783
2021-09-15,4.615744646430835e-05,Fold5_2021,6.918604036309893e-05,-9.578711444547604,-9.98345225652535
2021-09-16,5.438674844167498e-05,Fold5_2021,2.515963845170548e-06,-12.89285458919334,-9.819390028598566
2021-09-17,4.640111182152418e-05,Fold5_2021,9.582131354775153e-05,-9.253025418110756,-9.97818713734836
2021-09-20,6.827873508734035e-05,Fold5_2021,0.00028273761650909494,-8.17099124053512,-9.591912185585432
2021-09-21,0.00012525149996579752,Fold5_2021,8.933740052667768e-07,-13.928260524862294,-8.985186842296178
2021-09-22,9.228899024354016e-05,Fold5_2021,9.42376591917744e-05,-9.269690677166446,-9.290585705872008
2021-09-23,9.562480150078788e-05,Fold5_2021,0.00014584997794731274,-8.832932012851701,-9.255078341628483
2021-09-24,0.00010897427767626591,Fold5_2021,2.7086705434483273e-06,-12.819052617816952,-9.124398688205297
2021-09-27,7.730196199869388e-05,Fold5_2021,8.207984617000062e-06,-11.710403143684783,-9.467791221079889
2021-09-28,6.659945996887193e-05,Fold5_2021,0.0004144271711009881,-7.7886133018398045,-9.616814089026303
2021-09-29,0.00014869620251641792,Fold5_2021,2.827261893148292e-06,-12.776201843590226,-8.813605242709817
2021-09-30,0.00010277260976708964,Fold5_2021,0.00015123005646010032,-8.796708327862408,-9.182991682399553
2021-10-01,0.0001260800525358226,Fold5_2021,0.00013957537222334608,-8.876905799937473,-8.978593515168381
2021-10-04,0.0001306613295043866,Fold5_2021,0.000168483164086954,-8.688674729561733,-8.942901853305822
2021-10-05,0.00015134894066949858,Fold5_2021,0.00010715057264729586,-9.141275491707164,-8.79592252173149
2021-10-06,0.00014162711975782493,Fold5_2021,1.7200991467481528e-05,-10.970543532347959,-8.862312871329527
2021-10-07,0.00010763055763241989,Fold5_2021,7.410864709372072e-05,-9.50997833754855,-9.136805957688575
2021-10-08,0.00010227373762483556,Fold5_2021,3.3327376383173437e-06,-12.611716478113403,-9.18785763717453
2021-10-11,8.044484764880061e-05,Fold5_2021,5.279359092482633e-05,-9.849120758619193,-9.427938730718491
2021-10-12,8.505498801319928e-05,Fold5_2021,6.074980032952471e-06,-12.011331855499858,-9.372212592832733
2021-10-13,7.075902966274269e-05,Fold5_2021,1.289696018650863e-05,-11.25851891882186,-9.556230401842708
2021-10-14,5.786114495814979e-05,Fold5_2021,0.0002782495900624347,-8.18699204108038,-9.75746447018916
2021-10-15,0.00010227209953539485,Fold5_2021,5.7562087018044716e-05,-9.762646418470995,-9.1878736540191
2021-10-18,9.420500523694313e-05,Fold5_2021,8.738152815342223e-06,-11.647811738993056,-9.270037243643387
2021-10-19,7.203558969397626e-05,Fold5_2021,5.906148765316281e-05,-9.73693149312112,-9.53835025976964
2021-10-20,7.230502672732308e-05,Fold5_2021,1.5368651915411495e-05,-11.083180713082047,-9.534616905250632
2021-10-21,5.996754188930379e-05,Fold5_2021,6.784972160120335e-06,-11.90080036783688,-9.721707110630035
2021-10-22,4.758817117355926e-05,Fold5_2021,1.0751457083360617e-06,-13.743054362931524,-9.952926332366482
2021-10-25,4.00991567257186e-05,Fold5_2021,2.860565813475507e-05,-10.461906022826055,-10.124155253156694
2021-10-26,4.0317399083717645e-05,Fold5_2021,8.096333741087738e-07,-14.026684316302411,-10.118727443134059
2021-10-27,3.05413861946119e-05,Fold5_2021,1.9713735006073358e-05,-10.834194956727098,-10.396427869727372
2021-10-28,3.5935648886036944e-05,Fold5_2021,9.220686541116874e-05,-9.291475968013714,-10.233780749991455
2021-10-29,5.032077042580543e-05,Fold5_2021,4.109677707391019e-06,-12.402165949224063,-9.89709263516057
2021-11-01,3.938571059073216e-05,Fold5_2021,2.9533690514439033e-06,-12.732563987920164,-10.142107482805129
2021-11-02,3.1010596013931815e-05,Fold5_2021,1.6281571515790143e-05,-11.025476671594705,-10.381181604980773
2021-11-03,2.990906967154573e-05,Fold5_2021,3.704810046189773e-05,-10.203293477120916,-10.417348790067425
2021-11-04,3.4137551526195735e-05,Fold5_2021,2.2102864246962068e-05,-10.719803353903496,-10.285112561793325
2021-11-05,3.3924745010417875e-05,Fold5_2021,1.1997458329668433e-05,-11.330815736471267,-10.291365868545196
2021-11-08,3.079022829063933e-05,Fold5_2021,7.279682421976682e-07,-14.133008413056103,-10.388313181614322
2021-11-09,2.3960454047529288e-05,Fold5_2021,1.0961401193418541e-05,-11.421130438501192,-10.639105834665807
2021-11-10,2.753487253028548e-05,Fold5_2021,6.524382960656263e-05,-9.637379081649726,-10.500057264630964
2021-11-11,4.509664382669715e-05,Fold5_2021,1.0462274558703707e-07,-16.072904855924126,-10.006702730484156
2021-11-12,3.512554513684074e-05,Fold5_2021,5.6525512027461464e-05,-9.780818481416475,-10.25658191052074
2021-11-15,4.2605849375487014e-05,Fold5_2021,1.1732554555696567e-07,-15.958313325313258,-10.063519004831274
2021-11-16,3.335930978471791e-05,Fold5_2021,1.5602498271611956e-05,-11.068079510914572,-10.308173670594305
2021-11-17,3.1518147730601154e-05,Fold5_2021,5.914727891372011e-06,-12.038065064741382,-10.364947059593415
2021-11-18,3.149766065085222e-05,Fold5_2021,1.1495122664731302e-05,-11.373587728668067,-10.365597279942783
2021-11-19,2.8816298449671223e-05,Fold5_2021,3.203178617799374e-06,-12.651366923110222,-10.454569412502437
2021-11-22,2.7880930797175068e-05,Fold5_2021,7.948158868018883e-06,-11.742570245047332,-10.487567586790828
2021-11-23,2.9510921781764173e-05,Fold5_2021,1.7559573306608833e-06,-13.252496362214641,-10.430750133246363
2021-11-24,2.318477291547908e-05,Fold5_2021,7.109863909688147e-06,-11.854027455023147,-10.672014834627342
2021-11-26,2.0971737926106985e-05,Fold5_2021,0.0005087634605285492,-7.583527363516103,-10.772334839703086
2021-11-29,0.00014341536488338887,Fold5_2021,0.00014864541002632334,-8.813946886720922,-8.84976548851356
2021-11-30,0.0001448418253771766,Fold5_2021,0.0003861030739334757,-7.859406193230113,-8.839868270431689
2021-12-01,0.00020503605984160397,Fold5_2021,0.0001247538063695559,-8.98916831181772,-8.492324692628388
2021-12-02,0.000194185677102375,Fold5_2021,0.0002310518443495635,-8.372868438210421,-8.546695758161796
2021-12-03,0.0001984971513240528,Fold5_2021,7.637777133903562e-05,-9.479818855186014,-8.524735808952334
2021-12-06,0.0001763638218416572,Fold5_2021,0.00013861854387873978,-8.883784685939217,-8.642961527026324
2021-12-07,0.00016638866719039362,Fold5_2021,0.00041917491842428836,-7.777222258750577,-8.701184137723434
2021-12-08,0.0002119443985404751,Fold5_2021,6.993676739690343e-06,-11.87050414005234,-8.45918658872682
2021-12-09,0.00014673891845915646,Fold5_2021,4.589129270402589e-05,-9.989235160330713,-8.826855615162474
2021-12-10,0.00013095023717329054,Fold5_2021,8.778586519583667e-05,-9.340610058941165,-8.940693175837772
2021-12-13,0.00012236763404800265,Fold5_2021,7.917250111027908e-05,-9.443881527638165,-9.008480650565616
2021-12-14,0.00012331731857318458,Fold5_2021,4.7661663705349716e-05,-9.951383179111298,-9.00074969883189
2021-12-15,0.00011494798645787756,Fold5_2021,0.00024038080284483564,-8.333286213546566,-9.071030823586383
2021-12-16,0.00014114041146339132,Fold5_2021,7.845846341067569e-05,-9.452941201740236,-8.865755337110368
2021-12-17,0.0001367691293698298,Fold5_2021,0.00011449014641793924,-9.075021796158385,-8.897216240742681
2021-12-20,0.00014277489056840732,Fold5_2021,0.00011428409452540326,-9.076823152354818,-8.854241359875505
2021-12-21,0.0001471248601049448,Fold5_2021,0.00030987011728862425,-8.079357324768564,-8.824228943242774
2021-12-22,0.00017824850709558988,Fold5_2021,9.898481713441749e-05,-9.220544081869493,-8.632331874045251
2021-12-23,0.0001583030641434389,Fold5_2021,3.847603217206105e-05,-10.165475051515063,-8.7509992347047
2021-12-27,0.00012739674919829024,Fold5_2021,0.0001974805483274193,-8.529870467954927,-8.9682043316487
2021-12-28,0.00014272898678845315,Fold5_2021,6.681409326768419e-07,-14.218766708601155,-8.854562923146553
2021-12-29,0.00010387844314773281,Fold5_2021,1.6345442490225576e-06,-13.324146539247355,-9.172289158308093
2021-12-30,7.350766283668816e-05,Fold5_2021,7.664791911319557e-06,-11.778873193912522,-9.51812090089832
2021-12-31,6.370228234058534e-05,Fold5_2021,6.366651076613018e-06,-11.964436960282324,-9.661290166505486
2022-01-03,5.589601922975866e-05,Fold6_2022_2023,3.33285865658943e-05,-10.309095073807736,-9.792017392686729
2022-01-04,5.381207066816259e-05,Fold6_2022_2023,1.1213327447633127e-07,-16.00357772239995,-9.830012754100135
2022-01-05,4.290951960270967e-05,Fold6_2022_2023,0.0003759276355422081,-7.886113891761265,-10.056416854485882
2022-01-06,0.00011890442462622058,Fold6_2022_2023,8.833112810235154e-07,-13.93958817182492,-9.037190541955546
2022-01-07,8.906724520446689e-05,Fold6_2022_2023,1.56931449444048e-05,-11.062286568704579,-9.326118909431855
2022-01-10,7.899737969104953e-05,Fold6_2022_2023,1.5503350214049814e-06,-13.377039507546694,-9.446095874515066
2022-01-11,6.320579954267861e-05,Fold6_2022_2023,8.221328050398265e-05,-9.406193705643295,-9.669114496105804
2022-01-12,7.059346815593937e-05,Fold6_2022_2023,7.288602480238899e-06,-11.829198733992138,-9.558572936782914
2022-01-13,5.582566501487062e-05,Fold6_2022_2023,0.00019249856155229388,-8.55542187671997,-9.793276847816921
2022-01-14,9.42888016757688e-05,Fold6_2022_2023,1.6727208741051064e-07,-15.603644084412318,-9.26914812748919
2022-01-18,6.875583900950648e-05,Fold6_2022_2023,0.0003192845565467211,-8.049427826006658,-9.584948893976664
2022-01-19,0.00012849532237684108,Fold6_2022_2023,0.00010894254734993965,-9.124689903227786,-8.959618056028205
2022-01-20,0.00013523819491420956,Fold6_2022_2023,0.00012387294128070764,-8.996254184780518,-8.908472927491026
2022-01-21,0.00014374960220842167,Fold6_2022_2023,0.0003930707175251366,-7.8415210194707266,-8.847437645536406
2022-01-24,0.00020301504611749027,Fold6_2022_2023,1.7959798217379112e-05,-10.927374730265857,-8.502230462863778
2022-01-25,0.00014887385168743387,Fold6_2022_2023,0.0001509041763478104,-8.798865516312283,-8.812411243585164
2022-01-26,0.00016004858892124284,Fold6_2022_2023,6.308987563064935e-06,-11.973535343878078,-8.740033108074348
2022-01-27,0.00012223098724857402,Fold6_2022_2023,2.4505179620621508e-05,-10.616626049671599,-9.009597965233377
2022-01-28,0.00010624646238642503,Fold6_2022_2023,0.0006018184196228969,-7.415554786687882,-9.149749045900633
2022-01-31,0.0001925699276777752,Fold6_2022_2023,0.0003186532388752403,-8.051407071889583,-8.555051209535849
2022-02-01,0.00021380400796518814,Fold6_2022_2023,4.534836581932745e-05,-10.001136416907363,-8.450450813219815
2022-02-02,0.00016745717268926784,Fold6_2022_2023,9.345584893679265e-05,-9.278021437077566,-8.694782924829454
2022-02-03,0.0001500360608708863,Fold6_2022_2023,0.0005657617616913381,-7.477337484110672,-8.804634886954954
2022-02-04,0.00023762344655128657,Fold6_2022_2023,2.2007735080884137e-05,-10.724116571815207,-8.344823294573002
2022-02-07,0.00017341269233198692,Fold6_2022_2023,1.0332335035461444e-05,-11.480232256285706,-8.65983629945699
2022-02-08,0.00013419484878049006,Fold6_2022_2023,6.714604929547365e-05,-9.608640470747059,-8.916217718809527
2022-02-09,0.00011996914261443852,Fold6_2022_2023,0.000211120036507625,-8.463083692845647,-9.02827599312932
2022-02-10,0.00013950443189562764,Fold6_2022_2023,0.0003286645815234024,-8.020472836299156,-8.877414187346375
2022-02-11,0.00018788905111051039,Fold6_2022_2023,0.0003966360996837713,-7.832491323116798,-8.579658923011042
2022-02-14,0.00023792540837182425,Fold6_2022_2023,1.0722705195936465e-05,-11.443147083789409,-8.34355334361846
2022-02-15,0.00017640068921875895,Fold6_2022_2023,0.00025594108432169165,-8.270563279339232,-8.642752507263394
2022-02-16,0.0001904913549723987,Fold6_2022_2023,1.2547229704424976e-06,-13.588595750430606,-8.565903745149571
2022-02-17,0.0001287426849693473,Fold6_2022_2023,0.00046625655154813015,-7.670774535527213,-8.957694835806565
2022-02-18,0.00020353587439548383,Fold6_2022_2023,4.2195514909591695e-05,-10.073196624333844,-8.499668281662649
2022-02-22,0.00016948601716772516,Fold6_2022_2023,0.00011641720278114137,-9.058330243370843,-8.682740129132327
2022-02-23,0.00016742488549305055,Fold6_2022_2023,0.00032033318508935266,-8.046148900442574,-8.69497575209821
2022-02-24,0.00020809993078117834,Fold6_2022_2023,0.00022311164445217542,-8.407838264018833,-8.477492157187623
2022-02-25,0.00020752491761245935,Fold6_2022_2023,0.00047629283027689553,-7.649477703227095,-8.480259140623811
2022-02-28,0.0002523024401452611,Fold6_2022_2023,6.562963719715504e-06,-11.93406827049109,-8.284882030761729
2022-03-01,0.00018256060291222623,Fold6_2022_2023,0.00023554619765628362,-8.353603495354442,-8.608428369313092
2022-03-02,0.00020333309496734224,Fold6_2022_2023,0.0003323041599310807,-8.009459864081178,-8.500665061757473
2022-03-03,0.00022451947454220562,Fold6_2022_2023,2.490934840708156e-05,-10.600267386917432,-8.401548108253758
2022-03-04,0.00017626226623515656,Fold6_2022_2023,6.655231058644561e-05,-9.617522294169957,-8.6435375230331
2022-03-07,0.0001588587758489828,Fold6_2022_2023,0.0008953440507201065,-7.018302499345222,-8.747494952637004
2022-03-08,0.0002986471642448771,Fold6_2022_2023,5.792194341501198e-05,-9.756414257013736,-8.11624773407672
2022-03-09,0.00023914481589691242,Fold6_2022_2023,0.0007000099435103265,-7.264416018007007,-8.33844126527588
2022-03-10,0.00031273071367349833,Fold6_2022_2023,2.0483432280298742e-05,-10.795894180023444,-8.070168077430012
2022-03-11,0.00023133647102385426,Fold6_2022_2023,0.00016375042414681714,-8.717167093242697,-8.37163732271387
2022-03-14,0.00022359249611534149,Fold6_2022_2023,5.3804079646796484e-05,-9.830161263805369,-8.405685376659065
2022-03-15,0.00018765960514576825,Fold6_2022_2023,0.00047316019367427554,-7.656076550965925,-8.580880847198326
2022-03-16,0.00023684532779272164,Fold6_2022_2023,0.00048100697804441506,-7.639628780594897,-8.348103255228931
2022-03-17,0.0002754851949771512,Fold6_2022_2023,0.00015458758713097736,-8.774749715260922,-8.196976669555205
2022-03-18,0.00024034053072802126,Fold6_2022_2023,0.00011866166743287875,-9.039234245042396,-8.33345376224514
2022-03-21,0.00020749899729563605,Fold6_2022_2023,8.55108113593302e-08,-16.274623020350518,-8.480384050615385
2022-03-22,0.00014465421075071655,Fold6_2022_2023,0.00013533834584782248,-8.907732649432148,-8.841164417040364
2022-03-23,0.00014362278070577156,Fold6_2022_2023,0.00016801759765678296,-8.691441836089657,-8.848320273919809
2022-03-24,0.00016019713424092529,Fold6_2022_2023,0.00022385504768804114,-8.404511824109862,-8.739105412123443
2022-03-25,0.00017270362875977901,Fold6_2022_2023,2.373575596034007e-05,-10.648527956443333,-8.66393356110547
2022-03-28,0.00013285286473233235,Fold6_2022_2023,5.023655921002334e-05,-9.898767525211314,-8.92626832233018
2022-03-29,0.00011473852340112906,Fold6_2022_2023,0.0001511640316124854,-8.797145008679053,-9.072854727958862
2022-03-30,0.00012439426960566156,Fold6_2022_2023,3.836430882383436e-05,-10.168382988296896,-8.992054442983356
2022-03-31,0.00011328608933679176,Fold6_2022_2023,0.00024058678792563372,-8.332429668958762,-9.08559417472497
2022-04-01,0.00015076857414501703,Fold6_2022_2023,8.008456584303597e-06,-11.73501250155478,-8.799764518371333
2022-04-04,0.00011047392291982306,Fold6_2022_2023,7.276332902730882e-05,-9.52829845182461,-9.110731056532693
2022-04-05,0.00010457380848694042,Fold6_2022_2023,0.000161591256211033,-8.730440520946143,-9.165617434562357
2022-04-06,0.00012841342164080072,Fold6_2022_2023,0.00010099602541540839,-9.200429394220027,-8.960255642258506
2022-04-07,0.0001335679538575284,Fold6_2022_2023,2.5264661198354447e-05,-10.58610392923098,-8.920900191970125
2022-04-08,0.00010721221537427041,Fold6_2022_2023,7.169698118218342e-06,-11.845647007695419,-9.14070036643246
2022-04-11,8.774615347150068e-05,Fold6_2022_2023,0.0002972212516431068,-8.121033741475546,-9.341062531661697
2022-04-12,0.00013985493267907708,Fold6_2022_2023,1.3778479206770156e-05,-11.192402660822534,-8.874904867725755
2022-04-13,0.00011420166725812665,Fold6_2022_2023,0.00012969538016142232,-8.950322086694749,-9.077544661390734
2022-04-14,0.0001197743944305242,Fold6_2022_2023,0.00015699910679891973,-8.759270441811005,-9.029900631099965
2022-04-18,0.00013930365420366462,Fold6_2022_2023,1.689586520418814e-07,-15.593611814432158,-8.878854444904746
2022-04-19,9.875802962393916e-05,Fold6_2022_2023,0.0002564425468609102,-8.268605907289052,-9.222837844841251
2022-04-20,0.00013048724637573713,Fold6_2022_2023,5.502962435428218e-07,-14.412809079102757,-8.944235064898862
2022-04-21,9.69882074986933e-05,Fold6_2022_2023,0.00022699965424309202,-8.390562063642216,-9.240921159029806
2022-04-22,0.00013464333873202585,Fold6_2022_2023,0.0007740993176142691,-7.163810375275414,-8.912881210914236
2022-04-25,0.0002589518120698047,Fold6_2022_2023,3.3416749234665927e-05,-10.306453309585937,-8.258868567359427
2022-04-26,0.00019353663785853017,Fold6_2022_2023,0.0008636724422990276,-7.054316978752965,-8.550043720479408
2022-04-27,0.00032109398549669103,Fold6_2022_2023,7.88427911122119e-06,-11.750639767065387,-8.043776687979483
2022-04-28,0.0002178728860691089,Fold6_2022_2023,0.0006222866876096244,-7.382109658856993,-8.431598756665208
2022-04-29,0.00028453697199448376,Fold6_2022_2023,0.0014179694891660328,-6.558529367911849,-8.164647358554804
2022-05-02,0.0004813811834828856,Fold6_2022_2023,3.60177985150324e-05,-10.231497338489811,-7.63885112045258
2022-05-03,0.0003334833393354005,Fold6_2022_2023,2.091748025883427e-05,-10.774925372540254,-8.00591765087178
2022-05-04,0.00023463036884067333,Fold6_2022_2023,0.0008999075345681258,-7.013218539286763,-8.35749918067402
2022-05-05,0.0003417227353007855,Fold6_2022_2023,0.00130970244995931,-6.637955305004332,-7.98151086520398
2022-05-06,0.0005088673426496193,Fold6_2022_2023,3.584325988521452e-05,-10.236355017375137,-7.583323198860107
2022-05-09,0.0003637149672787549,Fold6_2022_2023,0.00105892298715174,-6.850502937243575,-7.919140054003251
2022-05-10,0.00048579730756863267,Fold6_2022_2023,5.327213539913299e-06,-12.14268224449658,-7.629719083674565
2022-05-11,0.0003147572040526966,Fold6_2022_2023,0.0002564443409875858,-8.268598911100543,-8.06370899712797
2022-05-12,0.00030514355081722545,Fold6_2022_2023,1.0907258141138783e-06,-13.728667198817796,-8.09472823366466
2022-05-13,0.00020942381478531783,Fold6_2022_2023,0.0005582149461087778,-7.4907664616763014,-8.471150537315763
2022-05-16,0.0002692441542182646,Fold6_2022_2023,1.6529983785616912e-05,-11.01033462703824,-8.21989195351625
2022-05-17,0.00020209267733730822,Fold6_2022_2023,0.00041458836759378014,-7.788224415293535,-8.506784167079466
2022-05-18,0.00023947576947229798,Fold6_2022_2023,0.0016930224392605908,-6.381239921778047,-8.33705831753711
2022-05-19,0.0004915677670641066,Fold6_2022_2023,3.7743226894274556e-05,-10.184704518386155,-7.6179107498262075
2022-05-20,0.0003558266186029928,Fold6_2022_2023,1.9043086976608444e-07,-15.473976596606583,-7.941066972144207
2022-05-23,0.00023413346988291557,Fold6_2022_2023,0.0003436250109183464,-7.975959579704848,-8.35961922109874
2022-05-24,0.0002514246542536812,Fold6_2022_2023,5.871918767208078e-05,-9.742744007676034,-8.288367198781613
2022-05-25,0.00020970381033155928,Fold6_2022_2023,7.736931785328999e-05,-9.466920266124085,-8.469814449827778
2022-05-26,0.00017674570250912465,Fold6_2022_2023,0.0003914196382440483,-7.845730329902153,-8.640798567434386
2022-05-27,0.00021623809728826623,Fold6_2022_2023,0.0005881951033760651,-7.4384518566392055,-8.439130455108664
2022-05-31,0.0002792850431546121,Fold6_2022_2023,3.1660700565900306e-05,-10.360434375964047,-8.183277637629972
2022-06-01,0.00021758655481279773,Fold6_2022_2023,6.596009199696453e-05,-9.62646066553515,-8.432913833435606
2022-06-02,0.0001890332959106305,Fold6_2022_2023,0.0003558780062903373,-7.940922564799822,-8.573587389581224
2022-06-03,0.00021957202825765182,Fold6_2022_2023,0.00027383474739162513,-8.202985745230627,-8.423830232317798
2022-06-06,0.00024049167986139243,Fold6_2022_2023,9.243730850395586e-06,-11.591564982116699,-8.33282506418781
2022-06-07,0.0001700868203684447,Fold6_2022_2023,9.113428215794725e-05,-9.303176511007406,-8.67920154323131
2022-06-08,0.00015282205107537334,Fold6_2022_2023,0.00011949912784753624,-9.032201484966318,-8.786236378323514
2022-06-09,0.00015706907179535484,Fold6_2022_2023,0.0005793879949084517,-7.453538192711734,-8.758824901623484
2022-06-10,0.00024631400058798005,Fold6_2022_2023,0.000865787961756793,-7.051870527237866,-8.308903410815562
2022-06-13,0.0003651352039657598,Fold6_2022_2023,0.0014982911487871147,-6.503430054436386,-7.91524285114701
2022-06-14,0.0005597049757921773,Fold6_2022_2023,9.107890862723588e-06,-11.606369392407741,-7.488100742000746
2022-06-15,0.0003773198572711322,Fold6_2022_2023,0.00020038672040134255,-8.51526145641158,-7.882417302452777
2022-06-16,0.00032309048506437945,Fold6_2022_2023,0.0011327293546861286,-6.783125200417479,-8.037578134455163
2022-06-17,0.0004694141734049744,Fold6_2022_2023,4.636690157794565e-06,-12.281509774327143,-7.6640250802759455
2022-06-21,0.00030625369760478967,Fold6_2022_2023,0.000618116959136268,-7.388832864147107,-8.091096722366666
2022-06-22,0.00035394498529873894,Fold6_2022_2023,3.292863841737784e-06,-12.623752903211777,-7.946369065668317
2022-06-23,0.00024516150256612243,Fold6_2022_2023,9.516082057833068e-05,-9.259942249423247,-8.313593370445137
2022-06-24,0.00020640034948443922,Fold6_2022_2023,0.000979622293832806,-6.9283434750472175,-8.485692831119739
2022-06-27,0.00033411389072308115,Fold6_2022_2023,1.4647047142555692e-05,-11.131271803052298,-8.00402863292265
2022-06-28,0.0002441797560413848,Fold6_2022_2023,0.0004261911205743278,-7.7606226724578296,-8.317605898817417
2022-06-29,0.00028923547313766483,Fold6_2022_2023,6.642157966941819e-07,-14.224658745248062,-8.148269415666237
2022-06-30,0.00020030798641155535,Fold6_2022_2023,6.654184194294363e-05,-9.617679606017616,-8.515654443837976
2022-07-01,0.00017759541277783853,Fold6_2022_2023,0.00011069259545178773,-9.10875360890788,-8.63600255669339
2022-07-05,0.00016340658481773805,Fold6_2022_2023,3.5597215574961234e-06,-12.545828230345705,-8.719269077588178
2022-07-06,0.00011604151879155409,Fold6_2022_2023,1.1366476796996859e-05,-11.38484216655895,-9.061562510279368
2022-07-07,8.972525001271465e-05,Fold6_2022_2023,0.00022100678996202236,-8.417317133108432,-9.318758334501332
2022-07-08,0.00011816809753214605,Fold6_2022_2023,6.773995608955745e-07,-14.205004544783241,-9.043402391857807
2022-07-11,8.940006387701937e-05,Fold6_2022_2023,0.00013200072323824144,-8.932703156315327,-9.322389161277014
2022-07-12,0.00011078105980602264,Fold6_2022_2023,7.900262802077063e-05,-9.446029439964853,-9.107954738641919
2022-07-13,0.00011554089644777679,Fold6_2022_2023,2.7725865962308394e-05,-10.493144791227936,-9.065886008875658
2022-07-14,0.00010381322987018589,Fold6_2022_2023,5.911234293788644e-06,-12.038655899995257,-9.172917139957454
2022-07-15,8.497806053147081e-05,Fold6_2022_2023,0.0003581466914074208,-7.934567902954524,-9.373117446184898
2022-07-18,0.00013650434963120598,Fold6_2022_2023,6.874617699775145e-05,-9.58508943026917,-8.89915407841687
2022-07-19,0.00013224053071289184,Fold6_2022_2023,0.0007107970762090861,-7.249123575072814,-8.930888091204176
2022-07-20,0.00023171056464351092,Fold6_2022_2023,4.035920030972505e-05,-10.117691176606655,-8.37002153134828
2022-07-21,0.0001803055567028898,Fold6_2022_2023,0.00010265253539214646,-9.184160715416665,-8.620857609023638
2022-07-22,0.0001634939769015684,Fold6_2022_2023,8.68935750390282e-05,-9.35082646353526,-8.71873440682804
2022-07-25,0.00015721524763605754,Fold6_2022_2023,1.4746386048128203e-06,-13.427097611879471,-8.757894687532577
2022-07-26,0.00010982115251141504,Fold6_2022_2023,0.00014164557127633985,-8.86218259743356,-9.116657401619216
2022-07-27,0.00012922010748284618,Fold6_2022_2023,0.0006571455305555078,-7.3276050563140345,-8.953993348052785
2022-07-28,0.00022058380269693098,Fold6_2022_2023,0.00015536003655502995,-8.76976531812887,-8.419232877698509
2022-07-29,0.00020479457747384533,Fold6_2022_2023,0.00020948879652797945,-8.470840297225454,-8.493503142327938
2022-08-01,0.0002048816501115324,Fold6_2022_2023,8.797019024734027e-06,-11.641097641057218,-8.49307806206633
2022-08-02,0.00015622727918021312,Fold6_2022_2023,4.3812795155310655e-05,-10.035584656409032,-8.76419869316793
2022-08-03,0.00013908342681519766,Fold6_2022_2023,0.00024143602267650402,-8.328906036421609,-8.880436611962223
2022-08-04,0.0001610892638481131,Fold6_2022_2023,4.567775915697326e-07,-14.599069235040492,-8.733551912782254
2022-08-05,0.00011779838269951089,Fold6_2022_2023,2.8611007366706745e-06,-12.764304134215338,-9.046536016047224
2022-08-08,9.229866283154534e-05,Fold6_2022_2023,1.3492895519884591e-06,-13.515932361822493,-9.290480903759267
2022-08-09,7.284774627582829e-05,Fold6_2022_2023,1.5831412019208656e-05,-11.053514489110071,-9.527138962303617
2022-08-10,6.76785168094821e-05,Fold6_2022_2023,0.0004320738245353113,-7.746914094192183,-9.600741757659954
2022-08-11,0.0001330764502820228,Fold6_2022_2023,0.0,,-8.924586780734346
2022-08-12,9.705065396355101e-05,Fold6_2022_2023,0.00028181353470069,-8.17426493019711,-9.240277509953092
2022-08-15,0.0001338633244391771,Fold6_2022_2023,1.6909592368919816e-05,-10.98762950126274,-8.918691245405357
2022-08-16,0.00010508616316252928,Fold6_2022_2023,3.829865226105966e-06,-12.472680944397142,-9.160729942768223
2022-08-17,7.818280163943247e-05,Fold6_2022_2023,5.0742915396255985e-05,-9.88873854789043,-9.456460862485187
2022-08-18,8.297096953969523e-05,Fold6_2022_2023,8.423168004332113e-06,-11.684524552928016,-9.39701977593156
2022-08-19,6.576964699834689e-05,Fold6_2022_2023,0.00018303703564072842,-8.605822045048606,-9.629352117879241
2022-08-22,0.0001005976661752034,Fold6_2022_2023,0.00044279139984378866,-7.722411779532072,-9.204381499621382
2022-08-23,0.00017626616736949138,Fold6_2022_2023,5.8657010880672385e-06,-12.046388545395514,-8.643515390722833
2022-08-24,0.00013504842403068158,Fold6_2022_2023,1.0214890074110403e-05,-11.491664090975263,-8.909877147318495
2022-08-25,0.00010267042352103388,Fold6_2022_2023,0.0001965269393696724,-8.534711040022893,-9.183986471590964
2022-08-26,0.00012396939256424183,Fold6_2022_2023,0.0011857827793139329,-6.737352149216822,-8.995475856987142
2022-08-29,0.0003205847812138394,Fold6_2022_2023,4.401439582854271e-05,-10.030993799635613,-8.045363788616607
2022-08-30,0.00025201498405828755,Fold6_2022_2023,0.00012184512788298885,-9.012759763239128,-8.286022011671799
2022-08-31,0.00023091962792795058,Fold6_2022_2023,5.8340579630111846e-05,-9.749212658193324,-8.373440839032364
2022-09-01,0.00019710850047685666,Fold6_2022_2023,9.813836099000007e-06,-11.531717321169666,-8.531756216999112
2022-09-02,0.00014380332846065442,Fold6_2022_2023,0.00011236548389450969,-9.093753750453317,-8.847063966487244
2022-09-06,0.00014915793815002042,Fold6_2022_2023,1.4289494774952601e-05,-11.15598592179428,-8.810504825824948
2022-09-07,0.000122168004941692,Fold6_2022_2023,0.00031703118463310655,-8.056510414688493,-9.010113370863424
2022-09-08,0.00016062839559282137,Fold6_2022_2023,4.24455835577834e-05,-10.067287689305221,-8.736416962660746
2022-09-09,0.00013338309314512437,Fold6_2022_2023,0.0002376475901503224,-8.344721695286735,-8.922285170557242
2022-09-12,0.00015596945984466663,Fold6_2022_2023,0.00011428104511567674,-9.076849835424087,-8.765850340106725
2022-09-13,0.00014896006750785538,Fold6_2022_2023,0.0019763630652839853,-6.226496959042231,-8.811832291241101
2022-09-14,0.0004725864453754458,Fold6_2022_2023,1.4505041453657236e-05,-11.141014282507555,-7.657289874588821
2022-09-15,0.0003217551261314857,Fold6_2022_2023,0.00013037618960191292,-8.945086520221587,-8.041719779582362
2022-09-16,0.00028298151160136584,Fold6_2022_2023,5.864505924642889e-05,-9.7440072277359,-8.170128992485646
2022-09-19,0.0002337219907416559,Fold6_2022_2023,5.967826009632836e-05,-9.726542756375649,-8.361378222679297
2022-09-20,0.00018997925979130802,Fold6_2022_2023,0.00013329116988782037,-8.922974575375683,-8.56859565075518
2022-09-21,0.0001891706257484256,Fold6_2022_2023,0.00030967320453605525,-8.079992995438436,-8.572861168429268
2022-09-22,0.00022532422565342767,Fold6_2022_2023,7.115690674548253e-05,-9.550623165118154,-8.397970190104083
2022-09-23,0.00019794768758249614,Fold6_2022_2023,0.0002854992035287641,-8.161271318613732,-8.527507766306606
2022-09-26,0.0002275026370320269,Fold6_2022_2023,9.884063616168333e-05,-9.222001740586924,-8.388348728290879
2022-09-27,0.00020766891206986334,Fold6_2022_2023,6.533984128676818e-06,-11.938493673824645,-8.479565515367929
2022-09-28,0.00015726533363644653,Fold6_2022_2023,0.00037968025497296746,-7.87618109373004,-8.757576155936064
2022-09-29,0.00019955147484770972,Fold6_2022_2023,0.00044564343351351655,-7.715991402123016,-8.519438335628841
2022-09-30,0.0002580250490350834,Fold6_2022_2023,0.00024287274985761124,-8.322972914920554,-8.262453888472248
2022-10-03,0.00026443925184087757,Fold6_2022_2023,0.0006790720062929619,-7.294783388468632,-8.237899004723602
2022-10-04,0.0003328868192020601,Fold6_2022_2023,0.0009312236005612196,-6.979011137062964,-8.007708008032997
2022-10-05,0.0004259260390129513,Fold6_2022_2023,5.433273471943748e-06,-12.122968756314025,-7.761244844108629
2022-10-06,0.00029684986952549367,Fold6_2022_2023,0.00010752689932845998,-9.137769515386683,-8.122284036777772
2022-10-07,0.00025934687765406935,Fold6_2022_2023,0.0008003317533582224,-7.130484224559407,-8.257344096359947
2022-10-10,0.0003658179508146444,Fold6_2022_2023,5.8746786865535785e-05,-9.742274098086103,-7.913374750454171
2022-10-11,0.0002900455153152206,Fold6_2022_2023,4.036082935040364e-05,-10.117650813869286,-8.145472697936187
2022-10-12,0.00023155531878265095,Fold6_2022_2023,1.0916086988142721e-05,-11.4252729862838,-8.370691754959497
2022-10-13,0.00017665876430765252,Fold6_2022_2023,0.0006785384377844373,-7.295569429174676,-8.64129057142069
2022-10-14,0.0002630233635099422,Fold6_2022_2023,0.0005314083954849502,-7.539979725958411,-8.24326769509351
2022-10-17,0.0003234203842538057,Fold6_2022_2023,0.00064375307003559,-7.348195337010376,-8.036557581719808
2022-10-18,0.0003729980937767983,Fold6_2022_2023,0.00013644710404372222,-8.899573534606258,-7.8939372488514845
2022-10-19,0.0003081661820919,Fold6_2022_2023,5.057442902487702e-05,-9.892064464645435,-8.084871368250248
2022-10-20,0.0002484096222561922,Fold6_2022_2023,7.090769151816504e-05,-9.554131646273982,-8.300431471714013
2022-10-21,0.00021448038714641778,Fold6_2022_2023,0.0005765186260333104,-7.458502909959542,-8.447292258991492
2022-10-24,0.0002774870500184063,Fold6_2022_2023,0.00014791865975877246,-8.818848031508033,-8.189736292467042
2022-10-25,0.0002452403206568674,Fold6_2022_2023,0.0002509846180247048,-8.290118903480456,-8.31327192754794
2022-10-26,0.0002443974703699094,Fold6_2022_2023,5.719459378868347e-05,-9.769051178229125,-8.31671468108902
2022-10-27,0.0002071390959937891,Fold6_2022_2023,2.86676422162702e-05,-10.459741520157788,-8.482120029041175
2022-10-28,0.0001700291615040485,Fold6_2022_2023,0.0005528163998083309,-7.50048461914853,-8.679540597365909
2022-10-31,0.00023778920255472071,Fold6_2022_2023,5.255645675210897e-05,-9.853622599452446,-8.34412598031154
2022-11-01,0.0002010108699196517,Fold6_2022_2023,1.9232096661481643e-05,-10.858929973548731,-8.512151572165179
2022-11-02,0.00016143418365490727,Fold6_2022_2023,0.0006459928584114578,-7.344722109333403,-8.731413029913675
2022-11-03,0.0002604781462167121,Fold6_2022_2023,0.00010712879903386495,-9.141478718115147,-8.252991591972444
2022-11-04,0.00023434469694004042,Fold6_2022_2023,0.00020421868829989846,-8.496319136833229,-8.358717462654495
2022-11-07,0.00022705149974566624,Fold6_2022_2023,9.063283950825928e-05,-9.308693943612047,-8.39033369508795
2022-11-08,0.00019526128843556448,Fold6_2022_2023,2.8954375362283534e-05,-10.449789230225706,-8.541171955624735
2022-11-09,0.00015334464147853918,Fold6_2022_2023,0.00043335232419385294,-7.743959479080308,-8.782822611095469
2022-11-10,0.00021837937011890833,Fold6_2022_2023,0.0028619608710530784,-5.85624826983055,-8.429276777717579
2022-11-11,0.0006281223559377536,Fold6_2022_2023,9.277439143899743e-05,-9.285339910575667,-7.372775576178026
2022-11-14,0.0004622924610985664,Fold6_2022_2023,7.29866900411456e-05,-9.525233461643175,-7.6793128344823245
2022-11-15,0.0003617311086243944,Fold6_2022_2023,7.213083551658017e-05,-9.537028928033456,-7.924609416001809
2022-11-16,0.00028223366070876163,Fold6_2022_2023,5.864707465105163e-05,-9.743972862181177,-8.172775246038817
2022-11-17,0.00023474255210320592,Fold6_2022_2023,9.390176352309766e-06,-11.5758464840568,-8.357021167309112
2022-11-18,0.00017867193264068737,Fold6_2022_2023,2.0520263952227087e-05,-10.794097674575474,-8.629959212260733
2022-11-21,0.00013838779715898172,Fold6_2022_2023,1.3268849628867804e-05,-11.230091402988485,-8.885450689484585
2022-11-22,0.00011464184879798597,Fold6_2022_2023,0.0001786830564770821,-8.62989695575537,-9.073697647585684
2022-11-23,0.0001309540350052112,Fold6_2022_2023,3.946125533296848e-05,-10.14019124507885,-8.940664174157964
2022-11-25,0.00011208230555124577,Fold6_2022_2023,5.009164020815867e-08,-16.809411704891225,-9.09627708556139
2022-11-28,8.420528114977068e-05,Fold6_2022_2023,0.0002587448903307391,-8.259667961093731,-9.38225291718919
2022-11-29,0.00013033267347144022,Fold6_2022_2023,2.9550471754907148e-06,-12.731995942600578,-8.945420349538809
2022-11-30,0.0001020850895505742,Fold6_2022_2023,0.0009619024238310064,-6.946597542972091,-9.189703881160703
2022-12-01,0.0002422528288519612,Fold6_2022_2023,5.418117820497913e-07,-14.428347161408213,-8.325528629854102
2022-12-02,0.0001735751629279484,Fold6_2022_2023,1.3328469699693168e-06,-13.528193324581185,-8.658899836665153
2022-12-05,0.00012991001511944368,Fold6_2022_2023,0.0003295296319338203,-8.017844278068752,-8.948668538572653
2022-12-06,0.0001809995200195087,Fold6_2022_2023,0.00021081976980319713,-8.464506961049423,-8.617016178527884
2022-12-07,0.00020023494059314556,Fold6_2022_2023,2.8995771946619323e-06,-12.750945626545123,-8.51601917787418
2022-12-08,0.0001501470863369538,Fold6_2022_2023,6.089531429917214e-05,-9.70635432710882,-8.803895168738507
2022-12-09,0.0001326812727670656,Fold6_2022_2023,5.6223542548425545e-05,-9.78617498222587,-8.927560751173928
2022-12-12,0.0001269053456574359,Fold6_2022_2023,0.00020489532108062896,-8.493011338116169,-8.97206905917107
2022-12-13,0.00014538287099363672,Fold6_2022_2023,5.687279095041628e-05,-9.77469352187971,-8.836139805900572
2022-12-14,0.00012808178210014292,Fold6_2022_2023,4.11396122324633e-05,-10.098539099343842,-8.962841575411472
2022-12-15,0.00011883148041104958,Fold6_2022_2023,0.0006133445405028317,-7.396583723637329,-9.037804199513488
2022-12-16,0.0002181126038843465,Fold6_2022_2023,0.0001410487276895401,-8.86640514083671,-8.430499096952131
2022-12-19,0.000213167617134872,Fold6_2022_2023,7.252045059415658e-05,-9.531641958719147,-8.453431766820275
2022-12-20,0.00019123789533783255,Fold6_2022_2023,1.8703384438244073e-06,-13.189391157471412,-8.561992379611876
2022-12-21,0.00013514113658401005,Fold6_2022_2023,0.00022027331897197548,-8.420641423737704,-8.909190869456713
2022-12-22,0.00015470857244919477,Fold6_2022_2023,0.00020646295673097336,-8.485389547945518,-8.773967388544985
2022-12-23,0.00017848315566394243,Fold6_2022_2023,3.289688668174936e-05,-10.322132534404686,-8.631016327225668
2022-12-27,0.00014422139948141798,Fold6_2022_2023,1.5611601593778327e-05,-11.067496228201714,-8.844160942727028
2022-12-28,0.00012070705482287311,Fold6_2022_2023,0.0001563934358046516,-8.763135701292345,-9.02214398233215
2022-12-29,0.0001411098457888927,Fold6_2022_2023,0.0003182684433245893,-8.052615369889859,-8.865971922738426
2022-12-30,0.00017617877146252513,Fold6_2022_2023,6.955624982005855e-06,-11.875959875805714,-8.644011331501822
2023-01-03,0.0001378924315264289,Fold6_2022_2023,1.7799143127548947e-05,-10.936360240726694,-8.88903665845343
2023-01-04,0.00011723799846111122,Fold6_2022_2023,5.91442262685684e-05,-9.73553158399367,-9.051304514417508
2023-01-05,0.00010798823620834525,Fold6_2022_2023,0.00013176448379946594,-8.934494442623306,-9.133488260769507
2023-01-06,0.0001256913664314064,Fold6_2022_2023,0.0005140733770616914,-7.573144545768549,-8.981681128645723
2023-01-09,0.00019377464281078555,Fold6_2022_2023,3.21564361380691e-07,-14.950068122384542,-8.548814709117787
2023-01-10,0.00014148709077968624,Fold6_2022_2023,4.8838098922909295e-05,-9.926999834071708,-8.863302076281771
2023-01-11,0.00012313338978850138,Fold6_2022_2023,0.00015796213084681094,-8.753155231849455,-9.00224232037925
2023-01-12,0.00013368956535878115,Fold6_2022_2023,1.3207944108975833e-05,-11.23469208295929,-8.919990122086944
2023-01-13,0.00010475401275544658,Fold6_2022_2023,1.4992866461339526e-05,-11.107936039225013,-9.163895691967866
2023-01-17,8.50918308071701e-05,Fold6_2022_2023,3.362649622734589e-06,-12.602781316558763,-9.371779522208174
2023-01-18,7.066117542462252e-05,Fold6_2022_2023,0.00025324863232781936,-8.281138815332515,-9.557614281235
2023-01-19,0.00011632666161990361,Fold6_2022_2023,5.338633400311694e-05,-9.837955762295234,-9.059108276046704
2023-01-20,0.00011372196789142683,Fold6_2022_2023,0.000340686230388706,-7.984548649762147,-9.081753966622909
2023-01-23,0.00015675444201724168,Fold6_2022_2023,0.00014225645517203329,-8.857879106922173,-8.760830040624747
2023-01-24,0.00015674878337940682,Fold6_2022_2023,1.153133748747758e-06,-13.673027322756374,-8.76086614001625
2023-01-25,0.00011863510060202136,Fold6_2022_2023,1.4037564840427613e-07,-15.77894380481191,-9.03945815732901
2023-01-26,8.761528646908266e-05,Fold6_2022_2023,0.00011947944086340264,-9.03236624437788,-9.342555072174099
2023-01-27,9.790201528162231e-05,Fold6_2022_2023,5.266288214130763e-06,-12.154184767257815,-9.231543423536285
2023-01-30,7.542297405488307e-05,Fold6_2022_2023,0.0001594173522235837,-8.74398493791196,-9.492398633672563
2023-01-31,0.00010369391164920663,Fold6_2022_2023,0.00021305029886641933,-8.453982275219904,-9.174067155646126
2023-02-01,0.00012761921323361608,Fold6_2022_2023,0.00011176196978504117,-9.099139218036305,-8.96645962445754
2023-02-02,0.00012800790963867495,Fold6_2022_2023,0.00020886223785585156,-8.473835672348748,-8.963418501901682
2023-02-03,0.00014676187541398466,Fold6_2022_2023,0.00011418996980364956,-9.077647094690287,-8.826699179777261
2023-02-06,0.0001526071547294765,Fold6_2022_2023,3.757801180830365e-05,-10.189091470958504,-8.787643554698747
2023-02-07,0.0001359841273029749,Fold6_2022_2023,0.00016883614208030662,-8.68658188687093,-8.902972390047019
2023-02-08,0.00014582946956587435,Fold6_2022_2023,0.00012088983920191838,-9.020630846870223,-8.833072635591131
2023-02-09,0.0001533857177975944,Fold6_2022_2023,7.581405460169337e-05,-9.487226865594655,-8.782554777683753
2023-02-10,0.00014813165160175684,Fold6_2022_2023,5.434158662710133e-06,-12.122805849243178,-8.817409141754776
2023-02-13,0.00011026933838187958,Fold6_2022_2023,0.00013620281015051298,-8.901365531932246,-9.112584654194642
2023-02-14,0.00011925307732489085,Fold6_2022_2023,2.118126733380921e-07,-15.367563569223185,-9.034262622869322
2023-02-15,9.074749268181392e-05,Fold6_2022_2023,1.0511669693112935e-05,-11.463024518603737,-9.307429714051533
2023-02-16,7.316991370035015e-05,Fold6_2022_2023,0.00019222544621063777,-8.556841675755251,-9.522726236509373
2023-02-17,0.00010762408242289376,Fold6_2022_2023,6.2569755940015236e-06,-11.981813621546749,-9.136866120940121
2023-02-21,8.932117450146477e-05,Fold6_2022_2023,0.0004106645272685338,-7.797733912125864,-9.32327198171172
2023-02-22,0.00015817087130419601,Fold6_2022_2023,1.9016296966948155e-06,-13.172799304333886,-8.751834645347566
2023-02-23,0.00012094501231500016,Fold6_2022_2023,2.814347154102163e-05,-10.478195147113041,-9.02017455933604
2023-02-24,0.0001019763296805655,Fold6_2022_2023,0.00011533826880996219,-9.067641279340299,-9.190769833565785
2023-02-27,0.0001171021785600674,Fold6_2022_2023,1.1559976966735873e-05,-11.367961687218925,-9.052463683263229
2023-02-28,9.265119403432941e-05,Fold6_2022_2023,1.371205106773572e-05,-11.197235471806005,-9.286668717735491
2023-03-01,8.236118644780412e-05,Fold6_2022_2023,1.4769457572090009e-05,-11.122949187072344,-9.40439627027702
2023-03-02,7.50439127189307e-05,Fold6_2022_2023,6.001666223212636e-05,-9.720888330425982,-9.497437112848845
2023-03-03,7.583756683549438e-05,Fold6_2022_2023,0.000253146857161971,-8.281540774549494,-9.48691678339749
2023-03-06,0.00011008423692261446,Fold6_2022_2023,4.797110731966302e-07,-14.550081845117926,-9.114264695033983
2023-03-07,8.102685037631283e-05,Fold6_2022_2023,0.00023862386697771464,-8.340622024058646,-9.420729972093904
2023-03-08,0.00012215004733857283,Fold6_2022_2023,2.659686056634888e-06,-12.837302465957496,-9.010260372716
2023-03-09,9.047335473034276e-05,Fold6_2022_2023,0.0003467888616142974,-7.966794431179501,-9.310455173478458
2023-03-10,0.00014837993195793245,Fold6_2022_2023,0.00021125113454947286,-8.462462921093021,-8.8157344657693
2023-03-13,0.00017390639167814251,Fold6_2022_2023,2.0345431931761355e-06,-13.105239239365744,-8.656993382373544
2023-03-14,0.00013205045774471443,Fold6_2022_2023,0.00026879291576058483,-8.221569304719928,-8.932326452777202
2023-03-15,0.00016013845653665802,Fold6_2022_2023,3.936166909212954e-05,-10.142718080883348,-8.739471763578686
2023-03-16,0.00014227934429652603,Fold6_2022_2023,0.00030251759024654514,-8.103371132608643,-8.85771821943747
2023-03-17,0.0001740290063038574,Fold6_2022_2023,0.00013833499532660994,-8.885832312064629,-8.656288569747396
2023-03-20,0.00017914045627258487,Fold6_2022_2023,9.1578824625774e-05,-9.29831048521631,-8.627340387903695
2023-03-21,0.0001623966453413935,Fold6_2022_2023,0.0001701754351694738,-8.678680681445494,-8.725468787214869
2023-03-22,0.00016672070479252385,Fold6_2022_2023,0.0002956181241780504,-8.126442057582894,-8.699190572005833
2023-03-23,0.0002042636079902561,Fold6_2022_2023,7.288766533342086e-06,-11.82917622607551,-8.496099202256154
2023-03-24,0.00015007296422635318,Fold6_2022_2023,4.2778813836173395e-05,-10.059467581759087,-8.804388953960165
2023-03-27,0.0001279089094118495,Fold6_2022_2023,3.489786798442903e-06,-12.565669912887339,-8.96419219260424
2023-03-28,9.519002915583817e-05,Fold6_2022_2023,5.0491964250097366e-06,-12.196281451098983,-9.25963535741013
2023-03-29,7.947406982560074e-05,Fold6_2022_2023,0.0002082282871276806,-8.476875545845669,-9.440079755223309
2023-03-30,0.00010620978623157164,Fold6_2022_2023,3.4084904569164426e-05,-10.286655952943253,-9.150094304328722
2023-03-31,9.313397435176488e-05,Fold6_2022_2023,0.00019589440739991044,-8.537934781660642,-9.28147151702972
2023-04-03,0.00011566533997390291,Fold6_2022_2023,1.4465582012879426e-05,-11.143738384405113,-9.064809536717563
2023-04-04,9.305055652025005e-05,Fold6_2022_2023,3.095511425869703e-05,-10.38297232987739,-9.282367594020712
2023-04-05,8.913731325258422e-05,Fold6_2022_2023,6.872757162668516e-06,-11.88794519852109,-9.325332531660884
2023-04-06,7.63164108143153e-05,Fold6_2022_2023,1.5157608641937304e-05,-11.097007931489527,-9.480622560044417
2023-04-10,6.474986199474906e-05,Fold6_2022_2023,1.0521686844384528e-06,-13.764657110078485,-9.644978988742125
2023-04-11,4.886501878397966e-05,Fold6_2022_2023,7.211485502313588e-08,-16.44500578026953,-9.926448779767949
2023-04-12,3.892190109748634e-05,Fold6_2022_2023,1.668083844358236e-05,-11.001249895895166,-10.153953455552506
2023-04-13,4.147078421443637e-05,Fold6_2022_2023,0.00017411447552004641,-8.65579756978693,-10.090521373481206
2023-04-14,6.713283916528547e-05,Fold6_2022_2023,5.981150651027234e-06,-12.026897591951688,-9.608837227368776
2023-04-17,5.935772319775488e-05,Fold6_2022_2023,1.2827890608240525e-05,-11.263888803746859,-9.731928315673724
2023-04-18,5.127742795418987e-05,Fold6_2022_2023,4.25489726247096e-07,-14.67002503435469,-9.878259903509333
2023-04-19,3.993221531563374e-05,Fold6_2022_2023,2.8582753995474706e-08,-17.370462308153773,-10.128327158447291
2023-04-20,3.3281646484693e-05,Fold6_2022_2023,2.994383039819171e-05,-10.416187251344533,-10.310504469536342
2023-04-21,4.0347003486748845e-05,Fold6_2022_2023,6.029639526896026e-07,-14.321408421957026,-10.11799342903572
2023-04-24,3.171928793242096e-05,Fold6_2022_2023,1.0873977035218138e-06,-13.731723144135097,-10.35858560998614
2023-04-25,2.5095203690902445e-05,Fold6_2022_2023,0.00025604063563770146,-8.270174393121684,-10.59283381809803
2023-04-26,7.354495508919279e-05,Fold6_2022_2023,1.8015763378596368e-05,-10.924263440052151,-9.517613704850673
2023-04-27,6.95686374989079e-05,Fold6_2022_2023,0.00038857874440667816,-7.853014720389593,-9.573196702827262
2023-04-28,0.0001244192684649378,Fold6_2022_2023,7.223182678526573e-05,-9.535629794995174,-8.991853498456349
2023-05-01,0.00011677773059382151,Fold6_2022_2023,1.0207289270915e-06,-13.794993551494239,-9.055238168472727
2023-05-02,9.12666135420484e-05,Fold6_2022_2023,0.00012775350020828512,-8.965407930365117,-9.301725515859486
2023-05-03,0.00011049499573822834,Fold6_2022_2023,4.743909107770741e-05,-9.956063962865864,-9.110540325468822
2023-05-04,0.00010757652010522405,Fold6_2022_2023,5.052534383545231e-05,-9.893035489443864,-9.137308148684331
2023-05-05,0.00010617505254509529,Fold6_2022_2023,0.0003364758899751307,-7.996984060851691,-9.150421386873653
2023-05-08,0.00014846748823028742,Fold6_2022_2023,7.106323402570865e-08,-16.45969573619143,-8.81514455816735
2023-05-09,0.00010900376993621485,Fold6_2022_2023,1.9316823924505265e-05,-10.854534135835484,-9.124128089762454
2023-05-10,9.717898545819651e-05,Fold6_2022_2023,2.1729051750784618e-05,-10.736860402439872,-9.238956068861999
2023-05-11,8.271493628259854e-05,Fold6_2022_2023,3.0465876253329683e-06,-12.701488405047842,-9.400110364230217
2023-05-12,6.91153141009335e-05,Fold6_2022_2023,1.7191032769338818e-06,-13.273707753709237,-9.579734229445194
2023-05-15,5.7852039071316875e-05,Fold6_2022_2023,1.186200117806221e-05,-11.342170445233783,-9.757621857386273
2023-05-16,4.989200843495152e-05,Fold6_2022_2023,4.495633752048578e-05,-10.00981881654024,-9.905649719636617
2023-05-17,5.8163962283441914e-05,Fold6_2022_2023,0.0001455856116878312,-8.834746247910124,-9.752244599765175
2023-05-18,7.727783342723144e-05,Fold6_2022_2023,9.191069942654678e-05,-9.294693110716272,-9.468103403814922
2023-05-19,8.408056135445006e-05,Fold6_2022_2023,2.1206845842088634e-06,-13.063771604327199,-9.3837351549853
2023-05-22,6.92786712631702e-05,Fold6_2022_2023,1.648728615952297e-07,-15.618091195847601,-9.577373473120776
2023-05-23,5.361121697409993e-05,Fold6_2022_2023,0.0001273790522817775,-8.968343253135265,-9.83375223987698
2023-05-24,7.781623393787228e-05,Fold6_2022_2023,5.287161305103681e-05,-9.847643978421845,-9.46116048610639
2023-05-25,8.316276035535995e-05,Fold6_2022_2023,7.435370353324053e-05,-9.5066770741502,-9.39471090221895
2023-05-26,8.535255588358113e-05,Fold6_2022_2023,0.00016557086937628155,-8.706111241050534,-9.368720163260289
2023-05-30,0.0001037705969130572,Fold6_2022_2023,1.4509849417985478e-07,-15.745853054919527,-9.173327894093639
2023-05-31,7.799989938445226e-05,Fold6_2022_2023,3.092065773793096e-05,-10.384086062222567,-9.458803021218435
2023-06-01,7.739486006300473e-05,Fold6_2022_2023,8.941710213243352e-05,-9.322198595059621,-9.466590187028384
2023-06-02,8.368015073022607e-05,Fold6_2022_2023,0.00020614151341553756,-8.486947666694707,-9.388508756379851
2023-06-05,0.00010887660760505068,Fold6_2022_2023,3.679067348301581e-06,-12.512851275865788,-9.125295357297396
2023-06-06,8.869623277997523e-05,Fold6_2022_2023,4.730278267379376e-06,-12.261526526878104,-9.330293141027846
2023-06-07,6.914239439833049e-05,Fold6_2022_2023,1.1995832761689947e-05,-11.330951238347586,-9.579342492911481
2023-06-08,6.391929927792023e-05,Fold6_2022_2023,3.636398429724939e-05,-10.221931715526079,-9.657889219051947
2023-06-09,6.162236375573692e-05,Fold6_2022_2023,3.214034090217272e-06,-12.647983683917007,-9.694485705328031
2023-06-12,4.8693215533636914e-05,Fold6_2022_2023,8.155707372339588e-05,-9.41420749172223,-9.92997084900476
2023-06-13,5.8278842841221065e-05,Fold6_2022_2023,4.31825107149755e-05,-10.050074989246646,-9.750271431995316
2023-06-14,5.871484929559888e-05,Fold6_2022_2023,1.4164420315221425e-06,-13.467362442253343,-9.742817893860924
2023-06-15,4.519945515902908e-05,Fold6_2022_2023,0.00015181909823450026,-8.79282088909491,-10.004425525202521
2023-06-16,6.655772375025932e-05,Fold6_2022_2023,1.1642128293343366e-05,-11.360880289304003,-9.617440960499755
2023-06-20,6.178395223533803e-05,Fold6_2022_2023,2.705687892556973e-05,-10.517569280913982,-9.691866899788733
2023-06-21,6.332229653883266e-05,Fold6_2022_2023,2.6389468358518948e-05,-10.542545553217751,-9.667273054834164
2023-06-22,6.435132121833948e-05,Fold6_2022_2023,1.2982768673209936e-05,-11.251887566413389,-9.651153092379385
2023-06-23,5.523826480129617e-05,Fold6_2022_2023,5.758714738700922e-05,-9.762211150803092,-9.803854641913361
2023-06-26,6.551357025930964e-05,Fold6_2022_2023,1.6762374680808403e-05,-10.996373785547979,-9.633253257250338
2023-06-27,6.294124142051744e-05,Fold6_2022_2023,0.00011889002670543614,-9.037311637470781,-9.673308942650308
2023-06-28,7.683792083144382e-05,Fold6_2022_2023,2.542089129488586e-07,-15.185109416064362,-9.47381227884432
2023-06-29,5.881666891579633e-05,Fold6_2022_2023,1.547444515782648e-05,-11.076320594134838,-9.74108525827144
2023-06-30,5.191066822268758e-05,Fold6_2022_2023,0.00013763159933753968,-8.890930012481318,-9.865986235491988
2023-07-03,7.026875769860075e-05,Fold6_2022_2023,1.3220821614400226e-06,-13.536302669116482,-9.563183271888967
2023-07-05,5.340542522781801e-05,Fold6_2022_2023,2.215031148362781e-06,-13.020244092099784,-9.837598221132097
2023-07-06,4.658999588475333e-05,Fold6_2022_2023,6.18035311756328e-05,-9.691550056368701,-9.974124720464541
2023-07-07,5.892776947560896e-05,Fold6_2022_2023,6.38995835394935e-06,-11.960782806974887,-9.739198110236211
2023-07-10,5.3443966434345924e-05,Fold6_2022_2023,6.3899583539489605e-06,-11.960782806974949,-9.836876809290628
2023-07-11,4.4446789922959964e-05,Fold6_2022_2023,4.0300887473718656e-05,-10.119137067573746,-10.021217816318373
2023-07-12,4.680751973157667e-05,Fold6_2022_2023,6.422224492070662e-05,-9.65316091319157,-9.969466689922863
2023-07-13,5.345004805632441e-05,Fold6_2022_2023,6.24953200631469e-05,-9.68041888301514,-9.8367630214043
2023-07-14,5.8691397924618736e-05,Fold6_2022_2023,3.8807355137735283e-07,-14.76207094988284,-9.743217384890528
2023-07-17,4.848030231589958e-05,Fold6_2022_2023,1.2014132148849384e-05,-11.329426922025517,-9.93435298033364
2023-07-18,4.2828091543672264e-05,Fold6_2022_2023,5.480758329481527e-05,-9.811681992291863,-10.058316326198034
2023-07-19,4.827511864288596e-05,Fold6_2022_2023,4.933894634674052e-06,-12.219381895035665,-9.938594272006192
2023-07-20,3.984976715103546e-05,Fold6_2022_2023,4.430976077089608e-05,-10.024305571754224,-10.130393995880995
2023-07-21,4.9305113217300874e-05,Fold6_2022_2023,0.0,,-9.91748276591853
2023-07-24,4.010857530824705e-05,Fold6_2022_2023,1.9868167959452404e-05,-10.826391706987417,-10.123920398428032
2023-07-25,3.854168274358143e-05,Fold6_2022_2023,7.43264451915916e-06,-11.809628838044,-10.163770233669121
2023-07-26,3.353958007057448e-05,Fold6_2022_2023,2.3608678779350677e-08,-17.561651447628684,-10.302784321904761
2023-07-27,2.797135207001597e-05,Fold6_2022_2023,4.424927288582641e-05,-10.025671618604067,-10.484329711911025
2023-07-28,3.864705338871943e-05,Fold6_2022_2023,9.49229069581964e-05,-9.262445501515927,-10.161040024162633
2023-07-31,5.157663834977334e-05,Fold6_2022_2023,3.6184014369677064e-06,-12.529478221654925,-9.872441733156222
2023-08-01,4.1603283671198044e-05,Fold6_2022_2023,8.212707148877936e-06,-11.70982795086399,-10.087331459408414
2023-08-02,4.065958639961441e-05,Fold6_2022_2023,0.0001962381939987638,-8.536181361079402,-10.110275921984664
2023-08-03,7.73187840609285e-05,Fold6_2022_2023,8.236443452422136e-06,-11.706941927069236,-9.467573629809252
2023-08-04,6.837015769723812e-05,Fold6_2022_2023,2.0548702483728885e-05,-10.792712758493325,-9.59057411951442
2023-08-07,6.646585942027813e-05,Fold6_2022_2023,7.55290762155183e-05,-9.490992860409882,-9.618822134309621
2023-08-08,7.194398027483023e-05,Fold6_2022_2023,1.8994354264199578e-05,-10.871368766943352,-9.539622793526036
2023-08-09,6.87507495624211e-05,Fold6_2022_2023,4.499309148617956e-05,-10.009001602509088,-9.585022918750903
2023-08-10,7.37264014940958e-05,Fold6_2022_2023,1.2879593798208935e-07,-15.865036561179611,-9.51514959368986
2023-08-11,5.704978453594303e-05,Fold6_2022_2023,3.401780837017124e-07,-14.893796580865489,-9.77158625842155
2023-08-14,4.71933663766224e-05,Fold6_2022_2023,3.030339861031944e-05,-10.404250686381937,-9.961257218118009
2023-08-15,4.682681277100655e-05,Fold6_2022_2023,0.00013729382627633552,-8.893387211413728,-9.96905459664068
2023-08-16,7.292028278716546e-05,Fold6_2022_2023,5.424605532819159e-05,-9.821980281031808,-9.52614373011463
2023-08-17,7.93459611634859e-05,Fold6_2022_2023,5.8508617946320954e-05,-9.746336499254575,-9.441693011298144
2023-08-18,8.559636525853757e-05,Fold6_2022_2023,2.3146418276483024e-07,-15.278840693468686,-9.365867737651083
2023-08-21,6.516800857772478e-05,Fold6_2022_2023,4.2059161555182614e-05,-10.076433322382409,-9.638541875433429
2023-08-22,6.396003826131205e-05,Fold6_2022_2023,7.355906579762556e-06,-11.82000695117199,-9.65725207179182
2023-08-23,5.780293952457973e-05,Fold6_2022_2023,0.0001226833140181061,-9.005904205567381,-9.758470926752468
2023-08-24,7.285066052435091e-05,Fold6_2022_2023,0.00019477335581975902,-8.54367395321664,-9.527098958454749
2023-08-25,0.0001059986566451422,Fold6_2022_2023,4.935002502054894e-05,-9.916572285082907,-9.152084137091547
2023-08-28,9.734126253016853e-05,Fold6_2022_2023,3.996050815860695e-05,-10.127618887582923,-9.237287583331096
2023-08-29,8.835770566070944e-05,Fold6_2022_2023,0.0002059583773661278,-8.48783646121061,-9.334117145563084
2023-08-30,0.00011233881606672247,Fold6_2022_2023,1.689463955296542e-05,-10.988514172564496,-9.09399110975545
2023-08-31,9.213267953586405e-05,Fold6_2022_2023,2.144218254332354e-06,-13.052735522207113,-9.292280850973917
2023-09-01,7.534613085385903e-05,Fold6_2022_2023,3.4722965751556137e-06,-12.570694345702535,-9.493417983196784
2023-09-05,5.893615199932927e-05,Fold6_2022_2023,1.876024098038241e-05,-10.883770769032536,-9.739055869529647
2023-09-06,5.837502216536938e-05,Fold6_2022_2023,4.5497289507614525e-05,-9.997857805043026,-9.748622462268743
2023-09-07,6.521424027407126e-05,Fold6_2022_2023,9.454723009122234e-06,-11.568996151986605,-9.637832703767943
2023-09-08,5.976860482178379e-05,Fold6_2022_2023,2.264685889364291e-06,-12.998074488838629,-9.72503003785021
2023-09-11,4.683356917249391e-05,Fold6_2022_2023,4.296925827196727e-05,-10.055025621858414,-9.96891032215965
2023-09-12,4.9299051708160686e-05,Fold6_2022_2023,3.0257335124505117e-05,-10.405771919427071,-9.917605712229214
2023-09-13,5.3843076722670866e-05,Fold6_2022_2023,1.357517814298411e-06,-13.509852662352667,-9.829436728594304
2023-09-14,4.178690996565003e-05,Fold6_2022_2023,7.371459077106863e-05,-9.515309803179377,-10.0829274261945
2023-09-15,5.07523931756148e-05,Fold6_2022_2023,0.0001469316123947401,-8.825543301239264,-9.888551784984445
2023-09-18,7.804292776604983e-05,Fold6_2022_2023,3.436824323072834e-07,-14.883547767846819,-9.458251526689992
2023-09-19,5.956310130472865e-05,Fold6_2022_2023,4.310561303156611e-06,-12.354442429577212,-9.728474281243352
2023-09-20,5.2749574070654795e-05,Fold6_2022_2023,8.529814903989723e-05,-9.369357803117115,-9.849954860130653
2023-09-21,6.870630757859293e-05,Fold6_2022_2023,0.0002777697485530917,-8.188718030070834,-9.585669549579483
2023-09-22,0.00011563912677135833,Fold6_2022_2023,5.067424653815598e-06,-12.192677827242763,-9.065036192112727
2023-09-25,9.46810102641558e-05,Fold6_2022_2023,1.760926511902173e-05,-10.947085367217221,-9.264997103073815
2023-09-26,7.957684467397959e-05,Fold6_2022_2023,0.00021904865581422075,-8.426216680156791,-9.438787403487934
2023-09-27,0.00011578015315416641,Fold6_2022_2023,1.5918893270831487e-07,-15.653174084116479,-9.063817396510988
2023-09-28,8.651434850672298e-05,Fold6_2022_2023,3.341805396704318e-05,-10.3064142660842,-9.355200279092351
2023-09-29,7.843352806151373e-05,Fold6_2022_2023,5.904781285127503e-06,-12.039748147929357,-9.453259068179918
2023-10-02,6.799862456418101e-05,Fold6_2022_2023,1.58242667379861e-07,-15.659136112667941,-9.596023079990074
2023-10-03,5.481633629132749e-05,Fold6_2022_2023,0.00018161635001005916,-8.613614062754777,-9.811522300929543
2023-10-04,8.726254078693835e-05,Fold6_2022_2023,5.264530961797598e-05,-9.85193340943102,-9.346589273262754
2023-10-05,8.3831609387408e-05,Fold6_2022_2023,1.4207447968816974e-07,-15.766914412003473,-9.386700421271332
2023-10-06,6.629735116739489e-05,Fold6_2022_2023,0.00013930840108994304,-8.878820369665082,-9.62136061379689
2023-10-09,8.279574871844058e-05,Fold6_2022_2023,4.072870796737675e-05,-10.108577358698172,-9.399133841871393
2023-10-10,7.750428801888182e-05,Fold6_2022_2023,2.6951047263606013e-05,-10.521488401861273,-9.465177293859686
2023-10-11,6.978720303945545e-05,Fold6_2022_2023,1.6708907776540363e-05,-10.999568580955831,-9.570059902547948
2023-10-12,6.078932078503308e-05,Fold6_2022_2023,3.739368899531074e-05,-10.194008611223452,-9.708096429402548
2023-10-13,6.514306974380316e-05,Fold6_2022_2023,2.493231933212135e-05,-10.599345630976744,-9.638924633899514
2023-10-16,6.523674206871736e-05,Fold6_2022_2023,0.00010954743351191105,-9.119152919747105,-9.637487719093007
2023-10-17,7.694195840910907e-05,Fold6_2022_2023,2.108998810060355e-09,-19.977052499669774,-9.472459207245466
2023-10-18,6.048807185454733e-05,Fold6_2022_2023,0.00017995097543432908,-8.622826102868602,-9.713064371794923
2023-10-19,9.197934560307073e-05,Fold6_2022_2023,7.788749138927391e-05,-9.460245190647315,-9.293946510434548
2023-10-20,0.00010013038268301084,Fold6_2022_2023,0.00015287159801794967,-8.785912217562194,-9.209037394390178
2023-10-23,0.00012177283232388261,Fold6_2022_2023,3.008629515216138e-06,-12.71402589344824,-9.013353279096227
2023-10-24,9.758229987775916e-05,Fold6_2022_2023,5.64137624323279e-05,-9.782797414469433,-9.234814434703285
2023-10-25,9.27316698663702e-05,Fold6_2022_2023,0.00020897852369035542,-8.473279068741787,-9.285800505481104
2023-10-26,0.00012519354409039506,Fold6_2022_2023,0.00014513103476652658,-8.837873535578897,-8.985649665400986
2023-10-27,0.00014095537182430605,Fold6_2022_2023,2.0638806962478116e-05,-10.788337421227041,-8.86706722957092
2023-10-30,0.00012144639429443886,Fold6_2022_2023,0.00014125112111650282,-8.864971250861238,-9.01603759176341
2023-10-31,0.00012863962256821633,Fold6_2022_2023,3.919610319758099e-05,-10.146933224334157,-8.958495686553654
2023-11-01,0.00011174109981754447,Fold6_2022_2023,0.00011253445988735783,-9.092251073113315,-9.0993259713332
2023-11-02,0.00011551859585046227,Fold6_2022_2023,0.0003603602734367347,-7.928406267393625,-9.066079037927718
2023-11-03,0.00015833750643736891,Fold6_2022_2023,8.248065798504874e-05,-9.4029467407771,-8.750781686498527
2023-11-06,0.0001450225176132897,Fold6_2022_2023,5.2802332867023696e-06,-12.151540278134577,-8.83862153371579
2023-11-07,0.00010955046509359994,Fold6_2022_2023,8.076491379255695e-06,-11.726553014979325,-9.119125246440255
2023-11-08,8.636289816349879e-05,Fold6_2022_2023,5.359164737779023e-07,-14.439287520522669,-9.356952393785129
2023-11-09,6.516796977293965e-05,Fold6_2022_2023,6.129574110755589e-05,-9.699800193658271,-9.638542470891194
2023-11-10,7.435771433120465e-05,Fold6_2022_2023,0.00023975969098037164,-8.335873423827353,-9.506623133463968
2023-11-13,0.00010498142011457105,Fold6_2022_2023,9.095196568404577e-07,-13.910349226423044,-9.161727174754278
2023-11-14,8.322023692107088e-05,Fold6_2022_2023,0.0003692180952269436,-7.904123044545988,-9.394020007488864
2023-11-15,0.00013113074924885924,Fold6_2022_2023,4.47272085447588e-06,-12.317513642240316,-8.939315646650494
2023-11-16,9.934887506144835e-05,Fold6_2022_2023,1.4938035577922942e-06,-13.414184967320367,-9.216872912015472
2023-11-17,7.452427049239695e-05,Fold6_2022_2023,1.5452245461059367e-06,-13.38034132088961,-9.504385707211592
2023-11-20,5.701718551712788e-05,Fold6_2022_2023,5.880031817653664e-05,-9.741363291908744,-9.772157835271317
2023-11-21,6.084297632287424e-05,Fold6_2022_2023,4.760020798779661e-06,-12.255258520238966,-9.707214171275433
2023-11-22,5.4056215270974886e-05,Fold6_2022_2023,1.4848783735745379e-05,-11.117592599386635,-9.82548602935266
2023-11-24,4.817005067572876e-05,Fold6_2022_2023,3.783255785047047e-07,-14.787510693253484,-9.940773085304247
2023-11-27,3.807077546289106e-05,Fold6_2022_2023,3.2491100122236127e-06,-12.637129441517038,-10.176063618381706
2023-11-28,3.538290211405608e-05,Fold6_2022_2023,9.793130486051872e-07,-13.836414481887736,-10.24928184563069
2023-11-29,2.797839735238763e-05,Fold6_2022_2023,4.949595255062508e-07,-14.518789844374835,-10.484077868695223
2023-11-30,2.5196583045505827e-05,Fold6_2022_2023,1.544191606965668e-05,-11.078424923291445,-10.588802166072826
2023-12-01,2.530295181732405e-05,Fold6_2022_2023,3.47912285564017e-05,-10.266145255931498,-10.584589496415017
2023-12-04,2.941191153861492e-05,Fold6_2022_2023,2.7701212241669817e-05,-10.494034382491387,-10.434110811297852
2023-12-05,3.6122155345716824e-05,Fold6_2022_2023,3.885669125578312e-08,-17.06338554186708,-10.228604159387453
2023-12-06,3.062389501190012e-05,Fold6_2022_2023,1.6304089420188995e-05,-11.024094596943684,-10.393729970994405
2023-12-07,3.420553841922162e-05,Fold6_2022_2023,5.778096242198093e-05,-9.75885120640203,-10.283122984924415
2023-12-08,4.1357400007546926e-05,Fold6_2022_2023,1.8403330181564568e-05,-10.902978921597201,-10.093259192226807
2023-12-11,3.9205369191652166e-05,Fold6_2022_2023,1.5071360584360448e-05,-11.102714265103943,-10.146696851372479
2023-12-12,3.657601962842406e-05,Fold6_2022_2023,2.0764423976993616e-05,-10.782269421358128,-10.216117733704378
2023-12-13,3.593718681451629e-05,Fold6_2022_2023,0.00018757556587668586,-8.581328775734763,-10.23373795417118
2023-12-14,6.268428459084199e-05,Fold6_2022_2023,1.0266964171229958e-05,-11.486579179355497,-9.677399786226156
2023-12-15,5.3005940891282887e-05,Fold6_2022_2023,2.715213052564613e-06,-12.816640135257684,-9.845106558405668
2023-12-18,4.6688435079959654e-05,Fold6_2022_2023,3.1462793675713893e-05,-10.366704863395782,-9.972014066785388
2023-12-19,4.6647518265327154e-05,Fold6_2022_2023,3.675575311317017e-05,-10.21121579726053,-9.972890831114396
2023-12-20,4.779132204138071e-05,Fold6_2022_2023,0.00019472035168764312,-8.54394612260691,-9.94866648220001
2023-12-21,8.30097570608551e-05,Fold6_2022_2023,8.906359917510246e-05,-9.326159845962277,-9.396552402126657
2023-12-22,8.789760199558596e-05,Fold6_2022_2023,4.030419491610246e-06,-12.421640095211922,-9.339338034696631
2023-12-26,6.832162394393448e-05,Fold6_2022_2023,1.775430673784873e-05,-10.938882438355266,-9.591284239095282
2023-12-27,5.9944250507151265e-05,Fold6_2022_2023,3.2632150404055495e-06,-12.632797639856618,-9.72209558589139
2023-12-28,4.770485223158654e-05,Fold6_2022_2023,1.4267483814749082e-07,-15.762697654938226,-9.950477441310875
2023-12-29,3.8209404405897156e-05,Fold6_2022_2023,8.405238687728606e-06,-11.686655393204884,-10.172428884015142
